Id,city_id,city,temperature_mean,rain_mean,wind_score,score,hotel_name,hotel_link,lat,lon,desc,stars,rating
0,22,Avignon,20.17,0.16,1.29,18.72,Avignon Grand Hotel,https://www.booking.com/hotel/fr/avignongrandhotel.fr.html?aid=304142&label=gen173nr-1FCAQoggJCDnNlYXJjaF9hdmlnbm9uSA1YBGhNiAEBmAENuAEKyAEF2AEB6AEB-AEDiAIBqAIDuAK6gLbBBsACAdICJGU4MmE0YmU0LTEyOGYtNDBjNC05ZjhlLTBkMWEzNjVjNWYxMdgCBeACAQ&ucfs=1&arphpl=1&group_adults=2&req_adults=2&no_rooms=1&group_children=0&req_children=0&hpos=25&hapos=25&sr_order=popularity&srpvid=4650345db1610721&srepoch=1747812411&from=searchresults,43.94254505532995,4.804362058639526,"Doté d'une petite piscine sur le toit, l'Avignon Grand Hotel bénéficie d'un emplacement idéal à proximité directe des remparts médiévaux d'Avignon, à seulement 70 mètres de la gare centrale et à 15...",4.0,8.0
1,22,Avignon,20.17,0.16,1.29,18.72,Apartment 40m2-Air conditioning-Elevator-Underground parking-Self checkin! Appart climatisé 40m2-Ascenseur-Parking souterrain -Arrivée autonome,https://www.booking.com/hotel/fr/appart-parking-arrivee-autonome.fr.html?aid=304142&label=gen173nr-1FCAQoggJCDnNlYXJjaF9hdmlnbm9uSA1YBGhNiAEBmAENuAEKyAEF2AEB6AEB-AEDiAIBqAIDuAK6gLbBBsACAdICJGU4MmE0YmU0LTEyOGYtNDBjNC05ZjhlLTBkMWEzNjVjNWYxMdgCBeACAQ&ucfs=1&arphpl=1&group_adults=2&req_adults=2&no_rooms=1&group_children=0&req_children=0&hpos=24&hapos=24&sr_order=popularity&srpvid=4650345db1610721&srepoch=1747812411&from=searchresults,43.9451879,4.7996263,L’hébergement Apartment 40m2-Air conditioning-Elevator-Underground parking-Self checkin! ,,9.8
2,22,Avignon,20.17,0.16,1.29,18.72,Appart LeNA - Proche Théatres et Place des corps saints - Wi-Fi,https://www.booking.com/hotel/fr/appart-lena-35-m2-cosy-avignon.fr.html?aid=304142&label=gen173nr-1FCAQoggJCDnNlYXJjaF9hdmlnbm9uSA1YBGhNiAEBmAENuAEKyAEF2AEB6AEB-AEDiAIBqAIDuAK6gLbBBsACAdICJGU4MmE0YmU0LTEyOGYtNDBjNC05ZjhlLTBkMWEzNjVjNWYxMdgCBeACAQ&ucfs=1&arphpl=1&group_adults=2&req_adults=2&no_rooms=1&group_children=0&req_children=0&hpos=23&hapos=23&sr_order=popularity&srpvid=4650345db1610721&srepoch=1747812411&from=searchresults,43.9448251,4.8078226,"Doté d’une connexion Wi-Fi gratuite, l’hébergement Appart LeNA - Proche Théatres et Place des corps saints - Wi-Fi se trouve dans le centre de Avignon, à respectivement 500 mètres et 900 mètres de ces...",,9.5
3,22,Avignon,20.17,0.16,1.29,18.72,Hôtel du Palais des Papes,https://www.booking.com/hotel/fr/du-palais-des-papes-avignon.fr.html?aid=304142&label=gen173nr-1FCAQoggJCDnNlYXJjaF9hdmlnbm9uSA1YBGhNiAEBmAENuAEKyAEF2AEB6AEB-AEDiAIBqAIDuAK6gLbBBsACAdICJGU4MmE0YmU0LTEyOGYtNDBjNC05ZjhlLTBkMWEzNjVjNWYxMdgCBeACAQ&ucfs=1&arphpl=1&group_adults=2&req_adults=2&no_rooms=1&group_children=0&req_children=0&hpos=21&hapos=21&sr_order=popularity&srpvid=4650345db1610721&srepoch=1747812411&from=searchresults,43.95034694330067,4.8062074184417725,"L'Hôtel du Palais des Papes est situé à Avignon, en face du Palais des Papes. L’établissement occupe un bâtiment de 3 étages dans une zone entièrement piétonne. ",3.0,7.2
4,22,Avignon,20.17,0.16,1.29,18.72,Maison d'hôtes L'îlot bambou,https://www.booking.com/hotel/fr/l-39-ilot-bambou.fr.html?aid=304142&label=gen173nr-1FCAQoggJCDnNlYXJjaF9hdmlnbm9uSA1YBGhNiAEBmAENuAEKyAEF2AEB6AEB-AEDiAIBqAIDuAK6gLbBBsACAdICJGU4MmE0YmU0LTEyOGYtNDBjNC05ZjhlLTBkMWEzNjVjNWYxMdgCBeACAQ&ucfs=1&arphpl=1&group_adults=2&req_adults=2&no_rooms=1&group_children=0&req_children=0&hpos=22&hapos=22&sr_order=popularity&srpvid=4650345db1610721&srepoch=1747812411&from=searchresults,43.9510898394487,4.79801933009412,Hébergement géré par un particulier,,9.2
5,22,Avignon,20.17,0.16,1.29,18.72,"The Originals Boutique, Hôtel Danieli, Avignon",https://www.booking.com/hotel/fr/hoteldanieli.fr.html?aid=304142&label=gen173nr-1FCAQoggJCDnNlYXJjaF9hdmlnbm9uSA1YBGhNiAEBmAENuAEKyAEF2AEB6AEB-AEDiAIBqAIDuAK6gLbBBsACAdICJGU4MmE0YmU0LTEyOGYtNDBjNC05ZjhlLTBkMWEzNjVjNWYxMdgCBeACAQ&ucfs=1&arphpl=1&group_adults=2&req_adults=2&no_rooms=1&group_children=0&req_children=0&hpos=17&hapos=17&sr_order=popularity&srpvid=4650345db1610721&srepoch=1747812411&from=searchresults,43.94756618978862,4.8060303926467896,"L'The Originals Boutique, Hôtel Danieli, Avignon est situé au cœur de la vieille ville d'Avignon, à 400 mètres du Palais des Papes et à 10 minutes à pied du pont d'Avignon. ",3.0,7.2
6,22,Avignon,20.17,0.16,1.29,18.72,Best Western Plus Le Lavarin,https://www.booking.com/hotel/fr/hotellelavarin.fr.html?aid=304142&label=gen173nr-1FCAQoggJCDnNlYXJjaF9hdmlnbm9uSA1YBGhNiAEBmAENuAEKyAEF2AEB6AEB-AEDiAIBqAIDuAK6gLbBBsACAdICJGU4MmE0YmU0LTEyOGYtNDBjNC05ZjhlLTBkMWEzNjVjNWYxMdgCBeACAQ&ucfs=1&arphpl=1&group_adults=2&req_adults=2&no_rooms=1&group_children=0&req_children=0&hpos=19&hapos=19&sr_order=popularity&srpvid=4650345db1610721&srepoch=1747812411&from_sustainable_property_sr=1&from=searchresults,43.922757658189205,4.804295003414154,"L’hôtel Best Western Plus Le Lavarin est situé à Avignon, à 2,5 km des remparts, du Palais des Papes et du Pont d'Avignon. ",4.0,8.3
7,22,Avignon,20.17,0.16,1.29,18.72,Charme au cœur d'avignon,https://www.booking.com/hotel/fr/charme-au-coeur-d-39-avignon.fr.html?aid=304142&label=gen173nr-1FCAQoggJCDnNlYXJjaF9hdmlnbm9uSA1YBGhNiAEBmAENuAEKyAEF2AEB6AEB-AEDiAIBqAIDuAK6gLbBBsACAdICJGU4MmE0YmU0LTEyOGYtNDBjNC05ZjhlLTBkMWEzNjVjNWYxMdgCBeACAQ&ucfs=1&arphpl=1&group_adults=2&req_adults=2&no_rooms=1&group_children=0&req_children=0&hpos=20&hapos=20&sr_order=popularity&srpvid=4650345db1610721&srepoch=1747812411&from=searchresults,43.947744,4.80797,Hébergement géré par un particulier,,9.7
8,22,Avignon,20.17,0.16,1.29,18.72,Au Roi RENE - AC CLIM - WIFI,https://www.booking.com/hotel/fr/le-roi-rene-avignon-centre-ville-wifi-netflix.fr.html?aid=304142&label=gen173nr-1FCAQoggJCDnNlYXJjaF9hdmlnbm9uSA1YBGhNiAEBmAENuAEKyAEF2AEB6AEB-AEDiAIBqAIDuAK6gLbBBsACAdICJGU4MmE0YmU0LTEyOGYtNDBjNC05ZjhlLTBkMWEzNjVjNWYxMdgCBeACAQ&ucfs=1&arphpl=1&group_adults=2&req_adults=2&no_rooms=1&group_children=0&req_children=0&hpos=16&hapos=16&sr_order=popularity&srpvid=4650345db1610721&srepoch=1747812411&from=searchresults,43.9466748,4.8089156,"Doté d’une connexion Wi-Fi gratuite, l’hébergement Au Roi RENE - AC CLIM - WIFI se trouve dans le centre de Avignon, à respectivement 700 mètres et 800 mètres de ces lieux d’intérêt : Gare...",,8.9
9,22,Avignon,20.17,0.16,1.29,18.72,Duplex ZEN Intra-Muros,https://www.booking.com/hotel/fr/t2-intra-muros.fr.html?aid=304142&label=gen173nr-1FCAQoggJCDnNlYXJjaF9hdmlnbm9uSA1YBGhNiAEBmAENuAEKyAEF2AEB6AEB-AEDiAIBqAIDuAK6gLbBBsACAdICJGU4MmE0YmU0LTEyOGYtNDBjNC05ZjhlLTBkMWEzNjVjNWYxMdgCBeACAQ&ucfs=1&arphpl=1&group_adults=2&req_adults=2&no_rooms=1&group_children=0&req_children=0&hpos=18&hapos=18&sr_order=popularity&srpvid=4650345db1610721&srepoch=1747812411&from=searchresults,43.9449991,4.8090938,Hébergement géré par un particulier,,8.6
10,22,Avignon,20.17,0.16,1.29,18.72,My Pad Provence,https://www.booking.com/hotel/fr/my-pad-provence.fr.html?aid=304142&label=gen173nr-1FCAQoggJCDnNlYXJjaF9hdmlnbm9uSA1YBGhNiAEBmAENuAEKyAEF2AEB6AEB-AEDiAIBqAIDuAK6gLbBBsACAdICJGU4MmE0YmU0LTEyOGYtNDBjNC05ZjhlLTBkMWEzNjVjNWYxMdgCBeACAQ&ucfs=1&arphpl=1&group_adults=2&req_adults=2&no_rooms=1&group_children=0&req_children=0&hpos=15&hapos=15&sr_order=popularity&srpvid=4650345db1610721&srepoch=1747812411&from=searchresults,43.95251425123782,4.815859219734989,"Situé à Avignon, l'établissement My Pad Provence propose des hébergements indépendants dotés d'une connexion Wi-Fi gratuite. Il se trouve à 900 mètres du Palais des Papes et du pont d'Avignon. ",3.0,8.8
11,22,Avignon,20.17,0.16,1.29,18.72,ibis Avignon Centre Gare,https://www.booking.com/hotel/fr/ibis-avignon-centre-gare.fr.html?aid=304142&label=gen173nr-1FCAQoggJCDnNlYXJjaF9hdmlnbm9uSA1YBGhNiAEBmAENuAEKyAEF2AEB6AEB-AEDiAIBqAIDuAK6gLbBBsACAdICJGU4MmE0YmU0LTEyOGYtNDBjNC05ZjhlLTBkMWEzNjVjNWYxMdgCBeACAQ&ucfs=1&arphpl=1&group_adults=2&req_adults=2&no_rooms=1&group_children=0&req_children=0&hpos=14&hapos=14&sr_order=popularity&srpvid=4650345db1610721&srepoch=1747812411&from=searchresults,43.94229069324134,4.807274341733546,"L'ibis Avignon Centre Gare est situé au cœur d'Avignon, à seulement 50 mètres de la gare. ",3.0,7.8
12,22,Avignon,20.17,0.16,1.29,18.72,Les petits poissons,https://www.booking.com/hotel/fr/les-petits-poissons.fr.html?aid=304142&label=gen173nr-1FCAQoggJCDnNlYXJjaF9hdmlnbm9uSA1YBGhNiAEBmAENuAEKyAEF2AEB6AEB-AEDiAIBqAIDuAK6gLbBBsACAdICJGU4MmE0YmU0LTEyOGYtNDBjNC05ZjhlLTBkMWEzNjVjNWYxMdgCBeACAQ&ucfs=1&arphpl=1&group_adults=2&req_adults=2&no_rooms=1&group_children=0&req_children=0&hpos=13&hapos=13&sr_order=popularity&srpvid=4650345db1610721&srepoch=1747812411&from=searchresults,43.936195502875,4.826000747885,Hébergement géré par un particulier,,9.4
13,22,Avignon,20.17,0.16,1.29,18.72,L'Hibiscus Chambre d'Hôte,https://www.booking.com/hotel/fr/l-39-hibiscus.fr.html?aid=304142&label=gen173nr-1FCAQoggJCDnNlYXJjaF9hdmlnbm9uSA1YBGhNiAEBmAENuAEKyAEF2AEB6AEB-AEDiAIBqAIDuAK6gLbBBsACAdICJGU4MmE0YmU0LTEyOGYtNDBjNC05ZjhlLTBkMWEzNjVjNWYxMdgCBeACAQ&ucfs=1&arphpl=1&group_adults=2&req_adults=2&no_rooms=1&group_children=0&req_children=0&hpos=12&hapos=12&sr_order=popularity&srpvid=4650345db1610721&srepoch=1747812411&from=searchresults,43.93518,4.821994,Hébergement géré par un particulier,,9.0
14,22,Avignon,20.17,0.16,1.29,18.72,La Saraillerie - PATIO - CLIM - WIFI,https://www.booking.com/hotel/fr/la-saraillerie-central-clim-wifi.fr.html?aid=304142&label=gen173nr-1FCAQoggJCDnNlYXJjaF9hdmlnbm9uSA1YBGhNiAEBmAENuAEKyAEF2AEB6AEB-AEDiAIBqAIDuAK6gLbBBsACAdICJGU4MmE0YmU0LTEyOGYtNDBjNC05ZjhlLTBkMWEzNjVjNWYxMdgCBeACAQ&ucfs=1&arphpl=1&group_adults=2&req_adults=2&no_rooms=1&group_children=0&req_children=0&hpos=11&hapos=11&sr_order=popularity&srpvid=4650345db1610721&srepoch=1747812411&from=searchresults,43.9471806,4.8072535,"Proposant une terrasse, l’hébergement La Saraillerie - PATIO - CLIM - WIFI bénéficie d’un emplacement de choix dans le centre de Avignon. ",,8.9
15,22,Avignon,20.17,0.16,1.29,18.72,Le Petit Avignon - chambres & appartement à deux pas du Pont d'Avignon et du Palais des Papes,https://www.booking.com/hotel/fr/le-petit-avignon.fr.html?aid=304142&label=gen173nr-1FCAQoggJCDnNlYXJjaF9hdmlnbm9uSA1YBGhNiAEBmAENuAEKyAEF2AEB6AEB-AEDiAIBqAIDuAK6gLbBBsACAdICJGU4MmE0YmU0LTEyOGYtNDBjNC05ZjhlLTBkMWEzNjVjNWYxMdgCBeACAQ&ucfs=1&arphpl=1&group_adults=2&req_adults=2&no_rooms=1&group_children=0&req_children=0&hpos=10&hapos=10&sr_order=popularity&srpvid=4650345db1610721&srepoch=1747812411&from=searchresults,43.950653881879,4.803308596474,"L’établissement Le Petit Avignon - chambres & appartement à deux pas du Pont d'Avignon et du Palais des Papes se situe à Avignon, à 500 mètres du centre et à 500 mètres de ce lieu d’intérêt : Palais...",,9.2
16,22,Avignon,20.17,0.16,1.29,18.72,Hôtel Le Médiéval Palais des Papes,https://www.booking.com/hotel/fr/le-medieval-avignon.fr.html?aid=304142&label=gen173nr-1FCAQoggJCDnNlYXJjaF9hdmlnbm9uSA1YBGhNiAEBmAENuAEKyAEF2AEB6AEB-AEDiAIBqAIDuAK6gLbBBsACAdICJGU4MmE0YmU0LTEyOGYtNDBjNC05ZjhlLTBkMWEzNjVjNWYxMdgCBeACAQ&ucfs=1&arphpl=1&group_adults=2&req_adults=2&no_rooms=1&group_children=0&req_children=0&hpos=9&hapos=9&sr_order=popularity&srpvid=4650345db1610721&srepoch=1747812411&from_sustainable_property_sr=1&from=searchresults,43.94930610704683,4.809345602989197,L'Hôtel Le Médiéval Palais des Papes occupe l'ancien palais d'un cardinal dans le centre historique d'Avignon. ,3.0,7.7
17,22,Avignon,20.17,0.16,1.29,18.72,Hotel de l'île,https://www.booking.com/hotel/fr/de-l-ile-avignon.fr.html?aid=304142&label=gen173nr-1FCAQoggJCDnNlYXJjaF9hdmlnbm9uSA1YBGhNiAEBmAENuAEKyAEF2AEB6AEB-AEDiAIBqAIDuAK6gLbBBsACAdICJGU4MmE0YmU0LTEyOGYtNDBjNC05ZjhlLTBkMWEzNjVjNWYxMdgCBeACAQ&ucfs=1&arphpl=1&group_adults=2&req_adults=2&no_rooms=1&group_children=0&req_children=0&hpos=8&hapos=8&sr_order=popularity&srpvid=4650345db1610721&srepoch=1747812411&from=searchresults,43.9569418,4.802945099999988,"L’établissement Hotel de l'île vous accueille à Avignon, à 1,9 km de ce lieu d’intérêt : Palais des Papes d'Avignon. Il comprend un jardin, une terrasse et un parking privé gratuit. ",2.0,8.1
18,22,Avignon,20.17,0.16,1.29,18.72,Hôtel Central,https://www.booking.com/hotel/fr/central-avignon.fr.html?aid=304142&label=gen173nr-1FCAQoggJCDnNlYXJjaF9hdmlnbm9uSA1YBGhNiAEBmAENuAEKyAEF2AEB6AEB-AEDiAIBqAIDuAK6gLbBBsACAdICJGU4MmE0YmU0LTEyOGYtNDBjNC05ZjhlLTBkMWEzNjVjNWYxMdgCBeACAQ&ucfs=1&arphpl=1&group_adults=2&req_adults=2&no_rooms=1&group_children=0&req_children=0&hpos=6&hapos=6&sr_order=popularity&srpvid=4650345db1610721&srepoch=1747812411&from=searchresults,43.945524956672806,4.805760830640793,"Situé au cœur de la vieille ville d'Avignon, l'Hôtel Central propose des chambres confortables avec une connexion Wi-Fi gratuite. Un jardin et un bar sont disponibles sur place. ",3.0,7.9
19,22,Avignon,20.17,0.16,1.29,18.72,Kyriad Avignon - Palais des Papes,https://www.booking.com/hotel/fr/kyriad-avignon-palais-des-papes-xml.fr.html?aid=304142&label=gen173nr-1FCAQoggJCDnNlYXJjaF9hdmlnbm9uSA1YBGhNiAEBmAENuAEKyAEF2AEB6AEB-AEDiAIBqAIDuAK6gLbBBsACAdICJGU4MmE0YmU0LTEyOGYtNDBjNC05ZjhlLTBkMWEzNjVjNWYxMdgCBeACAQ&ucfs=1&arphpl=1&group_adults=2&req_adults=2&no_rooms=1&group_children=0&req_children=0&hpos=7&hapos=7&sr_order=popularity&srpvid=4650345db1610721&srepoch=1747812411&from=searchresults,43.949637766959796,4.806358963251114,"The Kyriad Palais des Papes welcomes you to the heart of the historic center, on Place de l'Horloge. ",3.0,8.5
20,22,Avignon,20.17,0.16,1.29,18.72,Les Cachettes,https://www.booking.com/hotel/fr/nos-cachettes.fr.html?aid=304142&label=gen173nr-1FCAQoggJCDnNlYXJjaF9hdmlnbm9uSA1YBGhNiAEBmAENuAEKyAEF2AEB6AEB-AEDiAIBqAIDuAK6gLbBBsACAdICJGU4MmE0YmU0LTEyOGYtNDBjNC05ZjhlLTBkMWEzNjVjNWYxMdgCBeACAQ&ucfs=1&arphpl=1&group_adults=2&req_adults=2&no_rooms=1&group_children=0&req_children=0&hpos=5&hapos=5&sr_order=popularity&srpvid=4650345db1610721&srepoch=1747812411&from=searchresults,43.95098993957507,4.810630206151586,"Situé à 300 mètres du Palais des papes, le Les Cachettes dispose d'une connexion Wi-Fi gratuite. Les logements comprennent tous un coin salon et une télévision par satellite à écran plat. ",,8.9
21,22,Avignon,20.17,0.16,1.29,18.72,Hôtel Les Corps Saints,https://www.booking.com/hotel/fr/splendid-avignon.fr.html?aid=304142&label=gen173nr-1FCAQoggJCDnNlYXJjaF9hdmlnbm9uSA1YBGhNiAEBmAENuAEKyAEF2AEB6AEB-AEDiAIBqAIDuAK6gLbBBsACAdICJGU4MmE0YmU0LTEyOGYtNDBjNC05ZjhlLTBkMWEzNjVjNWYxMdgCBeACAQ&ucfs=1&arphpl=1&group_adults=2&req_adults=2&no_rooms=1&group_children=0&req_children=0&hpos=4&hapos=4&sr_order=popularity&srpvid=4650345db1610721&srepoch=1747812411&from=searchresults,43.944233090012354,4.806668758392334,"L'Hôtel Les Corps Saints est situé en face de la place Agricol Perdiguier dans le centre-ville historique d'Avignon, à 80 mètres de la place des Corps-Saints et à 5 minutes à pied de la gare. ",,7.6
22,22,Avignon,20.17,0.16,1.29,18.72,Hôtel Le Bristol,https://www.booking.com/hotel/fr/hotel-bristol-avignon.fr.html?aid=304142&label=gen173nr-1FCAQoggJCDnNlYXJjaF9hdmlnbm9uSA1YBGhNiAEBmAENuAEKyAEF2AEB6AEB-AEDiAIBqAIDuAK6gLbBBsACAdICJGU4MmE0YmU0LTEyOGYtNDBjNC05ZjhlLTBkMWEzNjVjNWYxMdgCBeACAQ&ucfs=1&arphpl=1&group_adults=2&req_adults=2&no_rooms=1&group_children=0&req_children=0&hpos=3&hapos=3&sr_order=popularity&srpvid=4650345db1610721&srepoch=1747812411&from_sustainable_property_sr=1&from=searchresults,43.944032127814744,4.80533167719841,"Idéalement situé à l’intérieur des remparts du centre d’Avignon, l’Hôtel Le Bristol vous propose des chambres climatisées, un bar, une connexion Wi-Fi gratuite et un salon commun. ",4.0,8.3
23,22,Avignon,20.17,0.16,1.29,18.72,ApartHotel Sainte-Marthe,https://www.booking.com/hotel/fr/ra-c-sidence-sainte-marthe.fr.html?aid=304142&label=gen173nr-1FCAQoggJCDnNlYXJjaF9hdmlnbm9uSA1YBGhNiAEBmAENuAEKyAEF2AEB6AEB-AEDiAIBqAIDuAK6gLbBBsACAdICJGU4MmE0YmU0LTEyOGYtNDBjNC05ZjhlLTBkMWEzNjVjNWYxMdgCBeACAQ&ucfs=1&arphpl=1&group_adults=2&req_adults=2&no_rooms=1&group_children=0&req_children=0&hpos=2&hapos=2&sr_order=popularity&srpvid=4650345db1610721&srepoch=1747812411&from=searchresults,43.94989513805674,4.819863885641098,"Situé en face de l'université Sainte Marthe, à seulement 15 minutes à pied du Palais des Papes et du centre historique d'Avignon, l'Apart'Hotel Sainte-Marthe propose des appartements indépendants et...",,7.9
24,22,Avignon,20.17,0.16,1.29,18.72,Hôtel Cloitre Saint Louis Avignon,https://www.booking.com/hotel/fr/clarioncloitrestlouis.fr.html?aid=304142&label=gen173nr-1FCAQoggJCDnNlYXJjaF9hdmlnbm9uSA1YBGhNiAEBmAENuAEKyAEF2AEB6AEB-AEDiAIBqAIDuAK6gLbBBsACAdICJGU4MmE0YmU0LTEyOGYtNDBjNC05ZjhlLTBkMWEzNjVjNWYxMdgCBeACAQ&ucfs=1&arphpl=1&group_adults=2&req_adults=2&no_rooms=1&group_children=0&req_children=0&hpos=1&hapos=1&sr_order=popularity&srpvid=4650345db1610721&srepoch=1747812411&from=searchresults,43.94380810369034,4.804946780204773,"Situé dans le centre d'Avignon, à 15 minutes à pied du palais des papes et du pont de la ville, l'Hôtel Cloitre Saint Louis Avignon occupe un bâtiment du XVIème siècle doté d'une piscine extérieure...",4.0,7.7
25,24,Nîmes,19.84,0.0,1.14,18.7,Hôtel Abalone - Centre Gare,https://www.booking.com/hotel/fr/hotelterminusaudrans.fr.html?aid=304142&label=gen173nr-1FCAQoggJCDHNlYXJjaF9uaW1lc0gNWARoTYgBAZgBDbgBCsgBBdgBAegBAfgBA4gCAagCA7gCuoC2wQbAAgHSAiQ1YzdlOGI5OS1hNTBiLTQzM2EtODNlYi0zNjNmYTJmMTdjMTnYAgXgAgE&ucfs=1&arphpl=1&group_adults=2&req_adults=2&no_rooms=1&group_children=0&req_children=0&hpos=24&hapos=24&sr_order=popularity&srpvid=c47b345d38fa0339&srepoch=1747812411&from=searchresults,43.8330272990424,4.366189688444138,"L’établissement Hôtel Abalone - Centre Gare se situe à Nîmes, à respectivement 3,8 km et 34 km de ces lieux d’intérêt : Parc des expositions de Nîmes et Arènes d'Arles. ",2.0,7.7
26,24,Nîmes,19.84,0.0,1.14,18.7,Hôtel De L'Amphithéâtre,https://www.booking.com/hotel/fr/de-l-amphitheatre-nimes.fr.html?aid=304142&label=gen173nr-1FCAQoggJCDHNlYXJjaF9uaW1lc0gNWARoTYgBAZgBDbgBCsgBBdgBAegBAfgBA4gCAagCA7gCuoC2wQbAAgHSAiQ1YzdlOGI5OS1hNTBiLTQzM2EtODNlYi0zNjNmYTJmMTdjMTnYAgXgAgE&ucfs=1&arphpl=1&group_adults=2&req_adults=2&no_rooms=1&group_children=0&req_children=0&hpos=23&hapos=23&sr_order=popularity&srpvid=c47b345d38fa0339&srepoch=1747812411&from=searchresults,43.83581534027453,4.359140172600746,"Situé dans la zone piétonne du centre historique de Nîmes, l'Hôtel De L'Amphithéâtre est composé de 2 hôtels particuliers datant des XVIIe et XVIIIe siècles. ",3.0,8.3
27,24,Nîmes,19.84,0.0,1.14,18.7,HÔTEL C SUITES chambres spacieuses,https://www.booking.com/hotel/fr/c-suites.fr.html?aid=304142&label=gen173nr-1FCAQoggJCDHNlYXJjaF9uaW1lc0gNWARoTYgBAZgBDbgBCsgBBdgBAegBAfgBA4gCAagCA7gCuoC2wQbAAgHSAiQ1YzdlOGI5OS1hNTBiLTQzM2EtODNlYi0zNjNmYTJmMTdjMTnYAgXgAgE&ucfs=1&arphpl=1&group_adults=2&req_adults=2&no_rooms=1&group_children=0&req_children=0&hpos=25&hapos=25&sr_order=popularity&srpvid=c47b345d38fa0339&srepoch=1747812411&from=searchresults,43.815377,4.345905,"Le complexe hôtelier urbain C Suites se situe à Nîmes, à seulement 3 km des arènes. Il possède une piscine extérieure. ",4.0,7.9
28,24,Nîmes,19.84,0.0,1.14,18.7,Empire Hôtel,https://www.booking.com/hotel/fr/empire-nimes.fr.html?aid=304142&label=gen173nr-1FCAQoggJCDHNlYXJjaF9uaW1lc0gNWARoTYgBAZgBDbgBCsgBBdgBAegBAfgBA4gCAagCA7gCuoC2wQbAAgHSAiQ1YzdlOGI5OS1hNTBiLTQzM2EtODNlYi0zNjNmYTJmMTdjMTnYAgXgAgE&ucfs=1&arphpl=1&group_adults=2&req_adults=2&no_rooms=1&group_children=0&req_children=0&hpos=22&hapos=22&sr_order=popularity&srpvid=c47b345d38fa0339&srepoch=1747812411&from=searchresults,43.840300891726834,4.363148733973503,"L'Empire Hôtel est situé au cœur de Nîmes, en face de la cathédrale et dans le centre des arènes romaines. Une connexion Wi-Fi est disponible gratuitement. ",3.0,7.2
29,24,Nîmes,19.84,0.0,1.14,18.7,Hôtel & Spa Vatel,https://www.booking.com/hotel/fr/vatel.fr.html?aid=304142&label=gen173nr-1FCAQoggJCDHNlYXJjaF9uaW1lc0gNWARoTYgBAZgBDbgBCsgBBdgBAegBAfgBA4gCAagCA7gCuoC2wQbAAgHSAiQ1YzdlOGI5OS1hNTBiLTQzM2EtODNlYi0zNjNmYTJmMTdjMTnYAgXgAgE&ucfs=1&arphpl=1&group_adults=2&req_adults=2&no_rooms=1&group_children=0&req_children=0&hpos=21&hapos=21&sr_order=popularity&srpvid=c47b345d38fa0339&srepoch=1747812411&from=searchresults,43.820576747716174,4.319126978516579,L’Hôtel & Spa Vatel vous accueille à 10 minutes de route du centre-ville de Nîmes et à 15 km de l’aéroport de Nîmes Alès Camargue Cévennes. ,4.0,8.4
30,24,Nîmes,19.84,0.0,1.14,18.7,"Maison ""COSY"" avec Parking Privé et Climatisation",https://www.booking.com/hotel/fr/le-cocon-nimes1.fr.html?aid=304142&label=gen173nr-1FCAQoggJCDHNlYXJjaF9uaW1lc0gNWARoTYgBAZgBDbgBCsgBBdgBAegBAfgBA4gCAagCA7gCuoC2wQbAAgHSAiQ1YzdlOGI5OS1hNTBiLTQzM2EtODNlYi0zNjNmYTJmMTdjMTnYAgXgAgE&ucfs=1&arphpl=1&group_adults=2&req_adults=2&no_rooms=1&group_children=0&req_children=0&hpos=20&hapos=20&sr_order=popularity&srpvid=c47b345d38fa0339&srepoch=1747812411&from=searchresults,43.833558037421,4.398547290376,Hébergement géré par un particulier,,9.6
31,24,Nîmes,19.84,0.0,1.14,18.7,hotelF1 Nîmes Ouest,https://www.booking.com/hotel/fr/hotelf1-nimes-ouest.fr.html?aid=304142&label=gen173nr-1FCAQoggJCDHNlYXJjaF9uaW1lc0gNWARoTYgBAZgBDbgBCsgBBdgBAegBAfgBA4gCAagCA7gCuoC2wQbAAgHSAiQ1YzdlOGI5OS1hNTBiLTQzM2EtODNlYi0zNjNmYTJmMTdjMTnYAgXgAgE&ucfs=1&arphpl=1&group_adults=2&req_adults=2&no_rooms=1&group_children=0&req_children=0&hpos=19&hapos=19&sr_order=popularity&srpvid=c47b345d38fa0339&srepoch=1747812411&from=searchresults,43.815334,4.34405200000003,"L'hotelF1 Nîmes Ouest est situé à Nîmes, à 44 km de Montpellier et à 40 km d'Avignon. Toutes les chambres donnent accès à une salle de bains commune. ",1.0,7.1
32,24,Nîmes,19.84,0.0,1.14,18.7,"AfroBoHome, Expérience Atypique, familles et petits groupes, clim, 2 à 6 personnes, Proche centre Nîmes, Garage clos",https://www.booking.com/hotel/fr/afrobohome-terrasse-paysagere-et-amenagee-parking-gratuit-climatisation-centre-v.fr.html?aid=304142&label=gen173nr-1FCAQoggJCDHNlYXJjaF9uaW1lc0gNWARoTYgBAZgBDbgBCsgBBdgBAegBAfgBA4gCAagCA7gCuoC2wQbAAgHSAiQ1YzdlOGI5OS1hNTBiLTQzM2EtODNlYi0zNjNmYTJmMTdjMTnYAgXgAgE&ucfs=1&arphpl=1&group_adults=2&req_adults=2&no_rooms=1&group_children=0&req_children=0&hpos=16&hapos=16&sr_order=popularity&srpvid=c47b345d38fa0339&srepoch=1747812411&from=searchresults,43.8277958,4.3578628,"L’établissement AfroBoHome, Expérience Atypique, familles et petits groupes, clim, 2 à 6 personnes, Proche centre Nîmes, Garage clos se trouve à Nîmes (Languedoc-Roussillon), à proximité de ce lieu...",,10.0
33,24,Nîmes,19.84,0.0,1.14,18.7,ibis Styles Nimes Gare Centre,https://www.booking.com/hotel/fr/ibis-styles-nimes-centre-gare.fr.html?aid=304142&label=gen173nr-1FCAQoggJCDHNlYXJjaF9uaW1lc0gNWARoTYgBAZgBDbgBCsgBBdgBAegBAfgBA4gCAagCA7gCuoC2wQbAAgHSAiQ1YzdlOGI5OS1hNTBiLTQzM2EtODNlYi0zNjNmYTJmMTdjMTnYAgXgAgE&ucfs=1&arphpl=1&group_adults=2&req_adults=2&no_rooms=1&group_children=0&req_children=0&hpos=14&hapos=14&sr_order=popularity&srpvid=c47b345d38fa0339&srepoch=1747812411&from_sustainable_property_sr=1&from=searchresults,43.83175754591007,4.36697356402874,"Situé en face de la gare de Nîmes, cet hôtel propose des chambres abordables dotées d'une connexion Wi-Fi gratuite et de la télévision par satellite. ",3.0,8.2
34,24,Nîmes,19.84,0.0,1.14,18.7,Maison Albar Hotels L’Imperator,https://www.booking.com/hotel/fr/imperator-nimes.fr.html?aid=304142&label=gen173nr-1FCAQoggJCDHNlYXJjaF9uaW1lc0gNWARoTYgBAZgBDbgBCsgBBdgBAegBAfgBA4gCAagCA7gCuoC2wQbAAgHSAiQ1YzdlOGI5OS1hNTBiLTQzM2EtODNlYi0zNjNmYTJmMTdjMTnYAgXgAgE&ucfs=1&arphpl=1&group_adults=2&req_adults=2&no_rooms=1&group_children=0&req_children=0&hpos=18&hapos=18&sr_order=popularity&srpvid=c47b345d38fa0339&srepoch=1747812411&from=searchresults,43.83866612768399,4.352767914533615,"La Maison Albar Hotels L’Imperator est un hôtel de luxe situé dans la ville de Nîmes, en bordure du jardin de la Fontaine et à moins de 5 minutes à pied du temple romain de la Maison Carrée et du...",5.0,9.1
35,24,Nîmes,19.84,0.0,1.14,18.7,Hôtel Le Pré Galoffre,https://www.booking.com/hotel/fr/lepregaloffrenimes.fr.html?aid=304142&label=gen173nr-1FCAQoggJCDHNlYXJjaF9uaW1lc0gNWARoTYgBAZgBDbgBCsgBBdgBAegBAfgBA4gCAagCA7gCuoC2wQbAAgHSAiQ1YzdlOGI5OS1hNTBiLTQzM2EtODNlYi0zNjNmYTJmMTdjMTnYAgXgAgE&ucfs=1&arphpl=1&group_adults=2&req_adults=2&no_rooms=1&group_children=0&req_children=0&hpos=15&hapos=15&sr_order=popularity&srpvid=c47b345d38fa0339&srepoch=1747812411&from=searchresults,43.78858215364223,4.35380257666111,L’Hôtel Le Pré Galoffre bénéficie d’un emplacement paisible dans un cadre rural à 10 minutes de route du centre de Nîmes. ,3.0,8.2
36,24,Nîmes,19.84,0.0,1.14,18.7,ibis budget Nimes Centre Gare,https://www.booking.com/hotel/fr/ibis-budget-nimes-centre-gare.fr.html?aid=304142&label=gen173nr-1FCAQoggJCDHNlYXJjaF9uaW1lc0gNWARoTYgBAZgBDbgBCsgBBdgBAegBAfgBA4gCAagCA7gCuoC2wQbAAgHSAiQ1YzdlOGI5OS1hNTBiLTQzM2EtODNlYi0zNjNmYTJmMTdjMTnYAgXgAgE&ucfs=1&arphpl=1&group_adults=2&req_adults=2&no_rooms=1&group_children=0&req_children=0&hpos=17&hapos=17&sr_order=popularity&srpvid=c47b345d38fa0339&srepoch=1747812411&from=searchresults,43.832055902146784,4.3673644959926605,"Situé à seulement 50 mètres de la gare de Nîmes, l'ibis Budget Nîmes Centre Gare vous propose une réception ouverte 24h/24, une bagagerie et une connexion Wi-Fi gratuite dans l'ensemble de...",2.0,8.1
37,24,Nîmes,19.84,0.0,1.14,18.7,Appart'City Classic Nîmes,https://www.booking.com/hotel/fr/appart-city-nimes.fr.html?aid=304142&label=gen173nr-1FCAQoggJCDHNlYXJjaF9uaW1lc0gNWARoTYgBAZgBDbgBCsgBBdgBAegBAfgBA4gCAagCA7gCuoC2wQbAAgHSAiQ1YzdlOGI5OS1hNTBiLTQzM2EtODNlYi0zNjNmYTJmMTdjMTnYAgXgAgE&ucfs=1&arphpl=1&group_adults=2&req_adults=2&no_rooms=1&group_children=0&req_children=0&hpos=12&hapos=12&sr_order=popularity&srpvid=c47b345d38fa0339&srepoch=1747812411&from_sustainable_property_sr=1&from=searchresults,43.821585485623,4.364597797393799,"L’Appart'City Nîmes est situé à Nîmes, à 500 mètres du centre sportif et parc des expositions Le Parnasse, ainsi qu’à 20 minutes à pied des arènes de Nîmes et de la gare TGV. ",3.0,7.7
38,24,Nîmes,19.84,0.0,1.14,18.7,Le Mas des Oliviers Nîmes,https://www.booking.com/hotel/fr/le-mas-des-oliviers-nimes.fr.html?aid=304142&label=gen173nr-1FCAQoggJCDHNlYXJjaF9uaW1lc0gNWARoTYgBAZgBDbgBCsgBBdgBAegBAfgBA4gCAagCA7gCuoC2wQbAAgHSAiQ1YzdlOGI5OS1hNTBiLTQzM2EtODNlYi0zNjNmYTJmMTdjMTnYAgXgAgE&ucfs=1&arphpl=1&group_adults=2&req_adults=2&no_rooms=1&group_children=0&req_children=0&hpos=13&hapos=13&sr_order=popularity&srpvid=c47b345d38fa0339&srepoch=1747812411&from=searchresults,43.8587306,4.3925497,"Situé à Nîmes et offrant une vue sur le jardin, l’établissement Le Mas des Oliviers Nîmes comprend une piscine extérieure, un jardin, un salon commun, une terrasse et un barbecue. ",,9.3
39,24,Nîmes,19.84,0.0,1.14,18.7,Logis NIMOTEL Hôtel Cosy,https://www.booking.com/hotel/fr/nimotel.fr.html?aid=304142&label=gen173nr-1FCAQoggJCDHNlYXJjaF9uaW1lc0gNWARoTYgBAZgBDbgBCsgBBdgBAegBAfgBA4gCAagCA7gCuoC2wQbAAgHSAiQ1YzdlOGI5OS1hNTBiLTQzM2EtODNlYi0zNjNmYTJmMTdjMTnYAgXgAgE&ucfs=1&arphpl=1&group_adults=2&req_adults=2&no_rooms=1&group_children=0&req_children=0&hpos=10&hapos=10&sr_order=popularity&srpvid=c47b345d38fa0339&srepoch=1747812411&from_sustainable_property_sr=1&from=searchresults,43.815576349205195,4.346603527665138,Le Logis NIMOTEL Hôtel Cosy vous accueille à 1 km de l’autoroute A9 et à 10 minutes en voiture du centre-ville de Nîmes. ,3.0,7.9
40,24,Nîmes,19.84,0.0,1.14,18.7,SQUARE HOTEL,https://www.booking.com/hotel/fr/square-nimes.fr.html?aid=304142&label=gen173nr-1FCAQoggJCDHNlYXJjaF9uaW1lc0gNWARoTYgBAZgBDbgBCsgBBdgBAegBAfgBA4gCAagCA7gCuoC2wQbAAgHSAiQ1YzdlOGI5OS1hNTBiLTQzM2EtODNlYi0zNjNmYTJmMTdjMTnYAgXgAgE&ucfs=1&arphpl=1&group_adults=2&req_adults=2&no_rooms=1&group_children=0&req_children=0&hpos=11&hapos=11&sr_order=popularity&srpvid=c47b345d38fa0339&srepoch=1747812411&from=searchresults,43.837032,4.363037,"L’établissement SQUARE HOTEL vous accueille à Nîmes, à 3,6 km de ce lieu d’intérêt : Parc des expositions de Nîmes. ",3.0,8.6
41,24,Nîmes,19.84,0.0,1.14,18.7,Best Western Marquis de la Baume,https://www.booking.com/hotel/fr/ha-tel-la-baume.fr.html?aid=304142&label=gen173nr-1FCAQoggJCDHNlYXJjaF9uaW1lc0gNWARoTYgBAZgBDbgBCsgBBdgBAegBAfgBA4gCAagCA7gCuoC2wQbAAgHSAiQ1YzdlOGI5OS1hNTBiLTQzM2EtODNlYi0zNjNmYTJmMTdjMTnYAgXgAgE&ucfs=1&arphpl=1&group_adults=2&req_adults=2&no_rooms=1&group_children=0&req_children=0&hpos=9&hapos=9&sr_order=popularity&srpvid=c47b345d38fa0339&srepoch=1747812411&from=searchresults,43.83959475654075,4.3610841035842896,"Situé dans le centre de la ville historique de Nîmes, le Best Western Marquis de la Baume occupe une maison de ville du XVIIe siècle, à seulement 3,7 km du parc des expositions de Nîmes et à 650...",4.0,8.3
42,24,Nîmes,19.84,0.0,1.14,18.7,"B&B HOTEL Nîmes Ville Active, parking sécurisé gratuit",https://www.booking.com/hotel/fr/b-amp-b-nimes-villes-active.fr.html?aid=304142&label=gen173nr-1FCAQoggJCDHNlYXJjaF9uaW1lc0gNWARoTYgBAZgBDbgBCsgBBdgBAegBAfgBA4gCAagCA7gCuoC2wQbAAgHSAiQ1YzdlOGI5OS1hNTBiLTQzM2EtODNlYi0zNjNmYTJmMTdjMTnYAgXgAgE&ucfs=1&arphpl=1&group_adults=2&req_adults=2&no_rooms=1&group_children=0&req_children=0&hpos=7&hapos=7&sr_order=popularity&srpvid=c47b345d38fa0339&srepoch=1747812411&from=searchresults,43.8157834,4.346312699999999,"L’B&B HOTEL Nîmes Ville Active, parking sécurisé gratuit vous accueille à Nîmes, à proximité de la sortie 25 de l’autoroute A9 et à 2 km du centre commercial Cap Costières. ",3.0,7.4
43,24,Nîmes,19.84,0.0,1.14,18.7,Appart'City Collection Nîmes Arènes,https://www.booking.com/hotel/fr/appart-39-city-nimes.fr.html?aid=304142&label=gen173nr-1FCAQoggJCDHNlYXJjaF9uaW1lc0gNWARoTYgBAZgBDbgBCsgBBdgBAegBAfgBA4gCAagCA7gCuoC2wQbAAgHSAiQ1YzdlOGI5OS1hNTBiLTQzM2EtODNlYi0zNjNmYTJmMTdjMTnYAgXgAgE&ucfs=1&arphpl=1&group_adults=2&req_adults=2&no_rooms=1&group_children=0&req_children=0&hpos=5&hapos=5&sr_order=popularity&srpvid=c47b345d38fa0339&srepoch=1747812411&from_sustainable_property_sr=1&from=searchresults,43.8338735348897,4.361433959524561,"L'Appart'City Collection Nîmes Arènes vous accueille dans le centre historique de Nîmes, à 1 minute à pied des arènes et à 300 mètres de la gare. ",4.0,8.8
44,24,Nîmes,19.84,0.0,1.14,18.7,Campanile PRIME - Nîmes Centre,https://www.booking.com/hotel/fr/campanile-nimes-centre-mas-carbonnel.fr.html?aid=304142&label=gen173nr-1FCAQoggJCDHNlYXJjaF9uaW1lc0gNWARoTYgBAZgBDbgBCsgBBdgBAegBAfgBA4gCAagCA7gCuoC2wQbAAgHSAiQ1YzdlOGI5OS1hNTBiLTQzM2EtODNlYi0zNjNmYTJmMTdjMTnYAgXgAgE&ucfs=1&arphpl=1&group_adults=2&req_adults=2&no_rooms=1&group_children=0&req_children=0&hpos=6&hapos=6&sr_order=popularity&srpvid=c47b345d38fa0339&srepoch=1747812411&from=searchresults,43.82273112028273,4.364125728607178,"Situé à Nîmes, l’établissement 3 étoiles Campanile PRIME - Nîmes Centre propose une connexion Wi-Fi gratuite, une réception ouverte 24h/24 et la presse quotidienne. ",3.0,7.8
45,24,Nîmes,19.84,0.0,1.14,18.7,"Mas La Farelle Gîte, Fitness & Salle de jeux gratuite & SPA en supplément",https://www.booking.com/hotel/fr/gites-6-personnes-fitness-piscine-chauffee-spa.fr.html?aid=304142&label=gen173nr-1FCAQoggJCDHNlYXJjaF9uaW1lc0gNWARoTYgBAZgBDbgBCsgBBdgBAegBAfgBA4gCAagCA7gCuoC2wQbAAgHSAiQ1YzdlOGI5OS1hNTBiLTQzM2EtODNlYi0zNjNmYTJmMTdjMTnYAgXgAgE&ucfs=1&arphpl=1&group_adults=2&req_adults=2&no_rooms=1&group_children=0&req_children=0&hpos=8&hapos=8&sr_order=popularity&srpvid=c47b345d38fa0339&srepoch=1747812411&from=searchresults,43.813455,4.394221,Hébergement géré par un particulier,,7.6
46,24,Nîmes,19.84,0.0,1.14,18.7,Comfort Aparthotel Nimes Centre,https://www.booking.com/hotel/fr/adagio-access-nimes.fr.html?aid=304142&label=gen173nr-1FCAQoggJCDHNlYXJjaF9uaW1lc0gNWARoTYgBAZgBDbgBCsgBBdgBAegBAfgBA4gCAagCA7gCuoC2wQbAAgHSAiQ1YzdlOGI5OS1hNTBiLTQzM2EtODNlYi0zNjNmYTJmMTdjMTnYAgXgAgE&ucfs=1&arphpl=1&group_adults=2&req_adults=2&no_rooms=1&group_children=0&req_children=0&hpos=4&hapos=4&sr_order=popularity&srpvid=c47b345d38fa0339&srepoch=1747812411&from_sustainable_property_sr=1&from=searchresults,43.83249328044521,4.367856681346893,"Le Comfort Aparthotel Nîmes Centre est une résidence respectueuse de l’environnement située à Nîmes. Le parc des expositions vous attend à 1,6 km. Une connexion Wi-Fi gratuite est disponible. ",3.0,8.1
47,24,Nîmes,19.84,0.0,1.14,18.7,Royal Hôtel,https://www.booking.com/hotel/fr/royal.fr.html?aid=304142&label=gen173nr-1FCAQoggJCDHNlYXJjaF9uaW1lc0gNWARoTYgBAZgBDbgBCsgBBdgBAegBAfgBA4gCAagCA7gCuoC2wQbAAgHSAiQ1YzdlOGI5OS1hNTBiLTQzM2EtODNlYi0zNjNmYTJmMTdjMTnYAgXgAgE&ucfs=1&arphpl=1&group_adults=2&req_adults=2&no_rooms=1&group_children=0&req_children=0&hpos=3&hapos=3&sr_order=popularity&srpvid=c47b345d38fa0339&srepoch=1747812411&from=searchresults,43.83881509620307,4.3548184633255005,"Situé au cœur de Nîmes, le Royal Hôtel dispose d'un restaurant sur place, La Bodéguita, qui s'ouvre sur la place Assas. ",3.0,8.3
48,24,Nîmes,19.84,0.0,1.14,18.7,B&B HOTEL Nîmes Centre Arènes,https://www.booking.com/hotel/fr/b-amp-b-nimes-centre-ville.fr.html?aid=304142&label=gen173nr-1FCAQoggJCDHNlYXJjaF9uaW1lc0gNWARoTYgBAZgBDbgBCsgBBdgBAegBAfgBA4gCAagCA7gCuoC2wQbAAgHSAiQ1YzdlOGI5OS1hNTBiLTQzM2EtODNlYi0zNjNmYTJmMTdjMTnYAgXgAgE&ucfs=1&arphpl=1&group_adults=2&req_adults=2&no_rooms=1&group_children=0&req_children=0&hpos=2&hapos=2&sr_order=popularity&srpvid=c47b345d38fa0339&srepoch=1747812411&from_sustainable_property_sr=1&from=searchresults,43.8281614,4.354790200000025,"Situé à Nîmes, à 950 mètres des arènes, le B&B HOTEL Nîmes Centre Arènes propose une connexion Wi-Fi gratuite. Les chambres climatisées disposent d’une télévision à écran plat. ",2.0,8.4
49,24,Nîmes,19.84,0.0,1.14,18.7,Appart'hôtel Odalys City - Nîmes Arènes - Palais des Congrès,https://www.booking.com/hotel/fr/odalys-city-nimes-arenes.fr.html?aid=304142&label=gen173nr-1FCAQoggJCDHNlYXJjaF9uaW1lc0gNWARoTYgBAZgBDbgBCsgBBdgBAegBAfgBA4gCAagCA7gCuoC2wQbAAgHSAiQ1YzdlOGI5OS1hNTBiLTQzM2EtODNlYi0zNjNmYTJmMTdjMTnYAgXgAgE&ucfs=1&arphpl=1&group_adults=2&req_adults=2&no_rooms=1&group_children=0&req_children=0&hpos=1&hapos=1&sr_order=popularity&srpvid=c47b345d38fa0339&srepoch=1747812411&from=searchresults,43.834061872209,4.358990652779,"L’établissement Appart'hôtel Odalys City - Nîmes Arènes - Palais des Congrès se trouve à 2,6 km de ce lieu d’intérêt : Parc des expositions de Nîmes. ",4.0,8.5
50,23,Uzès,19.24,0.19,1.28,17.77,La Villa Léa,https://www.booking.com/hotel/fr/la-villa-lea.fr.html?aid=304142&label=gen173nr-1FCAQoggJCC3NlYXJjaF91emVzSA1YBGhNiAEBmAENuAEKyAEF2AEB6AEB-AEDiAIBqAIDuAK6gLbBBsACAdICJGY5NjVlYjRjLTk0ZTAtNGIxYS1hZDBmLWMzNmNjODAyZDkzMdgCBeACAQ&ucfs=1&arphpl=1&group_adults=2&req_adults=2&no_rooms=1&group_children=0&req_children=0&hpos=25&hapos=25&sr_order=popularity&srpvid=00c5345d3e530474&srepoch=1747812411&from=searchresults,44.01436230104396,4.410919646627008,Hébergement géré par un particulier,,9.3
51,23,Uzès,19.24,0.19,1.28,17.77,"Ulysse, Appartement Spacieux au Centre Historique d'Uzès en rez-de-chaussée avec extérieur, proche parking des Marroniers",https://www.booking.com/hotel/fr/appartement-ulysse-uzes.fr.html?aid=304142&label=gen173nr-1FCAQoggJCC3NlYXJjaF91emVzSA1YBGhNiAEBmAENuAEKyAEF2AEB6AEB-AEDiAIBqAIDuAK6gLbBBsACAdICJGY5NjVlYjRjLTk0ZTAtNGIxYS1hZDBmLWMzNmNjODAyZDkzMdgCBeACAQ&ucfs=1&arphpl=1&group_adults=2&req_adults=2&no_rooms=1&group_children=0&req_children=0&hpos=23&hapos=23&sr_order=popularity&srpvid=00c5345d3e530474&srepoch=1747812411&from=searchresults,44.0132239,4.4222681999999995,Hébergement géré par un particulier,,8.9
52,23,Uzès,19.24,0.19,1.28,17.77,Appartement des amoureux,https://www.booking.com/hotel/fr/appartement-des-amoureux-uzes.fr.html?aid=304142&label=gen173nr-1FCAQoggJCC3NlYXJjaF91emVzSA1YBGhNiAEBmAENuAEKyAEF2AEB6AEB-AEDiAIBqAIDuAK6gLbBBsACAdICJGY5NjVlYjRjLTk0ZTAtNGIxYS1hZDBmLWMzNmNjODAyZDkzMdgCBeACAQ&ucfs=1&arphpl=1&group_adults=2&req_adults=2&no_rooms=1&group_children=0&req_children=0&hpos=24&hapos=24&sr_order=popularity&srpvid=00c5345d3e530474&srepoch=1747812411&from=searchresults,44.00771258350848,4.407146305278187,Hébergement géré par un particulier,,8.1
53,23,Uzès,19.24,0.19,1.28,17.77,Patio De Violette,https://www.booking.com/hotel/fr/patio-de-violette.fr.html?aid=304142&label=gen173nr-1FCAQoggJCC3NlYXJjaF91emVzSA1YBGhNiAEBmAENuAEKyAEF2AEB6AEB-AEDiAIBqAIDuAK6gLbBBsACAdICJGY5NjVlYjRjLTk0ZTAtNGIxYS1hZDBmLWMzNmNjODAyZDkzMdgCBeACAQ&ucfs=1&arphpl=1&group_adults=2&req_adults=2&no_rooms=1&group_children=0&req_children=0&hpos=22&hapos=22&sr_order=popularity&srpvid=00c5345d3e530474&srepoch=1747812411&from=searchresults,44.02843142473164,4.420023858328932,"Situé dans la campagne du Languedoc-Roussillon, le Patio De Violette se trouve à 2 minutes de route de la ville d'Uzès. ",3.0,8.5
54,23,Uzès,19.24,0.19,1.28,17.77,Domaine de Privadière & Spa,https://www.booking.com/hotel/fr/domaine-de-privadiere.fr.html?aid=304142&label=gen173nr-1FCAQoggJCC3NlYXJjaF91emVzSA1YBGhNiAEBmAENuAEKyAEF2AEB6AEB-AEDiAIBqAIDuAK6gLbBBsACAdICJGY5NjVlYjRjLTk0ZTAtNGIxYS1hZDBmLWMzNmNjODAyZDkzMdgCBeACAQ&ucfs=1&arphpl=1&group_adults=2&req_adults=2&no_rooms=1&group_children=0&req_children=0&hpos=21&hapos=21&sr_order=popularity&srpvid=00c5345d3e530474&srepoch=1747812411&from=searchresults,43.986524,4.302525,"L’établissement Domaine de Privadière & Spa se situe à Uzès, à 28 km de ce lieu d’intérêt : Parc des expositions de Nîmes. ",,9.4
55,23,Uzès,19.24,0.19,1.28,17.77,La DAME de FLAUX,https://www.booking.com/hotel/fr/la-dame-de-flaux.fr.html?aid=304142&label=gen173nr-1FCAQoggJCC3NlYXJjaF91emVzSA1YBGhNiAEBmAENuAEKyAEF2AEB6AEB-AEDiAIBqAIDuAK6gLbBBsACAdICJGY5NjVlYjRjLTk0ZTAtNGIxYS1hZDBmLWMzNmNjODAyZDkzMdgCBeACAQ&ucfs=1&arphpl=1&group_adults=2&req_adults=2&no_rooms=1&group_children=0&req_children=0&hpos=20&hapos=20&sr_order=popularity&srpvid=00c5345d3e530474&srepoch=1747812411&from=searchresults,44.0120504,4.4192438,Hébergement géré par un particulier,3.0,9.8
56,23,Uzès,19.24,0.19,1.28,17.77,Appartement avec Terrasse et parking en centre ville d'Uzès,https://www.booking.com/hotel/fr/appartement-avec-terrasse-et-parking-en-centre-ville-d-uzes.fr.html?aid=304142&label=gen173nr-1FCAQoggJCC3NlYXJjaF91emVzSA1YBGhNiAEBmAENuAEKyAEF2AEB6AEB-AEDiAIBqAIDuAK6gLbBBsACAdICJGY5NjVlYjRjLTk0ZTAtNGIxYS1hZDBmLWMzNmNjODAyZDkzMdgCBeACAQ&ucfs=1&arphpl=1&group_adults=2&req_adults=2&no_rooms=1&group_children=0&req_children=0&hpos=19&hapos=19&sr_order=popularity&srpvid=00c5345d3e530474&srepoch=1747812411&from=searchresults,44.0126338,4.4142025,Hébergement géré par un particulier,,
57,23,Uzès,19.24,0.19,1.28,17.77,Au Gré Du Voyage,https://www.booking.com/hotel/fr/apartment-au-gre-du-voyage.fr.html?aid=304142&label=gen173nr-1FCAQoggJCC3NlYXJjaF91emVzSA1YBGhNiAEBmAENuAEKyAEF2AEB6AEB-AEDiAIBqAIDuAK6gLbBBsACAdICJGY5NjVlYjRjLTk0ZTAtNGIxYS1hZDBmLWMzNmNjODAyZDkzMdgCBeACAQ&ucfs=1&arphpl=1&group_adults=2&req_adults=2&no_rooms=1&group_children=0&req_children=0&hpos=16&hapos=16&sr_order=popularity&srpvid=00c5345d3e530474&srepoch=1747812411&from=searchresults,44.01386019922647,4.421873525131218,Hébergement géré par un particulier,,9.5
58,23,Uzès,19.24,0.19,1.28,17.77,"Uzès, au cœur du centre médiéval Le Logis du Consul un bien d'exception du XVIème siècle",https://www.booking.com/hotel/fr/uzes-au-coeur-du-centre-medieval-le-logie-du-consul-appartement-de-caractere.fr.html?aid=304142&label=gen173nr-1FCAQoggJCC3NlYXJjaF91emVzSA1YBGhNiAEBmAENuAEKyAEF2AEB6AEB-AEDiAIBqAIDuAK6gLbBBsACAdICJGY5NjVlYjRjLTk0ZTAtNGIxYS1hZDBmLWMzNmNjODAyZDkzMdgCBeACAQ&ucfs=1&arphpl=1&group_adults=2&req_adults=2&no_rooms=1&group_children=0&req_children=0&hpos=17&hapos=17&sr_order=popularity&srpvid=00c5345d3e530474&srepoch=1747812411&from=searchresults,44.0124278,4.4192465,"L’hébergement Uzès, au cœur du centre médiéval Le Logis du Consul un bien d'exception du XVIème siècle vous accueille à Uzès, à respectivement 27 km et 38 km de ces lieux d’intérêt : Parc des...",,9.0
59,23,Uzès,19.24,0.19,1.28,17.77,Logis Hotel Restaurant Uzès Pont du Gard,https://www.booking.com/hotel/fr/uzes.fr.html?aid=304142&label=gen173nr-1FCAQoggJCC3NlYXJjaF91emVzSA1YBGhNiAEBmAENuAEKyAEF2AEB6AEB-AEDiAIBqAIDuAK6gLbBBsACAdICJGY5NjVlYjRjLTk0ZTAtNGIxYS1hZDBmLWMzNmNjODAyZDkzMdgCBeACAQ&ucfs=1&arphpl=1&group_adults=2&req_adults=2&no_rooms=1&group_children=0&req_children=0&hpos=18&hapos=18&sr_order=popularity&srpvid=00c5345d3e530474&srepoch=1747812411&from=searchresults,44.00284484835363,4.416452050099906,"Le Logis Hotel Restaurant Uzès Pont du Gard propose des chambres confortables et bien équipées, à seulement 10 minutes à pied du centre. ",3.0,8.0
60,23,Uzès,19.24,0.19,1.28,17.77,Le Pietro,https://www.booking.com/hotel/fr/le-pietra.fr.html?aid=304142&label=gen173nr-1FCAQoggJCC3NlYXJjaF91emVzSA1YBGhNiAEBmAENuAEKyAEF2AEB6AEB-AEDiAIBqAIDuAK6gLbBBsACAdICJGY5NjVlYjRjLTk0ZTAtNGIxYS1hZDBmLWMzNmNjODAyZDkzMdgCBeACAQ&ucfs=1&arphpl=1&group_adults=2&req_adults=2&no_rooms=1&group_children=0&req_children=0&hpos=15&hapos=15&sr_order=popularity&srpvid=00c5345d3e530474&srepoch=1747812411&from=searchresults,44.007782944732,4.407181457674,"Situé à Uzès, l’hébergement Le Pietro offre une vue sur le jardin. Il propose une piscine extérieure ouverte en saison, un jardin, une terrasse et une connexion Wi-Fi gratuite. ",,8.6
61,23,Uzès,19.24,0.19,1.28,17.77,La bohème place aux herbes,https://www.booking.com/hotel/fr/la-boheme-uzes.fr.html?aid=304142&label=gen173nr-1FCAQoggJCC3NlYXJjaF91emVzSA1YBGhNiAEBmAENuAEKyAEF2AEB6AEB-AEDiAIBqAIDuAK6gLbBBsACAdICJGY5NjVlYjRjLTk0ZTAtNGIxYS1hZDBmLWMzNmNjODAyZDkzMdgCBeACAQ&ucfs=1&arphpl=1&group_adults=2&req_adults=2&no_rooms=1&group_children=0&req_children=0&hpos=13&hapos=13&sr_order=popularity&srpvid=00c5345d3e530474&srepoch=1747812411&from=searchresults,44.011676381472,4.419088375741,Hébergement géré par un particulier,,9.5
62,23,Uzès,19.24,0.19,1.28,17.77,RAVISSANT STUDIO,https://www.booking.com/hotel/fr/ravissant-studio-uzes.fr.html?aid=304142&label=gen173nr-1FCAQoggJCC3NlYXJjaF91emVzSA1YBGhNiAEBmAENuAEKyAEF2AEB6AEB-AEDiAIBqAIDuAK6gLbBBsACAdICJGY5NjVlYjRjLTk0ZTAtNGIxYS1hZDBmLWMzNmNjODAyZDkzMdgCBeACAQ&ucfs=1&arphpl=1&group_adults=2&req_adults=2&no_rooms=1&group_children=0&req_children=0&hpos=14&hapos=14&sr_order=popularity&srpvid=00c5345d3e530474&srepoch=1747812411&from=searchresults,44.0141777,4.4220873,"L’hébergement RAVISSANT STUDIO se trouve à Uzès, à respectivement 27 km et 38 km de ces lieux d’intérêt : Parc des expositions de Nîmes et Gare d'Avignon-Centre. ",,8.9
63,23,Uzès,19.24,0.19,1.28,17.77,Le Cerisier au cœur d'Uzès,https://www.booking.com/hotel/fr/le-cerisier-uzes.fr.html?aid=304142&label=gen173nr-1FCAQoggJCC3NlYXJjaF91emVzSA1YBGhNiAEBmAENuAEKyAEF2AEB6AEB-AEDiAIBqAIDuAK6gLbBBsACAdICJGY5NjVlYjRjLTk0ZTAtNGIxYS1hZDBmLWMzNmNjODAyZDkzMdgCBeACAQ&ucfs=1&arphpl=1&group_adults=2&req_adults=2&no_rooms=1&group_children=0&req_children=0&hpos=12&hapos=12&sr_order=popularity&srpvid=00c5345d3e530474&srepoch=1747812411&from=searchresults,44.0103176,4.416918,Hébergement géré par un particulier,,9.6
64,23,Uzès,19.24,0.19,1.28,17.77,appartement 3 min a pied du centre d'Uzès parking piscine,https://www.booking.com/hotel/fr/mas-des-oliviers-uzes.fr.html?aid=304142&label=gen173nr-1FCAQoggJCC3NlYXJjaF91emVzSA1YBGhNiAEBmAENuAEKyAEF2AEB6AEB-AEDiAIBqAIDuAK6gLbBBsACAdICJGY5NjVlYjRjLTk0ZTAtNGIxYS1hZDBmLWMzNmNjODAyZDkzMdgCBeACAQ&ucfs=1&arphpl=1&group_adults=2&req_adults=2&no_rooms=1&group_children=0&req_children=0&hpos=11&hapos=11&sr_order=popularity&srpvid=00c5345d3e530474&srepoch=1747812411&from=searchresults,44.012765,4.4143229999999996,Hébergement géré par un particulier,,8.8
65,23,Uzès,19.24,0.19,1.28,17.77,"Appartement avec grand jardin et parking, Uzès",https://www.booking.com/hotel/fr/appartement-avec-jardin-uzes.fr.html?aid=304142&label=gen173nr-1FCAQoggJCC3NlYXJjaF91emVzSA1YBGhNiAEBmAENuAEKyAEF2AEB6AEB-AEDiAIBqAIDuAK6gLbBBsACAdICJGY5NjVlYjRjLTk0ZTAtNGIxYS1hZDBmLWMzNmNjODAyZDkzMdgCBeACAQ&ucfs=1&arphpl=1&group_adults=2&req_adults=2&no_rooms=1&group_children=0&req_children=0&hpos=10&hapos=10&sr_order=popularity&srpvid=00c5345d3e530474&srepoch=1747812411&from=searchresults,44.0085215832983,4.40985794042969,Hébergement géré par un particulier,,8.8
66,23,Uzès,19.24,0.19,1.28,17.77,"Appartement moderne central avec piscine, garage privé et terrasse sud",https://www.booking.com/hotel/fr/le-petit-olivier-uzes.fr.html?aid=304142&label=gen173nr-1FCAQoggJCC3NlYXJjaF91emVzSA1YBGhNiAEBmAENuAEKyAEF2AEB6AEB-AEDiAIBqAIDuAK6gLbBBsACAdICJGY5NjVlYjRjLTk0ZTAtNGIxYS1hZDBmLWMzNmNjODAyZDkzMdgCBeACAQ&ucfs=1&arphpl=1&group_adults=2&req_adults=2&no_rooms=1&group_children=0&req_children=0&hpos=9&hapos=9&sr_order=popularity&srpvid=00c5345d3e530474&srepoch=1747812411&from=searchresults,44.0127652,4.4143231,"Situé à Uzès, l’hébergement Appartement moderne central avec piscine, garage privé et terrasse sud comprend une piscine privée et une connexion Wi-Fi gratuite. ",,8.4
67,23,Uzès,19.24,0.19,1.28,17.77,La Grande Bourgade-Authentique Maison en Pierre avec Terrasse Climatisation au Cœur d'Uzès,https://www.booking.com/hotel/fr/la-grande-bourgade-authentique-maison-en-pierre-avec-terrasse-climatisation-au-c.fr.html?aid=304142&label=gen173nr-1FCAQoggJCC3NlYXJjaF91emVzSA1YBGhNiAEBmAENuAEKyAEF2AEB6AEB-AEDiAIBqAIDuAK6gLbBBsACAdICJGY5NjVlYjRjLTk0ZTAtNGIxYS1hZDBmLWMzNmNjODAyZDkzMdgCBeACAQ&ucfs=1&arphpl=1&group_adults=2&req_adults=2&no_rooms=1&group_children=0&req_children=0&hpos=8&hapos=8&sr_order=popularity&srpvid=00c5345d3e530474&srepoch=1747812411&from=searchresults,44.0104586,4.4171399,"L’hébergement La Grande Bourgade-Authentique Maison en Pierre avec Terrasse Climatisation au Cœur d'Uzès vous accueille à Uzès, à 27 km de ce lieu d’intérêt : Parc des expositions de Nîmes. ",,9.7
68,23,Uzès,19.24,0.19,1.28,17.77,Boutique Hôtel Entraigues,https://www.booking.com/hotel/fr/entraigues-uzes2.fr.html?aid=304142&label=gen173nr-1FCAQoggJCC3NlYXJjaF91emVzSA1YBGhNiAEBmAENuAEKyAEF2AEB6AEB-AEDiAIBqAIDuAK6gLbBBsACAdICJGY5NjVlYjRjLTk0ZTAtNGIxYS1hZDBmLWMzNmNjODAyZDkzMdgCBeACAQ&ucfs=1&arphpl=1&group_adults=2&req_adults=2&no_rooms=1&group_children=0&req_children=0&hpos=7&hapos=7&sr_order=popularity&srpvid=00c5345d3e530474&srepoch=1747812411&from=searchresults,44.01246437098573,4.421800111045059,"Doté d’une piscine extérieure, le Boutique Hôtel Entraigues vous accueille à Uzès, dans le Languedoc-Roussillon, à 32 km d’Avignon. Il possède une terrasse bien exposée et offre une vue sur la ville. ",4.0,8.9
69,23,Uzès,19.24,0.19,1.28,17.77,Une chambre à Uzès,https://www.booking.com/hotel/fr/une-chambre-a-uzes.fr.html?aid=304142&label=gen173nr-1FCAQoggJCC3NlYXJjaF91emVzSA1YBGhNiAEBmAENuAEKyAEF2AEB6AEB-AEDiAIBqAIDuAK6gLbBBsACAdICJGY5NjVlYjRjLTk0ZTAtNGIxYS1hZDBmLWMzNmNjODAyZDkzMdgCBeACAQ&ucfs=1&arphpl=1&group_adults=2&req_adults=2&no_rooms=1&group_children=0&req_children=0&hpos=4&hapos=4&sr_order=popularity&srpvid=00c5345d3e530474&srepoch=1747812411&from=searchresults,44.011832299958,4.4185004987420005,Hébergement géré par un particulier,,9.2
70,23,Uzès,19.24,0.19,1.28,17.77,Vallee de l Eure,https://www.booking.com/hotel/fr/vallee-de-l-eure.fr.html?aid=304142&label=gen173nr-1FCAQoggJCC3NlYXJjaF91emVzSA1YBGhNiAEBmAENuAEKyAEF2AEB6AEB-AEDiAIBqAIDuAK6gLbBBsACAdICJGY5NjVlYjRjLTk0ZTAtNGIxYS1hZDBmLWMzNmNjODAyZDkzMdgCBeACAQ&ucfs=1&arphpl=1&group_adults=2&req_adults=2&no_rooms=1&group_children=0&req_children=0&hpos=6&hapos=6&sr_order=popularity&srpvid=00c5345d3e530474&srepoch=1747812411&from=searchresults,44.0106675,4.4203338,Hébergement géré par un particulier,,9.5
71,23,Uzès,19.24,0.19,1.28,17.77,Le Joubert Hôtel Particulier,https://www.booking.com/hotel/fr/studio-particulier-du-17e-siecle.fr.html?aid=304142&label=gen173nr-1FCAQoggJCC3NlYXJjaF91emVzSA1YBGhNiAEBmAENuAEKyAEF2AEB6AEB-AEDiAIBqAIDuAK6gLbBBsACAdICJGY5NjVlYjRjLTk0ZTAtNGIxYS1hZDBmLWMzNmNjODAyZDkzMdgCBeACAQ&ucfs=1&arphpl=1&group_adults=2&req_adults=2&no_rooms=1&group_children=0&req_children=0&hpos=3&hapos=3&sr_order=popularity&srpvid=00c5345d3e530474&srepoch=1747812411&from=searchresults,44.0125143,4.4185536,Hébergement géré par un particulier,,9.0
72,23,Uzès,19.24,0.19,1.28,17.77,"La Casita - Studio Confort avec Parking privé - Lit douillet - Centre Uzès, Pont du Gard",https://www.booking.com/hotel/fr/chic-et-cosy-agreable-studio-renove-centre-d-uzes.fr.html?aid=304142&label=gen173nr-1FCAQoggJCC3NlYXJjaF91emVzSA1YBGhNiAEBmAENuAEKyAEF2AEB6AEB-AEDiAIBqAIDuAK6gLbBBsACAdICJGY5NjVlYjRjLTk0ZTAtNGIxYS1hZDBmLWMzNmNjODAyZDkzMdgCBeACAQ&ucfs=1&arphpl=1&group_adults=2&req_adults=2&no_rooms=1&group_children=0&req_children=0&hpos=5&hapos=5&sr_order=popularity&srpvid=00c5345d3e530474&srepoch=1747812411&from=searchresults,44.0121521,4.4169701,Hébergement géré par un particulier,,8.9
73,23,Uzès,19.24,0.19,1.28,17.77,La Taverne,https://www.booking.com/hotel/fr/la-taverne.fr.html?aid=304142&label=gen173nr-1FCAQoggJCC3NlYXJjaF91emVzSA1YBGhNiAEBmAENuAEKyAEF2AEB6AEB-AEDiAIBqAIDuAK6gLbBBsACAdICJGY5NjVlYjRjLTk0ZTAtNGIxYS1hZDBmLWMzNmNjODAyZDkzMdgCBeACAQ&ucfs=1&arphpl=1&group_adults=2&req_adults=2&no_rooms=1&group_children=0&req_children=0&hpos=1&hapos=1&sr_order=popularity&srpvid=00c5345d3e530474&srepoch=1747812411&from=searchresults,44.014659,4.4200515,"La Taverne est située à Uzès, dans une rue piétonne, à seulement 2 minutes à pied du château du Duché. L'office de tourisme se trouve à 100 mètres et le musée Haribo est à 3 km. ",2.0,8.6
74,23,Uzès,19.24,0.19,1.28,17.77,Hôtel Le SAINT-GENIÈS,https://www.booking.com/hotel/fr/le-saint-genies.fr.html?aid=304142&label=gen173nr-1FCAQoggJCC3NlYXJjaF91emVzSA1YBGhNiAEBmAENuAEKyAEF2AEB6AEB-AEDiAIBqAIDuAK6gLbBBsACAdICJGY5NjVlYjRjLTk0ZTAtNGIxYS1hZDBmLWMzNmNjODAyZDkzMdgCBeACAQ&ucfs=1&arphpl=1&group_adults=2&req_adults=2&no_rooms=1&group_children=0&req_children=0&hpos=2&hapos=2&sr_order=popularity&srpvid=00c5345d3e530474&srepoch=1747812411&from=searchresults,44.023394710582856,4.419290721416473,"Cet hôtel à la gestion familiale est situé au cœur d'un jardin, dans un quartier résidentiel paisible à 1,5 km du centre historique d'Uzès. ",3.0,9.1
75,20,Marseille,20.14,0.39,2.03,17.72,B&B HOTEL Marseille Centre La Joliette,https://www.booking.com/hotel/fr/b-amp-b-ha-tel-marseille-centre-la-joliette.fr.html?aid=304142&label=gen173nr-1FCAQoggJCEHNlYXJjaF9tYXJzZWlsbGVIDVgEaE2IAQGYAQ24AQrIAQXYAQHoAQH4AQOIAgGoAgO4ArmAtsEGwAIB0gIkZTU4Y2RkZjAtMmIxNi00ZmEwLWJiMDgtNmFkMjgxNzBiY2Y42AIF4AIB&ucfs=1&arphpl=1&group_adults=2&req_adults=2&no_rooms=1&group_children=0&req_children=0&hpos=25&hapos=25&sr_order=popularity&srpvid=17e2345c4b960f37&srepoch=1747812410&from_sustainable_property_sr=1&from=searchresults,43.304919754230845,5.367890149354935,"Doté d'une connexion Wi-Fi gratuite dans l'ensemble de ses locaux, le B&B Hôtel Marseille Centre est situé à seulement 150 mètres de la station de métro La Joliette, qui permet de rejoindre...",3.0,7.2
76,20,Marseille,20.14,0.39,2.03,17.72,Appart'hôtel Odalys City - Marseille Prado,https://www.booking.com/hotel/fr/appart-39-odalys-prado-castellane.fr.html?aid=304142&label=gen173nr-1FCAQoggJCEHNlYXJjaF9tYXJzZWlsbGVIDVgEaE2IAQGYAQ24AQrIAQXYAQHoAQH4AQOIAgGoAgO4ArmAtsEGwAIB0gIkZTU4Y2RkZjAtMmIxNi00ZmEwLWJiMDgtNmFkMjgxNzBiY2Y42AIF4AIB&ucfs=1&arphpl=1&group_adults=2&req_adults=2&no_rooms=1&group_children=0&req_children=0&hpos=24&hapos=24&sr_order=popularity&srpvid=17e2345c4b960f37&srepoch=1747812410&from=searchresults,43.27977451519358,5.390534698963165,"Situé à Marseille, en Provence-Alpes-Côte d’Azur, à 1,1 km du stade Vélodrome, l’Appart'hôtel Odalys City - Marseille Prado propose une terrasse chauffée et une salle de sport. ",3.0,7.7
77,20,Marseille,20.14,0.39,2.03,17.72,Residhotel Le Grand Prado,https://www.booking.com/hotel/fr/le-grand-prado-marseille.fr.html?aid=304142&label=gen173nr-1FCAQoggJCEHNlYXJjaF9tYXJzZWlsbGVIDVgEaE2IAQGYAQ24AQrIAQXYAQHoAQH4AQOIAgGoAgO4ArmAtsEGwAIB0gIkZTU4Y2RkZjAtMmIxNi00ZmEwLWJiMDgtNmFkMjgxNzBiY2Y42AIF4AIB&ucfs=1&arphpl=1&group_adults=2&req_adults=2&no_rooms=1&group_children=0&req_children=0&hpos=23&hapos=23&sr_order=popularity&srpvid=17e2345c4b960f37&srepoch=1747812410&from=searchresults,43.2808012424265,5.388253480195999,"Le Residhotel Le Grand Prado est situé dans le centre de Marseille, à 100 mètres de la station de métro Périer. Cette résidence propose des appartements et des studios meublés avec une kitchenette. ",3.0,6.9
78,20,Marseille,20.14,0.39,2.03,17.72,Appart'City Classic Marseille Euromed,https://www.booking.com/hotel/fr/appart-city-marseille-euromed.fr.html?aid=304142&label=gen173nr-1FCAQoggJCEHNlYXJjaF9tYXJzZWlsbGVIDVgEaE2IAQGYAQ24AQrIAQXYAQHoAQH4AQOIAgGoAgO4ArmAtsEGwAIB0gIkZTU4Y2RkZjAtMmIxNi00ZmEwLWJiMDgtNmFkMjgxNzBiY2Y42AIF4AIB&ucfs=1&arphpl=1&group_adults=2&req_adults=2&no_rooms=1&group_children=0&req_children=0&hpos=22&hapos=22&sr_order=popularity&srpvid=17e2345c4b960f37&srepoch=1747812410&from_sustainable_property_sr=1&from=searchresults,43.3148132,5.36946510000007,"Situé à Marseille, l'Appart'City Classic Marseille Euromed propose des hébergements indépendants non-fumeurs, à 350 mètres de 2 arrêts de tramway permettant de rejoindre le Vieux-Port et la gare. ",3.0,7.5
79,20,Marseille,20.14,0.39,2.03,17.72,Spondeo Studio - Plein coeur du Vieux Port,https://www.booking.com/hotel/fr/spondeo-suites-appartement-en-plein-coeur-du-vieux-port.fr.html?aid=304142&label=gen173nr-1FCAQoggJCEHNlYXJjaF9tYXJzZWlsbGVIDVgEaE2IAQGYAQ24AQrIAQXYAQHoAQH4AQOIAgGoAgO4ArmAtsEGwAIB0gIkZTU4Y2RkZjAtMmIxNi00ZmEwLWJiMDgtNmFkMjgxNzBiY2Y42AIF4AIB&ucfs=1&arphpl=1&group_adults=2&req_adults=2&no_rooms=1&group_children=0&req_children=0&hpos=17&hapos=17&sr_order=popularity&srpvid=17e2345c4b960f37&srepoch=1747812410&from=searchresults,43.2920623,5.3707287,Hébergement géré par un particulier,,
80,20,Marseille,20.14,0.39,2.03,17.72,Les Appartements du Vieux Port,https://www.booking.com/hotel/fr/les-jardins-du-ga-c-na-c-ral.fr.html?aid=304142&label=gen173nr-1FCAQoggJCEHNlYXJjaF9tYXJzZWlsbGVIDVgEaE2IAQGYAQ24AQrIAQXYAQHoAQH4AQOIAgGoAgO4ArmAtsEGwAIB0gIkZTU4Y2RkZjAtMmIxNi00ZmEwLWJiMDgtNmFkMjgxNzBiY2Y42AIF4AIB&ucfs=1&arphpl=1&group_adults=2&req_adults=2&no_rooms=1&group_children=0&req_children=0&hpos=21&hapos=21&sr_order=popularity&srpvid=17e2345c4b960f37&srepoch=1747812410&from=searchresults,43.2951169,5.376166300000023,"Situé dans le centre-ville de Marseille, l'établissement Les Appartements du Vieux Port propose des hébergements dotés d'une connexion Wi-Fi gratuite et décorés dans un style moderne, à 150 mètres du...",,9.5
81,20,Marseille,20.14,0.39,2.03,17.72,B&B HOTEL Marseille Euromed,https://www.booking.com/hotel/fr/b-amp-b-marseille-euromed.fr.html?aid=304142&label=gen173nr-1FCAQoggJCEHNlYXJjaF9tYXJzZWlsbGVIDVgEaE2IAQGYAQ24AQrIAQXYAQHoAQH4AQOIAgGoAgO4ArmAtsEGwAIB0gIkZTU4Y2RkZjAtMmIxNi00ZmEwLWJiMDgtNmFkMjgxNzBiY2Y42AIF4AIB&ucfs=1&arphpl=1&group_adults=2&req_adults=2&no_rooms=1&group_children=0&req_children=0&hpos=20&hapos=20&sr_order=popularity&srpvid=17e2345c4b960f37&srepoch=1747812410&from_sustainable_property_sr=1&from=searchresults,43.3113494,5.371730299999967,"Situé à 2,3 km du Vieux-Port, le B&B HOTEL Marseille Euromed fournit gratuitement une connexion Wi-Fi accessible dans l'ensemble de ses locaux. ",2.0,7.6
82,20,Marseille,20.14,0.39,2.03,17.72,B&B HOTEL Marseille Prado Parc des Expositions,https://www.booking.com/hotel/fr/ibis-marseille-prado-velodrome.fr.html?aid=304142&label=gen173nr-1FCAQoggJCEHNlYXJjaF9tYXJzZWlsbGVIDVgEaE2IAQGYAQ24AQrIAQXYAQHoAQH4AQOIAgGoAgO4ArmAtsEGwAIB0gIkZTU4Y2RkZjAtMmIxNi00ZmEwLWJiMDgtNmFkMjgxNzBiY2Y42AIF4AIB&ucfs=1&arphpl=1&group_adults=2&req_adults=2&no_rooms=1&group_children=0&req_children=0&hpos=19&hapos=19&sr_order=popularity&srpvid=17e2345c4b960f37&srepoch=1747812410&from_sustainable_property_sr=1&from=searchresults,43.279513886819366,5.389181375376211,"L’établissement B&B HOTEL Marseille Prado Parc des Expositions vous accueille à Marseille, à 1,2 km de ce lieu d’intérêt : Palais des congrès et des expositions Marseille Chanot. ",3.0,7.7
83,20,Marseille,20.14,0.39,2.03,17.72,Résidence Meublée Services,https://www.booking.com/hotel/fr/ra-c-sidence-meubla-c-e-services.fr.html?aid=304142&label=gen173nr-1FCAQoggJCEHNlYXJjaF9tYXJzZWlsbGVIDVgEaE2IAQGYAQ24AQrIAQXYAQHoAQH4AQOIAgGoAgO4ArmAtsEGwAIB0gIkZTU4Y2RkZjAtMmIxNi00ZmEwLWJiMDgtNmFkMjgxNzBiY2Y42AIF4AIB&ucfs=1&arphpl=1&group_adults=2&req_adults=2&no_rooms=1&group_children=0&req_children=0&hpos=18&hapos=18&sr_order=popularity&srpvid=17e2345c4b960f37&srepoch=1747812410&from=searchresults,43.28989895775723,5.382167547941208,"La Résidence Meublée Services est située dans le centre de Marseille, à seulement 15 minutes à pied du Vieux-Port. Vous pourrez visiter la basilique Notre-Dame de la Garde à 1,5 km. ",,7.8
84,20,Marseille,20.14,0.39,2.03,17.72,The Babel Community Hôtel - Vieux Port,https://www.booking.com/hotel/fr/grand-t1-vieux-port-salle-de-sport-amp-rooftop.fr.html?aid=304142&label=gen173nr-1FCAQoggJCEHNlYXJjaF9tYXJzZWlsbGVIDVgEaE2IAQGYAQ24AQrIAQXYAQHoAQH4AQOIAgGoAgO4ArmAtsEGwAIB0gIkZTU4Y2RkZjAtMmIxNi00ZmEwLWJiMDgtNmFkMjgxNzBiY2Y42AIF4AIB&ucfs=1&arphpl=1&group_adults=2&req_adults=2&no_rooms=1&group_children=0&req_children=0&hpos=15&hapos=15&sr_order=popularity&srpvid=17e2345c4b960f37&srepoch=1747812410&from=searchresults,43.2937579,5.3774478,"Proposant une terrasse, un restaurant et un bar, l’établissement The Babel Community Hôtel - Vieux Port se situe dans le centre de Marseille, à respectivement 2 km et 1,2 km de ces lieux d’intérêt :...",,8.1
85,20,Marseille,20.14,0.39,2.03,17.72,MEININGER Marseille Centre la Joliette,https://www.booking.com/hotel/fr/meininger-marseille-centre-la-joliette.fr.html?aid=304142&label=gen173nr-1FCAQoggJCEHNlYXJjaF9tYXJzZWlsbGVIDVgEaE2IAQGYAQ24AQrIAQXYAQHoAQH4AQOIAgGoAgO4ArmAtsEGwAIB0gIkZTU4Y2RkZjAtMmIxNi00ZmEwLWJiMDgtNmFkMjgxNzBiY2Y42AIF4AIB&ucfs=1&arphpl=1&group_adults=2&req_adults=2&no_rooms=1&group_children=0&req_children=0&hpos=14&hapos=14&sr_order=popularity&srpvid=17e2345c4b960f37&srepoch=1747812410&from=searchresults,43.30574814984538,5.371058398811321,"L’établissement MEININGER Marseille Centre la Joliette se trouve à Marseille, à 400 mètres de ce lieu d’intérêt : Métro Joliette. ",,8.5
86,20,Marseille,20.14,0.39,2.03,17.72,Marseille City Chambres&Appartements,https://www.booking.com/hotel/fr/marseillecity-chambre-d-ha-tes-dans-un-loft.fr.html?aid=304142&label=gen173nr-1FCAQoggJCEHNlYXJjaF9tYXJzZWlsbGVIDVgEaE2IAQGYAQ24AQrIAQXYAQHoAQH4AQOIAgGoAgO4ArmAtsEGwAIB0gIkZTU4Y2RkZjAtMmIxNi00ZmEwLWJiMDgtNmFkMjgxNzBiY2Y42AIF4AIB&ucfs=1&arphpl=1&group_adults=2&req_adults=2&no_rooms=1&group_children=0&req_children=0&hpos=16&hapos=16&sr_order=popularity&srpvid=17e2345c4b960f37&srepoch=1747812410&from=searchresults,43.301956531921284,5.372294336557388,"Le Marseille City Chambres&Appartements propose des chambres et des appartements situés à 10 minutes à pied du Vieux-Port de Marseille et de Saint-Charles, la principale gare ferroviaire. ",,9.4
87,20,Marseille,20.14,0.39,2.03,17.72,Sunny Stylish Spacious Loft in Old-Port,https://www.booking.com/hotel/fr/sunny-stylish-spacious-loft-in-old-port.fr.html?aid=304142&label=gen173nr-1FCAQoggJCEHNlYXJjaF9tYXJzZWlsbGVIDVgEaE2IAQGYAQ24AQrIAQXYAQHoAQH4AQOIAgGoAgO4ArmAtsEGwAIB0gIkZTU4Y2RkZjAtMmIxNi00ZmEwLWJiMDgtNmFkMjgxNzBiY2Y42AIF4AIB&ucfs=1&arphpl=1&group_adults=2&req_adults=2&no_rooms=1&group_children=0&req_children=0&hpos=11&hapos=11&sr_order=popularity&srpvid=17e2345c4b960f37&srepoch=1747812410&from=searchresults,43.2926913,5.3724202,Hébergement géré par un particulier,,9.0
88,20,Marseille,20.14,0.39,2.03,17.72,Golden Tulip Marseille Euromed,https://www.booking.com/hotel/fr/golden-tulip.fr.html?aid=304142&label=gen173nr-1FCAQoggJCEHNlYXJjaF9tYXJzZWlsbGVIDVgEaE2IAQGYAQ24AQrIAQXYAQHoAQH4AQOIAgGoAgO4ArmAtsEGwAIB0gIkZTU4Y2RkZjAtMmIxNi00ZmEwLWJiMDgtNmFkMjgxNzBiY2Y42AIF4AIB&ucfs=1&arphpl=1&group_adults=2&req_adults=2&no_rooms=1&group_children=0&req_children=0&hpos=13&hapos=13&sr_order=popularity&srpvid=17e2345c4b960f37&srepoch=1747812410&from_sustainable_property_sr=1&from=searchresults,43.309721767182005,5.367034441568762,"Situé à Marseille, à seulement 500 mètres du centre commercial Les Terrasses du Port, le Golden Tulip Marseille Euromed offre une vue sur la mer. ",4.0,7.8
89,20,Marseille,20.14,0.39,2.03,17.72,B&B HOTEL Marseille Prado Vélodrome,https://www.booking.com/hotel/fr/b-amp-b-marseille-velodrome-prado.fr.html?aid=304142&label=gen173nr-1FCAQoggJCEHNlYXJjaF9tYXJzZWlsbGVIDVgEaE2IAQGYAQ24AQrIAQXYAQHoAQH4AQOIAgGoAgO4ArmAtsEGwAIB0gIkZTU4Y2RkZjAtMmIxNi00ZmEwLWJiMDgtNmFkMjgxNzBiY2Y42AIF4AIB&ucfs=1&arphpl=1&group_adults=2&req_adults=2&no_rooms=1&group_children=0&req_children=0&hpos=10&hapos=10&sr_order=popularity&srpvid=17e2345c4b960f37&srepoch=1747812410&from_sustainable_property_sr=1&from=searchresults,43.26842246475331,5.3940965245369625,"Situé à Marseille, à 200 mètres du stade Vélodrome et à 2 km de la plage du Prado, le B&B Marseille Vélodrome Prado propose des chambres climatisées avec connexion Wi-Fi gratuite. ",3.0,7.8
90,20,Marseille,20.14,0.39,2.03,17.72,La LUNA of MARSEILLE - VILLA D'ARCHITECTE B&B,https://www.booking.com/hotel/fr/la-luna-marseille.fr.html?aid=304142&label=gen173nr-1FCAQoggJCEHNlYXJjaF9tYXJzZWlsbGVIDVgEaE2IAQGYAQ24AQrIAQXYAQHoAQH4AQOIAgGoAgO4ArmAtsEGwAIB0gIkZTU4Y2RkZjAtMmIxNi00ZmEwLWJiMDgtNmFkMjgxNzBiY2Y42AIF4AIB&ucfs=1&arphpl=1&group_adults=2&req_adults=2&no_rooms=1&group_children=0&req_children=0&hpos=9&hapos=9&sr_order=popularity&srpvid=17e2345c4b960f37&srepoch=1747812410&from=searchresults,43.27857844717706,5.358318015933037,Hébergement géré par un particulier,,9.2
91,20,Marseille,20.14,0.39,2.03,17.72,L'escapade marseillaise,https://www.booking.com/hotel/fr/escapade-marseillaise-marseille1.fr.html?aid=304142&label=gen173nr-1FCAQoggJCEHNlYXJjaF9tYXJzZWlsbGVIDVgEaE2IAQGYAQ24AQrIAQXYAQHoAQH4AQOIAgGoAgO4ArmAtsEGwAIB0gIkZTU4Y2RkZjAtMmIxNi00ZmEwLWJiMDgtNmFkMjgxNzBiY2Y42AIF4AIB&ucfs=1&arphpl=1&group_adults=2&req_adults=2&no_rooms=1&group_children=0&req_children=0&hpos=7&hapos=7&sr_order=popularity&srpvid=17e2345c4b960f37&srepoch=1747812410&from=searchresults,43.2960530158027,5.38004498220903,"L’hébergement L'escapade marseillaise vous accueille dans le centre de Marseille, à respectivement 2,2 km et 600 mètres de ces lieux d’intérêt : Plage des Catalans et Métro Vieux-Port. ",,7.4
92,20,Marseille,20.14,0.39,2.03,17.72,"6 Couchages, Wifi Fibre & NETFLIX ""experience-immo""",https://www.booking.com/hotel/fr/holiday-keys-6-couchages-wifi-fibre-amp-netflix.fr.html?aid=304142&label=gen173nr-1FCAQoggJCEHNlYXJjaF9tYXJzZWlsbGVIDVgEaE2IAQGYAQ24AQrIAQXYAQHoAQH4AQOIAgGoAgO4ArmAtsEGwAIB0gIkZTU4Y2RkZjAtMmIxNi00ZmEwLWJiMDgtNmFkMjgxNzBiY2Y42AIF4AIB&ucfs=1&arphpl=1&group_adults=2&req_adults=2&no_rooms=1&group_children=0&req_children=0&hpos=12&hapos=12&sr_order=popularity&srpvid=17e2345c4b960f37&srepoch=1747812410&from=searchresults,43.3067733,5.3711457,"L’hébergement 6 Couchages, Wifi Fibre & NETFLIX ""experience-immo"" se situe à Marseille, à respectivement 500 mètres et 800 mètres de ces lieux d’intérêt : Métro Joliette et Centre commercial Les...",,8.3
93,20,Marseille,20.14,0.39,2.03,17.72,Résidence Kley Marseille République,https://www.booking.com/hotel/fr/residence-kley-marseille-republique.fr.html?aid=304142&label=gen173nr-1FCAQoggJCEHNlYXJjaF9tYXJzZWlsbGVIDVgEaE2IAQGYAQ24AQrIAQXYAQHoAQH4AQOIAgGoAgO4ArmAtsEGwAIB0gIkZTU4Y2RkZjAtMmIxNi00ZmEwLWJiMDgtNmFkMjgxNzBiY2Y42AIF4AIB&ucfs=1&arphpl=1&group_adults=2&req_adults=2&no_rooms=1&group_children=0&req_children=0&hpos=6&hapos=6&sr_order=popularity&srpvid=17e2345c4b960f37&srepoch=1747812410&from=searchresults,43.3010928,5.3699198,Hébergement géré par un particulier,,7.8
94,20,Marseille,20.14,0.39,2.03,17.72,Hôtel Maison Montgrand - Vieux Port,https://www.booking.com/hotel/fr/montgrand.fr.html?aid=304142&label=gen173nr-1FCAQoggJCEHNlYXJjaF9tYXJzZWlsbGVIDVgEaE2IAQGYAQ24AQrIAQXYAQHoAQH4AQOIAgGoAgO4ArmAtsEGwAIB0gIkZTU4Y2RkZjAtMmIxNi00ZmEwLWJiMDgtNmFkMjgxNzBiY2Y42AIF4AIB&ucfs=1&arphpl=1&group_adults=2&req_adults=2&no_rooms=1&group_children=0&req_children=0&hpos=8&hapos=8&sr_order=popularity&srpvid=17e2345c4b960f37&srepoch=1747812410&from=searchresults,43.2909627,5.376429199999961,Hébergement géré par un particulier,3.0,8.3
95,20,Marseille,20.14,0.39,2.03,17.72,LES TOITS DU VIEUX-PORT,https://www.booking.com/hotel/fr/les-toits-du-vieux-port.fr.html?aid=304142&label=gen173nr-1FCAQoggJCEHNlYXJjaF9tYXJzZWlsbGVIDVgEaE2IAQGYAQ24AQrIAQXYAQHoAQH4AQOIAgGoAgO4ArmAtsEGwAIB0gIkZTU4Y2RkZjAtMmIxNi00ZmEwLWJiMDgtNmFkMjgxNzBiY2Y42AIF4AIB&ucfs=1&arphpl=1&group_adults=2&req_adults=2&no_rooms=1&group_children=0&req_children=0&hpos=5&hapos=5&sr_order=popularity&srpvid=17e2345c4b960f37&srepoch=1747812410&from=searchresults,43.296695,5.372832,"Bénéficiant de la climatisation, l’établissement LES TOITS DU VIEUX-PORT est situé dans le centre de Marseille, à respectivement 2 km, 300 mètres et 900 mètres de ces lieux d’intérêt : Plage des...",,8.4
96,20,Marseille,20.14,0.39,2.03,17.72,Comfort Aparthotel Marseille Prado,https://www.booking.com/hotel/fr/residencepierrevacancesmarseillepradoplage.fr.html?aid=304142&label=gen173nr-1FCAQoggJCEHNlYXJjaF9tYXJzZWlsbGVIDVgEaE2IAQGYAQ24AQrIAQXYAQHoAQH4AQOIAgGoAgO4ArmAtsEGwAIB0gIkZTU4Y2RkZjAtMmIxNi00ZmEwLWJiMDgtNmFkMjgxNzBiY2Y42AIF4AIB&ucfs=1&arphpl=1&group_adults=2&req_adults=2&no_rooms=1&group_children=0&req_children=0&hpos=4&hapos=4&sr_order=popularity&srpvid=17e2345c4b960f37&srepoch=1747812410&from=searchresults,43.26446358539696,5.375921353697777,"L’Aparthotel Marseille Prado Plage est un établissement respectueux de l’environnement situé à Marseille, à seulement 100 mètres de la plage, 2 km du stade Vélodrome et 5 km du Vieux-Port. ",3.0,7.7
97,20,Marseille,20.14,0.39,2.03,17.72,Toyoko INN Marseille Saint Charles,https://www.booking.com/hotel/fr/toyoko-inn-marseille-saint-charles.fr.html?aid=304142&label=gen173nr-1FCAQoggJCEHNlYXJjaF9tYXJzZWlsbGVIDVgEaE2IAQGYAQ24AQrIAQXYAQHoAQH4AQOIAgGoAgO4ArmAtsEGwAIB0gIkZTU4Y2RkZjAtMmIxNi00ZmEwLWJiMDgtNmFkMjgxNzBiY2Y42AIF4AIB&ucfs=1&arphpl=1&group_adults=2&req_adults=2&no_rooms=1&group_children=0&req_children=0&hpos=3&hapos=3&sr_order=popularity&srpvid=17e2345c4b960f37&srepoch=1747812410&from=searchresults,43.3044163823869,5.374714267181395,"Situé à Marseille, à seulement 5 minutes à pied de la gare de Marseille Saint-Charles, le Toyoko INN Marseille Saint Charles dispose d’un jardin et d’une connexion Wi-Fi gratuite. ",3.0,7.7
98,20,Marseille,20.14,0.39,2.03,17.72,Hôtel Hermès,https://www.booking.com/hotel/fr/hermes.fr.html?aid=304142&label=gen173nr-1FCAQoggJCEHNlYXJjaF9tYXJzZWlsbGVIDVgEaE2IAQGYAQ24AQrIAQXYAQHoAQH4AQOIAgGoAgO4ArmAtsEGwAIB0gIkZTU4Y2RkZjAtMmIxNi00ZmEwLWJiMDgtNmFkMjgxNzBiY2Y42AIF4AIB&ucfs=1&arphpl=1&group_adults=2&req_adults=2&no_rooms=1&group_children=0&req_children=0&hpos=1&hapos=1&sr_order=popularity&srpvid=17e2345c4b960f37&srepoch=1747812410&from=searchresults,43.29655283229883,5.371883288025856,"L'hôtel Hermès se situe à seulement 35 mètres du Vieux-Port, dans le centre de Marseille. Il dispose d'une connexion Wi-Fi gratuite et d'un toit-terrasse avec vue panoramique sur le port et la ville. ",2.0,8.2
99,20,Marseille,20.14,0.39,2.03,17.72,PARADISE Earth & Sea,https://www.booking.com/hotel/fr/paradise-eart-amp-sea.fr.html?aid=304142&label=gen173nr-1FCAQoggJCEHNlYXJjaF9tYXJzZWlsbGVIDVgEaE2IAQGYAQ24AQrIAQXYAQHoAQH4AQOIAgGoAgO4ArmAtsEGwAIB0gIkZTU4Y2RkZjAtMmIxNi00ZmEwLWJiMDgtNmFkMjgxNzBiY2Y42AIF4AIB&ucfs=1&arphpl=1&group_adults=2&req_adults=2&no_rooms=1&group_children=0&req_children=0&hpos=2&hapos=2&sr_order=popularity&srpvid=17e2345c4b960f37&srepoch=1747812410&from=searchresults,43.2933693,5.376677,"Proposant une connexion Wi-Fi gratuite et des hébergements avec vue sur la ville, l’établissement PARADISE Earth & Sea est idéalement situé dans le centre de Marseille, à proximité de ces lieux...",,8.7
100,27,Collioure,19.05,0.37,0.98,17.7,Hôtel Princes de Catalogne,https://www.booking.com/hotel/fr/princes-de-catalogne.fr.html?aid=304142&label=gen173nr-1FCAQoggJCEHNlYXJjaF9jb2xsaW91cmVIDVgEaE2IAQGYAQ24AQrIAQXYAQHoAQH4AQOIAgGoAgO4ArqAtsEGwAIB0gIkODE3MjNlYjItYmJjMy00YTIwLTk3NzMtNDFlNjUzMmNkZGUx2AIF4AIB&ucfs=1&arphpl=1&group_adults=2&req_adults=2&no_rooms=1&group_children=0&req_children=0&hpos=1&hapos=1&sr_order=popularity&srpvid=4f70345dda771bc0&srepoch=1747812411&from=searchresults,42.525914313393564,3.0826815962791443,"Installé dans la ville pittoresque de Collioure, l’Hôtel Princes de Catalogne vous accueille sur une place tranquille, à 400 mètres de la plage. ",3.0,8.3
101,27,Collioure,19.05,0.37,0.98,17.7,appart central et son parking privatif gratuit,https://www.booking.com/hotel/fr/appart-central-collioure.fr.html?aid=304142&label=gen173nr-1FCAQoggJCEHNlYXJjaF9jb2xsaW91cmVIDVgEaE2IAQGYAQ24AQrIAQXYAQHoAQH4AQOIAgGoAgO4ArqAtsEGwAIB0gIkODE3MjNlYjItYmJjMy00YTIwLTk3NzMtNDFlNjUzMmNkZGUx2AIF4AIB&ucfs=1&arphpl=1&group_adults=2&req_adults=2&no_rooms=1&group_children=0&req_children=0&hpos=25&hapos=25&sr_order=popularity&srpvid=4f70345dda771bc0&srepoch=1747812411&from=searchresults,42.524882420258024,3.0818789317017803,"L’hébergement appart central et son parking privatif gratuit vous accueille à Collioure, à 300 mètres de ce lieu d’intérêt : Plage de Port d’Avall. ",,9.0
102,27,Collioure,19.05,0.37,0.98,17.7,Residence Pierre & Vacances Les Balcons de Collioure,https://www.booking.com/hotel/fr/maevabalconsdecollioure.fr.html?aid=304142&label=gen173nr-1FCAQoggJCEHNlYXJjaF9jb2xsaW91cmVIDVgEaE2IAQGYAQ24AQrIAQXYAQHoAQH4AQOIAgGoAgO4ArqAtsEGwAIB0gIkODE3MjNlYjItYmJjMy00YTIwLTk3NzMtNDFlNjUzMmNkZGUx2AIF4AIB&ucfs=1&arphpl=1&group_adults=2&req_adults=2&no_rooms=1&group_children=0&req_children=0&hpos=24&hapos=24&sr_order=popularity&srpvid=4f70345dda771bc0&srepoch=1747812411&from=searchresults,42.525106327083726,3.0904361978173256,La Residence Pierre & Vacances Les Balcons de Collioure propose des hébergements indépendants et confortables à seulement 500 mètres de la plage. ,3.0,8.0
103,27,Collioure,19.05,0.37,0.98,17.7,"Charmant T2 au calme avec vue mer, proche centre de Collioure et parking",https://www.booking.com/hotel/fr/joli-t2-vue-mer-au-calme.fr.html?aid=304142&label=gen173nr-1FCAQoggJCEHNlYXJjaF9jb2xsaW91cmVIDVgEaE2IAQGYAQ24AQrIAQXYAQHoAQH4AQOIAgGoAgO4ArqAtsEGwAIB0gIkODE3MjNlYjItYmJjMy00YTIwLTk3NzMtNDFlNjUzMmNkZGUx2AIF4AIB&ucfs=1&arphpl=1&group_adults=2&req_adults=2&no_rooms=1&group_children=0&req_children=0&hpos=21&hapos=21&sr_order=popularity&srpvid=4f70345dda771bc0&srepoch=1747812411&from=searchresults,42.522698010833,3.0819251730159998,Hébergement géré par un particulier,,8.7
104,27,Collioure,19.05,0.37,0.98,17.7,Maison Nova - Boutique Hôtel & Spa,https://www.booking.com/hotel/fr/boutique-maison-nova.fr.html?aid=304142&label=gen173nr-1FCAQoggJCEHNlYXJjaF9jb2xsaW91cmVIDVgEaE2IAQGYAQ24AQrIAQXYAQHoAQH4AQOIAgGoAgO4ArqAtsEGwAIB0gIkODE3MjNlYjItYmJjMy00YTIwLTk3NzMtNDFlNjUzMmNkZGUx2AIF4AIB&ucfs=1&arphpl=1&group_adults=2&req_adults=2&no_rooms=1&group_children=0&req_children=0&hpos=22&hapos=22&sr_order=popularity&srpvid=4f70345dda771bc0&srepoch=1747812411&from=searchresults,42.5288828,3.0793938,"L’établissement Maison Nova - Boutique Hôtel & Spa se situe à Collioure, à 600 mètres de ce lieu d’intérêt : Plage Boramar. ",5.0,9.2
105,27,Collioure,19.05,0.37,0.98,17.7,Logement 50 m de la plage Arrivée et Départ Autonome,https://www.booking.com/hotel/fr/logement-en-bord-de-mer.fr.html?aid=304142&label=gen173nr-1FCAQoggJCEHNlYXJjaF9jb2xsaW91cmVIDVgEaE2IAQGYAQ24AQrIAQXYAQHoAQH4AQOIAgGoAgO4ArqAtsEGwAIB0gIkODE3MjNlYjItYmJjMy00YTIwLTk3NzMtNDFlNjUzMmNkZGUx2AIF4AIB&ucfs=1&arphpl=1&group_adults=2&req_adults=2&no_rooms=1&group_children=0&req_children=0&hpos=18&hapos=18&sr_order=popularity&srpvid=4f70345dda771bc0&srepoch=1747812411&from=searchresults,42.5238601,3.0839396,Hébergement géré par un particulier,,8.8
106,27,Collioure,19.05,0.37,0.98,17.7,Appartement dans le quartier recherché du mouré,https://www.booking.com/hotel/fr/appartement-dans-le-quartier-recherche-du-moure-collioure.fr.html?aid=304142&label=gen173nr-1FCAQoggJCEHNlYXJjaF9jb2xsaW91cmVIDVgEaE2IAQGYAQ24AQrIAQXYAQHoAQH4AQOIAgGoAgO4ArqAtsEGwAIB0gIkODE3MjNlYjItYmJjMy00YTIwLTk3NzMtNDFlNjUzMmNkZGUx2AIF4AIB&ucfs=1&arphpl=1&group_adults=2&req_adults=2&no_rooms=1&group_children=0&req_children=0&hpos=23&hapos=23&sr_order=popularity&srpvid=4f70345dda771bc0&srepoch=1747812411&from=searchresults,42.528101,3.0853391,Hébergement géré par un particulier,,8.9
107,27,Collioure,19.05,0.37,0.98,17.7,2VSE-COB270 Studio proche plage,https://www.booking.com/hotel/fr/val-st-elme-2cobla567.fr.html?aid=304142&label=gen173nr-1FCAQoggJCEHNlYXJjaF9jb2xsaW91cmVIDVgEaE2IAQGYAQ24AQrIAQXYAQHoAQH4AQOIAgGoAgO4ArqAtsEGwAIB0gIkODE3MjNlYjItYmJjMy00YTIwLTk3NzMtNDFlNjUzMmNkZGUx2AIF4AIB&ucfs=1&arphpl=1&group_adults=2&req_adults=2&no_rooms=1&group_children=0&req_children=0&hpos=20&hapos=20&sr_order=popularity&srpvid=4f70345dda771bc0&srepoch=1747812411&from=searchresults,42.522889,3.08599200000003,"L’hébergement 2VSE-COB270 Studio proche plage offre une vue sur la montagne, à environ 600 mètres de ce lieu d’intérêt : Château Royal de Collioure. Il comprend un balcon et une machine à café. ",,8.0
108,27,Collioure,19.05,0.37,0.98,17.7,Au coeur de Collioure,https://www.booking.com/hotel/fr/au-coeur-de-collioure.fr.html?aid=304142&label=gen173nr-1FCAQoggJCEHNlYXJjaF9jb2xsaW91cmVIDVgEaE2IAQGYAQ24AQrIAQXYAQHoAQH4AQOIAgGoAgO4ArqAtsEGwAIB0gIkODE3MjNlYjItYmJjMy00YTIwLTk3NzMtNDFlNjUzMmNkZGUx2AIF4AIB&ucfs=1&arphpl=1&group_adults=2&req_adults=2&no_rooms=1&group_children=0&req_children=0&hpos=19&hapos=19&sr_order=popularity&srpvid=4f70345dda771bc0&srepoch=1747812411&from=searchresults,42.5273935,3.0847579,Hébergement géré par un particulier,3.0,9.4
109,27,Collioure,19.05,0.37,0.98,17.7,Le Mas des Citronniers,https://www.booking.com/hotel/fr/lesmasdescitronniers.fr.html?aid=304142&label=gen173nr-1FCAQoggJCEHNlYXJjaF9jb2xsaW91cmVIDVgEaE2IAQGYAQ24AQrIAQXYAQHoAQH4AQOIAgGoAgO4ArqAtsEGwAIB0gIkODE3MjNlYjItYmJjMy00YTIwLTk3NzMtNDFlNjUzMmNkZGUx2AIF4AIB&ucfs=1&arphpl=1&group_adults=2&req_adults=2&no_rooms=1&group_children=0&req_children=0&hpos=17&hapos=17&sr_order=popularity&srpvid=4f70345dda771bc0&srepoch=1747812411&from=searchresults,42.52538158720205,3.082563914358616,"L'hôtel ne possède pas de parking privé, mais quelques places de stationnement gratuites sont disponibles en face de l'établissement. ",3.0,8.4
110,27,Collioure,19.05,0.37,0.98,17.7,6BAT3 Appartement vue mer,https://www.booking.com/hotel/fr/residence-des-batteries-6bat3.fr.html?aid=304142&label=gen173nr-1FCAQoggJCEHNlYXJjaF9jb2xsaW91cmVIDVgEaE2IAQGYAQ24AQrIAQXYAQHoAQH4AQOIAgGoAgO4ArqAtsEGwAIB0gIkODE3MjNlYjItYmJjMy00YTIwLTk3NzMtNDFlNjUzMmNkZGUx2AIF4AIB&ucfs=1&arphpl=1&group_adults=2&req_adults=2&no_rooms=1&group_children=0&req_children=0&hpos=15&hapos=15&sr_order=popularity&srpvid=4f70345dda771bc0&srepoch=1747812411&from=searchresults,42.5244934,3.0972159,"Bénéficiant d’un emplacement en bord de mer, l’hébergement 6BAT3 Appartement vue mer se trouve à Collioure, à respectivement quelques pas et 2,4 km de ces lieux d’intérêt : Plage de Reguers et Château...",,9.8
111,27,Collioure,19.05,0.37,0.98,17.7,Appartement fonctionnel hauteurs de Collioure,https://www.booking.com/hotel/fr/appartement-fonctionnel-a-collioure.fr.html?aid=304142&label=gen173nr-1FCAQoggJCEHNlYXJjaF9jb2xsaW91cmVIDVgEaE2IAQGYAQ24AQrIAQXYAQHoAQH4AQOIAgGoAgO4ArqAtsEGwAIB0gIkODE3MjNlYjItYmJjMy00YTIwLTk3NzMtNDFlNjUzMmNkZGUx2AIF4AIB&ucfs=1&arphpl=1&group_adults=2&req_adults=2&no_rooms=1&group_children=0&req_children=0&hpos=16&hapos=16&sr_order=popularity&srpvid=4f70345dda771bc0&srepoch=1747812411&from=searchresults,42.5218134892157,3.07335784194191,Hébergement géré par un particulier,,8.1
112,27,Collioure,19.05,0.37,0.98,17.7,Résidence du Soleil,https://www.booking.com/hotel/fr/residence-du-soleil-collioure.fr.html?aid=304142&label=gen173nr-1FCAQoggJCEHNlYXJjaF9jb2xsaW91cmVIDVgEaE2IAQGYAQ24AQrIAQXYAQHoAQH4AQOIAgGoAgO4ArqAtsEGwAIB0gIkODE3MjNlYjItYmJjMy00YTIwLTk3NzMtNDFlNjUzMmNkZGUx2AIF4AIB&ucfs=1&arphpl=1&group_adults=2&req_adults=2&no_rooms=1&group_children=0&req_children=0&hpos=14&hapos=14&sr_order=popularity&srpvid=4f70345dda771bc0&srepoch=1747812411&from=searchresults,42.5231175442504,3.08542529814758,"Situé dans le centre-ville de Collioure, à 400 mètres du château royal et à 100 mètres de la plage, l'appartement Le Château de Collioure dispose d'une terrasse et d'un jardin. ",,8.4
113,27,Collioure,19.05,0.37,0.98,17.7,Hôtel La Casa Pairal,https://www.booking.com/hotel/fr/hotelcasapairal.fr.html?aid=304142&label=gen173nr-1FCAQoggJCEHNlYXJjaF9jb2xsaW91cmVIDVgEaE2IAQGYAQ24AQrIAQXYAQHoAQH4AQOIAgGoAgO4ArqAtsEGwAIB0gIkODE3MjNlYjItYmJjMy00YTIwLTk3NzMtNDFlNjUzMmNkZGUx2AIF4AIB&ucfs=1&arphpl=1&group_adults=2&req_adults=2&no_rooms=1&group_children=0&req_children=0&hpos=13&hapos=13&sr_order=popularity&srpvid=4f70345dda771bc0&srepoch=1747812411&from=searchresults,42.5261673320343,3.082355707883835,"Situé à 250 mètres de la plage et du port de Collioure, l’Hôtel La Casa Pairal propose un jardin fleuri exotique et une piscine extérieure chauffée. ",4.0,9.0
114,27,Collioure,19.05,0.37,0.98,17.7,La Frégate,https://www.booking.com/hotel/fr/la-fra-c-gate-collioure.fr.html?aid=304142&label=gen173nr-1FCAQoggJCEHNlYXJjaF9jb2xsaW91cmVIDVgEaE2IAQGYAQ24AQrIAQXYAQHoAQH4AQOIAgGoAgO4ArqAtsEGwAIB0gIkODE3MjNlYjItYmJjMy00YTIwLTk3NzMtNDFlNjUzMmNkZGUx2AIF4AIB&ucfs=1&arphpl=1&group_adults=2&req_adults=2&no_rooms=1&group_children=0&req_children=0&hpos=12&hapos=12&sr_order=popularity&srpvid=4f70345dda771bc0&srepoch=1747812411&from=searchresults,42.52638625163285,3.083256594836712,"Situé à Collioure, l’établissement La Frégate comprend un salon commun, une terrasse, un restaurant et un bar. ",3.0,8.1
115,27,Collioure,19.05,0.37,0.98,17.7,Les Roches Brunes,https://www.booking.com/hotel/fr/les-roches-brunes-collioure.fr.html?aid=304142&label=gen173nr-1FCAQoggJCEHNlYXJjaF9jb2xsaW91cmVIDVgEaE2IAQGYAQ24AQrIAQXYAQHoAQH4AQOIAgGoAgO4ArqAtsEGwAIB0gIkODE3MjNlYjItYmJjMy00YTIwLTk3NzMtNDFlNjUzMmNkZGUx2AIF4AIB&ucfs=1&arphpl=1&group_adults=2&req_adults=2&no_rooms=1&group_children=0&req_children=0&hpos=11&hapos=11&sr_order=popularity&srpvid=4f70345dda771bc0&srepoch=1747812411&from=searchresults,42.52534777273077,3.0903244632682725,"L’établissement Les Roches Brunes se trouve à Collioure, à quelques pas de ce lieu d’intérêt : Plage La Balette. Il propose un jardin, une terrasse, un restaurant et un parking privé gratuit. ",4.0,9.2
116,27,Collioure,19.05,0.37,0.98,17.7,Hotel Méditerranée,https://www.booking.com/hotel/fr/mediterranee-collioure.fr.html?aid=304142&label=gen173nr-1FCAQoggJCEHNlYXJjaF9jb2xsaW91cmVIDVgEaE2IAQGYAQ24AQrIAQXYAQHoAQH4AQOIAgGoAgO4ArqAtsEGwAIB0gIkODE3MjNlYjItYmJjMy00YTIwLTk3NzMtNDFlNjUzMmNkZGUx2AIF4AIB&ucfs=1&arphpl=1&group_adults=2&req_adults=2&no_rooms=1&group_children=0&req_children=0&hpos=10&hapos=10&sr_order=popularity&srpvid=4f70345dda771bc0&srepoch=1747812411&from=searchresults,42.52708253934128,3.080262914299965,"Doté d'un jardin de style méditerranéen et d'une terrasse, l'Hotel Méditerranée se trouve à Collioure, à 5 minutes de marche de la plage la plus proche. ",3.0,8.2
117,27,Collioure,19.05,0.37,0.98,17.7,Hôtel Triton,https://www.booking.com/hotel/fr/triton.fr.html?aid=304142&label=gen173nr-1FCAQoggJCEHNlYXJjaF9jb2xsaW91cmVIDVgEaE2IAQGYAQ24AQrIAQXYAQHoAQH4AQOIAgGoAgO4ArqAtsEGwAIB0gIkODE3MjNlYjItYmJjMy00YTIwLTk3NzMtNDFlNjUzMmNkZGUx2AIF4AIB&ucfs=1&arphpl=1&group_adults=2&req_adults=2&no_rooms=1&group_children=0&req_children=0&hpos=9&hapos=9&sr_order=popularity&srpvid=4f70345dda771bc0&srepoch=1747812411&from=searchresults,42.52371617082933,3.0871347337961197,"Situé sur la plage du Boutiquet, l’Hôtel Triton propose des chambres climatisées donnant sur la baie de Collioure ou sur les Pyrénées. ",2.0,7.4
118,27,Collioure,19.05,0.37,0.98,17.7,location Coma Chéric et parking,https://www.booking.com/hotel/fr/location-coma-cheric.fr.html?aid=304142&label=gen173nr-1FCAQoggJCEHNlYXJjaF9jb2xsaW91cmVIDVgEaE2IAQGYAQ24AQrIAQXYAQHoAQH4AQOIAgGoAgO4ArqAtsEGwAIB0gIkODE3MjNlYjItYmJjMy00YTIwLTk3NzMtNDFlNjUzMmNkZGUx2AIF4AIB&ucfs=1&arphpl=1&group_adults=2&req_adults=2&no_rooms=1&group_children=0&req_children=0&hpos=8&hapos=8&sr_order=popularity&srpvid=4f70345dda771bc0&srepoch=1747812411&from=searchresults,42.52298110659616,3.0873043662110344,Hébergement géré par un particulier,,9.6
119,27,Collioure,19.05,0.37,0.98,17.7,"Matisse studio in centre near beach w/ balcony, AC",https://www.booking.com/hotel/fr/matisse-studio-in-centre-near-beach-w-balcony-ac.fr.html?aid=304142&label=gen173nr-1FCAQoggJCEHNlYXJjaF9jb2xsaW91cmVIDVgEaE2IAQGYAQ24AQrIAQXYAQHoAQH4AQOIAgGoAgO4ArqAtsEGwAIB0gIkODE3MjNlYjItYmJjMy00YTIwLTk3NzMtNDFlNjUzMmNkZGUx2AIF4AIB&ucfs=1&arphpl=1&group_adults=2&req_adults=2&no_rooms=1&group_children=0&req_children=0&hpos=7&hapos=7&sr_order=popularity&srpvid=4f70345dda771bc0&srepoch=1747812411&from=searchresults,42.5270323,3.0845335,Hébergement géré par un particulier,,8.9
120,27,Collioure,19.05,0.37,0.98,17.7,Les Jasmins,https://www.booking.com/hotel/fr/chambre-d-39-hotes-les-jasmins.fr.html?aid=304142&label=gen173nr-1FCAQoggJCEHNlYXJjaF9jb2xsaW91cmVIDVgEaE2IAQGYAQ24AQrIAQXYAQHoAQH4AQOIAgGoAgO4ArqAtsEGwAIB0gIkODE3MjNlYjItYmJjMy00YTIwLTk3NzMtNDFlNjUzMmNkZGUx2AIF4AIB&ucfs=1&arphpl=1&group_adults=2&req_adults=2&no_rooms=1&group_children=0&req_children=0&hpos=6&hapos=6&sr_order=popularity&srpvid=4f70345dda771bc0&srepoch=1747812411&from=searchresults,42.52354809682024,3.081873793982936,"La Chambre d'hôtes Les Jasmins est située à Collioure, à 4 minutes à pied de la plage. Une connexion Wi-Fi est disponible gratuitement. Argeles-sur-Mer se trouve à 14 minutes en voiture. ",,8.5
121,27,Collioure,19.05,0.37,0.98,17.7,La Chambre De Salome,https://www.booking.com/hotel/fr/la-chambre-de-salome.fr.html?aid=304142&label=gen173nr-1FCAQoggJCEHNlYXJjaF9jb2xsaW91cmVIDVgEaE2IAQGYAQ24AQrIAQXYAQHoAQH4AQOIAgGoAgO4ArqAtsEGwAIB0gIkODE3MjNlYjItYmJjMy00YTIwLTk3NzMtNDFlNjUzMmNkZGUx2AIF4AIB&ucfs=1&arphpl=1&group_adults=2&req_adults=2&no_rooms=1&group_children=0&req_children=0&hpos=4&hapos=4&sr_order=popularity&srpvid=4f70345dda771bc0&srepoch=1747812411&from=searchresults,42.52111689594046,3.0773091316223145,Hébergement géré par un particulier,,8.6
122,27,Collioure,19.05,0.37,0.98,17.7,Studio Centre Plage parking gratuit,https://www.booking.com/hotel/fr/studio-centre-plage-collioure.fr.html?aid=304142&label=gen173nr-1FCAQoggJCEHNlYXJjaF9jb2xsaW91cmVIDVgEaE2IAQGYAQ24AQrIAQXYAQHoAQH4AQOIAgGoAgO4ArqAtsEGwAIB0gIkODE3MjNlYjItYmJjMy00YTIwLTk3NzMtNDFlNjUzMmNkZGUx2AIF4AIB&ucfs=1&arphpl=1&group_adults=2&req_adults=2&no_rooms=1&group_children=0&req_children=0&hpos=5&hapos=5&sr_order=popularity&srpvid=4f70345dda771bc0&srepoch=1747812411&from=searchresults,42.522987676567986,3.087329664129035,"L’hébergement Studio Centre Plage parking gratuit se trouve à Collioure, à respectivement quelques pas, 700 mètres et 34 km de ces lieux d’intérêt : Plage Boutigue, Château Royal de Collioure et Stade...",,9.2
123,27,Collioure,19.05,0.37,0.98,17.7,Canta la Mar - Vue exceptionnelle,https://www.booking.com/hotel/fr/studio-canta-la-mar-vue-exceptionnelle.fr.html?aid=304142&label=gen173nr-1FCAQoggJCEHNlYXJjaF9jb2xsaW91cmVIDVgEaE2IAQGYAQ24AQrIAQXYAQHoAQH4AQOIAgGoAgO4ArqAtsEGwAIB0gIkODE3MjNlYjItYmJjMy00YTIwLTk3NzMtNDFlNjUzMmNkZGUx2AIF4AIB&ucfs=1&arphpl=1&group_adults=2&req_adults=2&no_rooms=1&group_children=0&req_children=0&hpos=3&hapos=3&sr_order=popularity&srpvid=4f70345dda771bc0&srepoch=1747812411&from=searchresults,42.5244310979188,3.09031585214175,Hébergement géré par un particulier,,9.5
124,27,Collioure,19.05,0.37,0.98,17.7,APP' ART CENTRE PLAGE + PARKING GRATUIT,https://www.booking.com/hotel/fr/app-art-centre-plage-parking-gratuit.fr.html?aid=304142&label=gen173nr-1FCAQoggJCEHNlYXJjaF9jb2xsaW91cmVIDVgEaE2IAQGYAQ24AQrIAQXYAQHoAQH4AQOIAgGoAgO4ArqAtsEGwAIB0gIkODE3MjNlYjItYmJjMy00YTIwLTk3NzMtNDFlNjUzMmNkZGUx2AIF4AIB&ucfs=1&arphpl=1&group_adults=2&req_adults=2&no_rooms=1&group_children=0&req_children=0&hpos=2&hapos=2&sr_order=popularity&srpvid=4f70345dda771bc0&srepoch=1747812411&from=searchresults,42.5233452832972,3.08696843573436,"L’établissement APP' ART CENTRE PLAGE + PARKING GRATUIT se situe à Collioure (Languedoc-Roussillon), à proximité de ces lieux d’intérêt : Plage Boutigue et Château Royal de Collioure. ",,8.9
125,21,Aix-en-Provence,19.14,0.14,1.43,17.57,Appartement Belle Lettre 1,https://www.booking.com/hotel/fr/appartement-belle-lettre-1.fr.html?aid=304142&label=gen173nr-1FCAQoggJCFnNlYXJjaF9haXggZW4gcHJvdmVuY2VIDVgEaE2IAQGYAQ24AQrIAQXYAQHoAQH4AQOIAgGoAgO4ArmAtsEGwAIB0gIkNTJjY2EyMzAtYTMzOS00MDdkLTk5M2EtYjMyOWQ5OTIwMmE32AIF4AIB&ucfs=1&arphpl=1&group_adults=2&req_adults=2&no_rooms=1&group_children=0&req_children=0&hpos=25&hapos=25&sr_order=popularity&srpvid=916b345ca66b008e&srepoch=1747812411&from=searchresults,43.5282741,5.4523165,Hébergement géré par un particulier,,8.6
126,21,Aix-en-Provence,19.14,0.14,1.43,17.57,Le Sainte-Victoire - Studio cosy avec sa jolie terrasse - Centre ville historique,https://www.booking.com/hotel/fr/le-sainte-victoire-studio-cosy-avec-sa-jolie-terrasse-centre-ville-historique.fr.html?aid=304142&label=gen173nr-1FCAQoggJCFnNlYXJjaF9haXggZW4gcHJvdmVuY2VIDVgEaE2IAQGYAQ24AQrIAQXYAQHoAQH4AQOIAgGoAgO4ArmAtsEGwAIB0gIkNTJjY2EyMzAtYTMzOS00MDdkLTk5M2EtYjMyOWQ5OTIwMmE32AIF4AIB&ucfs=1&arphpl=1&group_adults=2&req_adults=2&no_rooms=1&group_children=0&req_children=0&hpos=24&hapos=24&sr_order=popularity&srpvid=916b345ca66b008e&srepoch=1747812411&from=searchresults,43.5292076,5.4490137,Hébergement géré par un particulier,,
127,21,Aix-en-Provence,19.14,0.14,1.43,17.57,HOTEL RESTAURANT OLYMPE,https://www.booking.com/hotel/fr/restaurant-olympe.fr.html?aid=304142&label=gen173nr-1FCAQoggJCFnNlYXJjaF9haXggZW4gcHJvdmVuY2VIDVgEaE2IAQGYAQ24AQrIAQXYAQHoAQH4AQOIAgGoAgO4ArmAtsEGwAIB0gIkNTJjY2EyMzAtYTMzOS00MDdkLTk5M2EtYjMyOWQ5OTIwMmE32AIF4AIB&ucfs=1&arphpl=1&group_adults=2&req_adults=2&no_rooms=1&group_children=0&req_children=0&hpos=23&hapos=23&sr_order=popularity&srpvid=916b345ca66b008e&srepoch=1747812411&from=searchresults,43.508036,5.439455,"L’établissement HOTEL RESTAURANT OLYMPE se trouve à Aix-en-Provence, à 27 km de ce lieu d’intérêt : Gare de Marseille-Saint-Charles. ",2.0,7.7
128,21,Aix-en-Provence,19.14,0.14,1.43,17.57,Suite Le CEZANNE,https://www.booking.com/hotel/fr/suite-le-cezanne.fr.html?aid=304142&label=gen173nr-1FCAQoggJCFnNlYXJjaF9haXggZW4gcHJvdmVuY2VIDVgEaE2IAQGYAQ24AQrIAQXYAQHoAQH4AQOIAgGoAgO4ArmAtsEGwAIB0gIkNTJjY2EyMzAtYTMzOS00MDdkLTk5M2EtYjMyOWQ5OTIwMmE32AIF4AIB&ucfs=1&arphpl=1&group_adults=2&req_adults=2&no_rooms=1&group_children=0&req_children=0&hpos=20&hapos=20&sr_order=popularity&srpvid=916b345ca66b008e&srepoch=1747812411&from=searchresults,43.5289832,5.4480209,"L’hébergement Suite Le CEZANNE se trouve dans le centre de Aix-en-Provence, à respectivement 31 km et 31 km de ces lieux d’intérêt : Gare de Marseille-Saint-Charles et Métro Joliette. ",,8.7
129,21,Aix-en-Provence,19.14,0.14,1.43,17.57,"chambre d'hote de charme ""Villa les Iris"" proche centre ville",https://www.booking.com/hotel/fr/chambre-d-hote-de-charme-proche-centre-ville.fr.html?aid=304142&label=gen173nr-1FCAQoggJCFnNlYXJjaF9haXggZW4gcHJvdmVuY2VIDVgEaE2IAQGYAQ24AQrIAQXYAQHoAQH4AQOIAgGoAgO4ArmAtsEGwAIB0gIkNTJjY2EyMzAtYTMzOS00MDdkLTk5M2EtYjMyOWQ5OTIwMmE32AIF4AIB&ucfs=1&arphpl=1&group_adults=2&req_adults=2&no_rooms=1&group_children=0&req_children=0&hpos=19&hapos=19&sr_order=popularity&srpvid=916b345ca66b008e&srepoch=1747812411&from=searchresults,43.5372687,5.4486186,Hébergement géré par un particulier,,9.0
130,21,Aix-en-Provence,19.14,0.14,1.43,17.57,Studio Aix Centre Historique,https://www.booking.com/hotel/fr/charmant-appartement-hypercentre-aix-en-provence.fr.html?aid=304142&label=gen173nr-1FCAQoggJCFnNlYXJjaF9haXggZW4gcHJvdmVuY2VIDVgEaE2IAQGYAQ24AQrIAQXYAQHoAQH4AQOIAgGoAgO4ArmAtsEGwAIB0gIkNTJjY2EyMzAtYTMzOS00MDdkLTk5M2EtYjMyOWQ5OTIwMmE32AIF4AIB&ucfs=1&arphpl=1&group_adults=2&req_adults=2&no_rooms=1&group_children=0&req_children=0&hpos=22&hapos=22&sr_order=popularity&srpvid=916b345ca66b008e&srepoch=1747812411&from=searchresults,43.5301204,5.4489216,"Doté d’une connexion Wi-Fi gratuite, l’hébergement Studio Aix Centre Historique vous accueille dans le centre de Aix-en-Provence, à respectivement 31 km et 31 km de ces lieux d’intérêt : Gare de...",,8.6
131,21,Aix-en-Provence,19.14,0.14,1.43,17.57,Appartement de Charme,https://www.booking.com/hotel/fr/appartement-de-charme-aix-en-provence2.fr.html?aid=304142&label=gen173nr-1FCAQoggJCFnNlYXJjaF9haXggZW4gcHJvdmVuY2VIDVgEaE2IAQGYAQ24AQrIAQXYAQHoAQH4AQOIAgGoAgO4ArmAtsEGwAIB0gIkNTJjY2EyMzAtYTMzOS00MDdkLTk5M2EtYjMyOWQ5OTIwMmE32AIF4AIB&ucfs=1&arphpl=1&group_adults=2&req_adults=2&no_rooms=1&group_children=0&req_children=0&hpos=21&hapos=21&sr_order=popularity&srpvid=916b345ca66b008e&srepoch=1747812411&from=searchresults,43.529145771165,5.453033405491,Hébergement géré par un particulier,,9.0
132,21,Aix-en-Provence,19.14,0.14,1.43,17.57,Isabelli Appartement plein centre avec place de parking,https://www.booking.com/hotel/fr/marie-julie.fr.html?aid=304142&label=gen173nr-1FCAQoggJCFnNlYXJjaF9haXggZW4gcHJvdmVuY2VIDVgEaE2IAQGYAQ24AQrIAQXYAQHoAQH4AQOIAgGoAgO4ArmAtsEGwAIB0gIkNTJjY2EyMzAtYTMzOS00MDdkLTk5M2EtYjMyOWQ5OTIwMmE32AIF4AIB&ucfs=1&arphpl=1&group_adults=2&req_adults=2&no_rooms=1&group_children=0&req_children=0&hpos=18&hapos=18&sr_order=popularity&srpvid=916b345ca66b008e&srepoch=1747812411&from=searchresults,43.5228947,5.4522666,Hébergement géré par un particulier,,8.1
133,21,Aix-en-Provence,19.14,0.14,1.43,17.57,Le Petit Marius,https://www.booking.com/hotel/fr/le-petit-marius.fr.html?aid=304142&label=gen173nr-1FCAQoggJCFnNlYXJjaF9haXggZW4gcHJvdmVuY2VIDVgEaE2IAQGYAQ24AQrIAQXYAQHoAQH4AQOIAgGoAgO4ArmAtsEGwAIB0gIkNTJjY2EyMzAtYTMzOS00MDdkLTk5M2EtYjMyOWQ5OTIwMmE32AIF4AIB&ucfs=1&arphpl=1&group_adults=2&req_adults=2&no_rooms=1&group_children=0&req_children=0&hpos=17&hapos=17&sr_order=popularity&srpvid=916b345ca66b008e&srepoch=1747812411&from=searchresults,43.5296107,5.4507741,"L’hébergement Le Petit Marius vous accueille dans le centre de Aix-en-Provence, à respectivement 31 km et 32 km de ces lieux d’intérêt : Gare de Marseille-Saint-Charles et Métro Joliette. ",,8.1
134,21,Aix-en-Provence,19.14,0.14,1.43,17.57,Renaissance Aix-en-Provence Hotel,https://www.booking.com/hotel/fr/renaissance-aix-en-provence.fr.html?aid=304142&label=gen173nr-1FCAQoggJCFnNlYXJjaF9haXggZW4gcHJvdmVuY2VIDVgEaE2IAQGYAQ24AQrIAQXYAQHoAQH4AQOIAgGoAgO4ArmAtsEGwAIB0gIkNTJjY2EyMzAtYTMzOS00MDdkLTk5M2EtYjMyOWQ5OTIwMmE32AIF4AIB&ucfs=1&arphpl=1&group_adults=2&req_adults=2&no_rooms=1&group_children=0&req_children=0&hpos=16&hapos=16&sr_order=popularity&srpvid=916b345ca66b008e&srepoch=1747812411&from=searchresults,43.5262404754953,5.438204929232597,"Situé à moins de 10 minutes à pied du centre d'Aix-en-Provence, le Renaissance Aix-en-Provence Hotel propose une réception ouverte 24h/24, des journaux et une connexion Wi-Fi gratuite. ",5.0,8.4
135,21,Aix-en-Provence,19.14,0.14,1.43,17.57,Le Mini - Un voyage en Provence,https://www.booking.com/hotel/fr/studio-terrasse-en-duplex-au-coeur-d-aix-en-provence.fr.html?aid=304142&label=gen173nr-1FCAQoggJCFnNlYXJjaF9haXggZW4gcHJvdmVuY2VIDVgEaE2IAQGYAQ24AQrIAQXYAQHoAQH4AQOIAgGoAgO4ArmAtsEGwAIB0gIkNTJjY2EyMzAtYTMzOS00MDdkLTk5M2EtYjMyOWQ5OTIwMmE32AIF4AIB&ucfs=1&arphpl=1&group_adults=2&req_adults=2&no_rooms=1&group_children=0&req_children=0&hpos=15&hapos=15&sr_order=popularity&srpvid=916b345ca66b008e&srepoch=1747812411&from=searchresults,43.528465619432,5.452499735058,Hébergement géré par un particulier,,8.8
136,21,Aix-en-Provence,19.14,0.14,1.43,17.57,Hôtel des Augustins,https://www.booking.com/hotel/fr/les-augustins.fr.html?aid=304142&label=gen173nr-1FCAQoggJCFnNlYXJjaF9haXggZW4gcHJvdmVuY2VIDVgEaE2IAQGYAQ24AQrIAQXYAQHoAQH4AQOIAgGoAgO4ArmAtsEGwAIB0gIkNTJjY2EyMzAtYTMzOS00MDdkLTk5M2EtYjMyOWQ5OTIwMmE32AIF4AIB&ucfs=1&arphpl=1&group_adults=2&req_adults=2&no_rooms=1&group_children=0&req_children=0&hpos=13&hapos=13&sr_order=popularity&srpvid=916b345ca66b008e&srepoch=1747812411&from=searchresults,43.526886636225456,5.447271466255188,"Situé à côté du célèbre cours Mirabeau, au cœur de la vieille ville d'Aix-en-Provence, l'Hôtel Les Augustins se trouve dans les murs d'un couvent datant du XIIe siècle. ",3.0,8.3
137,21,Aix-en-Provence,19.14,0.14,1.43,17.57,L'Escapade Aixoise hyper centre historique studios free netfilx wifi romantics apartments historic center,https://www.booking.com/hotel/fr/l-39-escapade-aixoise-nuit-romantique.fr.html?aid=304142&label=gen173nr-1FCAQoggJCFnNlYXJjaF9haXggZW4gcHJvdmVuY2VIDVgEaE2IAQGYAQ24AQrIAQXYAQHoAQH4AQOIAgGoAgO4ArmAtsEGwAIB0gIkNTJjY2EyMzAtYTMzOS00MDdkLTk5M2EtYjMyOWQ5OTIwMmE32AIF4AIB&ucfs=1&arphpl=1&group_adults=2&req_adults=2&no_rooms=1&group_children=0&req_children=0&hpos=14&hapos=14&sr_order=popularity&srpvid=916b345ca66b008e&srepoch=1747812411&from=searchresults,43.531203,5.449408,Hébergement géré par un particulier,,8.0
138,21,Aix-en-Provence,19.14,0.14,1.43,17.57,Le Set Hôtel & Spa,https://www.booking.com/hotel/fr/le-set.fr.html?aid=304142&label=gen173nr-1FCAQoggJCFnNlYXJjaF9haXggZW4gcHJvdmVuY2VIDVgEaE2IAQGYAQ24AQrIAQXYAQHoAQH4AQOIAgGoAgO4ArmAtsEGwAIB0gIkNTJjY2EyMzAtYTMzOS00MDdkLTk5M2EtYjMyOWQ5OTIwMmE32AIF4AIB&ucfs=1&arphpl=1&group_adults=2&req_adults=2&no_rooms=1&group_children=0&req_children=0&hpos=12&hapos=12&sr_order=popularity&srpvid=916b345ca66b008e&srepoch=1747812411&from=searchresults,43.5475057,5.3873295,"L’établissement Le Set Hôtel & Spa se situe à Aix-en-Provence, à 34 km de ce lieu d’intérêt : Gare de Marseille-Saint-Charles. ",4.0,8.1
139,21,Aix-en-Provence,19.14,0.14,1.43,17.57,La Suite Mazarin,https://www.booking.com/hotel/fr/la-suite-mazarin.fr.html?aid=304142&label=gen173nr-1FCAQoggJCFnNlYXJjaF9haXggZW4gcHJvdmVuY2VIDVgEaE2IAQGYAQ24AQrIAQXYAQHoAQH4AQOIAgGoAgO4ArmAtsEGwAIB0gIkNTJjY2EyMzAtYTMzOS00MDdkLTk5M2EtYjMyOWQ5OTIwMmE32AIF4AIB&ucfs=1&arphpl=1&group_adults=2&req_adults=2&no_rooms=1&group_children=0&req_children=0&hpos=11&hapos=11&sr_order=popularity&srpvid=916b345ca66b008e&srepoch=1747812411&from=searchresults,43.5250682,5.4519701,Hébergement géré par un particulier,,9.5
140,21,Aix-en-Provence,19.14,0.14,1.43,17.57,The Originals Résidence Aix Schuman,https://www.booking.com/hotel/fr/the-originals-residence-aix-schuman.fr.html?aid=304142&label=gen173nr-1FCAQoggJCFnNlYXJjaF9haXggZW4gcHJvdmVuY2VIDVgEaE2IAQGYAQ24AQrIAQXYAQHoAQH4AQOIAgGoAgO4ArmAtsEGwAIB0gIkNTJjY2EyMzAtYTMzOS00MDdkLTk5M2EtYjMyOWQ5OTIwMmE32AIF4AIB&ucfs=1&arphpl=1&group_adults=2&req_adults=2&no_rooms=1&group_children=0&req_children=0&hpos=10&hapos=10&sr_order=popularity&srpvid=916b345ca66b008e&srepoch=1747812411&from=searchresults,43.5205148,5.4471929,"L’établissement The Originals Résidence Aix Schuman vous accueille à Aix-en-Provence, à 30 km de ce lieu d’intérêt : Gare de Marseille-Saint-Charles. ",3.0,8.3
141,21,Aix-en-Provence,19.14,0.14,1.43,17.57,Appartement de charme,https://www.booking.com/hotel/fr/apartement-de-charme.fr.html?aid=304142&label=gen173nr-1FCAQoggJCFnNlYXJjaF9haXggZW4gcHJvdmVuY2VIDVgEaE2IAQGYAQ24AQrIAQXYAQHoAQH4AQOIAgGoAgO4ArmAtsEGwAIB0gIkNTJjY2EyMzAtYTMzOS00MDdkLTk5M2EtYjMyOWQ5OTIwMmE32AIF4AIB&ucfs=1&arphpl=1&group_adults=2&req_adults=2&no_rooms=1&group_children=0&req_children=0&hpos=8&hapos=8&sr_order=popularity&srpvid=916b345ca66b008e&srepoch=1747812411&from=searchresults,43.5291307,5.452985,Hébergement géré par un particulier,,8.9
142,21,Aix-en-Provence,19.14,0.14,1.43,17.57,Chambre style balinais,https://www.booking.com/hotel/fr/chambre-style-balinais.fr.html?aid=304142&label=gen173nr-1FCAQoggJCFnNlYXJjaF9haXggZW4gcHJvdmVuY2VIDVgEaE2IAQGYAQ24AQrIAQXYAQHoAQH4AQOIAgGoAgO4ArmAtsEGwAIB0gIkNTJjY2EyMzAtYTMzOS00MDdkLTk5M2EtYjMyOWQ5OTIwMmE32AIF4AIB&ucfs=1&arphpl=1&group_adults=2&req_adults=2&no_rooms=1&group_children=0&req_children=0&hpos=9&hapos=9&sr_order=popularity&srpvid=916b345ca66b008e&srepoch=1747812411&from=searchresults,43.5284284,5.4523766,Hébergement géré par un particulier,,9.6
143,21,Aix-en-Provence,19.14,0.14,1.43,17.57,Domaine de Carraire,https://www.booking.com/hotel/fr/domaine-de-carraire-chez-alphonse.fr.html?aid=304142&label=gen173nr-1FCAQoggJCFnNlYXJjaF9haXggZW4gcHJvdmVuY2VIDVgEaE2IAQGYAQ24AQrIAQXYAQHoAQH4AQOIAgGoAgO4ArmAtsEGwAIB0gIkNTJjY2EyMzAtYTMzOS00MDdkLTk5M2EtYjMyOWQ5OTIwMmE32AIF4AIB&ucfs=1&arphpl=1&group_adults=2&req_adults=2&no_rooms=1&group_children=0&req_children=0&hpos=7&hapos=7&sr_order=popularity&srpvid=916b345ca66b008e&srepoch=1747812411&from=searchresults,43.5660625,5.3844477,Hébergement géré par un particulier,,8.8
144,21,Aix-en-Provence,19.14,0.14,1.43,17.57,Hôtel Bellegarde by Viktor,https://www.booking.com/hotel/fr/bellegarde-aix-en-provence.fr.html?aid=304142&label=gen173nr-1FCAQoggJCFnNlYXJjaF9haXggZW4gcHJvdmVuY2VIDVgEaE2IAQGYAQ24AQrIAQXYAQHoAQH4AQOIAgGoAgO4ArmAtsEGwAIB0gIkNTJjY2EyMzAtYTMzOS00MDdkLTk5M2EtYjMyOWQ5OTIwMmE32AIF4AIB&ucfs=1&arphpl=1&group_adults=2&req_adults=2&no_rooms=1&group_children=0&req_children=0&hpos=6&hapos=6&sr_order=popularity&srpvid=916b345ca66b008e&srepoch=1747812411&from=searchresults,43.5320856,5.4515111,"Proposant un bar, l’établissement Hôtel Bellegarde by Viktor se trouve à Aix-en-Provence dans la région Provence-Alpes-Côte d'Azur, à respectivement 31 km et 31 km de ces lieux d’intérêt : Gare de...",3.0,8.9
145,21,Aix-en-Provence,19.14,0.14,1.43,17.57,Studio Centre Historique Aix-en-Provence,https://www.booking.com/hotel/fr/studio-centre-historique.fr.html?aid=304142&label=gen173nr-1FCAQoggJCFnNlYXJjaF9haXggZW4gcHJvdmVuY2VIDVgEaE2IAQGYAQ24AQrIAQXYAQHoAQH4AQOIAgGoAgO4ArmAtsEGwAIB0gIkNTJjY2EyMzAtYTMzOS00MDdkLTk5M2EtYjMyOWQ5OTIwMmE32AIF4AIB&ucfs=1&arphpl=1&group_adults=2&req_adults=2&no_rooms=1&group_children=0&req_children=0&hpos=5&hapos=5&sr_order=popularity&srpvid=916b345ca66b008e&srepoch=1747812411&from=searchresults,43.5307044,5.4465629,Hébergement géré par un particulier,,8.1
146,21,Aix-en-Provence,19.14,0.14,1.43,17.57,Le Mirabeau - Hypercenter studio - Wifi - Train station,https://www.booking.com/hotel/fr/le-mirabeau-hypercenter-studio-wifi-train-station.fr.html?aid=304142&label=gen173nr-1FCAQoggJCFnNlYXJjaF9haXggZW4gcHJvdmVuY2VIDVgEaE2IAQGYAQ24AQrIAQXYAQHoAQH4AQOIAgGoAgO4ArmAtsEGwAIB0gIkNTJjY2EyMzAtYTMzOS00MDdkLTk5M2EtYjMyOWQ5OTIwMmE32AIF4AIB&ucfs=1&arphpl=1&group_adults=2&req_adults=2&no_rooms=1&group_children=0&req_children=0&hpos=2&hapos=2&sr_order=popularity&srpvid=916b345ca66b008e&srepoch=1747812411&from=searchresults,43.5287076,5.4521928,"L’hébergement Le Mirabeau - Hypercenter studio - Wifi - Train station se situe dans le centre de Aix-en-Provence, à respectivement 31 km et 32 km de ces lieux d’intérêt : Gare de...",,10.0
147,21,Aix-en-Provence,19.14,0.14,1.43,17.57,Studio centre historique 200 m de la mairie - Climatisé,https://www.booking.com/hotel/fr/studio-proche-cathedrale-saint-sauveur.fr.html?aid=304142&label=gen173nr-1FCAQoggJCFnNlYXJjaF9haXggZW4gcHJvdmVuY2VIDVgEaE2IAQGYAQ24AQrIAQXYAQHoAQH4AQOIAgGoAgO4ArmAtsEGwAIB0gIkNTJjY2EyMzAtYTMzOS00MDdkLTk5M2EtYjMyOWQ5OTIwMmE32AIF4AIB&ucfs=1&arphpl=1&group_adults=2&req_adults=2&no_rooms=1&group_children=0&req_children=0&hpos=4&hapos=4&sr_order=popularity&srpvid=916b345ca66b008e&srepoch=1747812411&from=searchresults,43.532372,5.4466679,Hébergement géré par un particulier,,9.3
148,21,Aix-en-Provence,19.14,0.14,1.43,17.57,thecamp Hôtel & Lodges - Aix en Provence,https://www.booking.com/hotel/fr/thecamp-amp-lodges.fr.html?aid=304142&label=gen173nr-1FCAQoggJCFnNlYXJjaF9haXggZW4gcHJvdmVuY2VIDVgEaE2IAQGYAQ24AQrIAQXYAQHoAQH4AQOIAgGoAgO4ArmAtsEGwAIB0gIkNTJjY2EyMzAtYTMzOS00MDdkLTk5M2EtYjMyOWQ5OTIwMmE32AIF4AIB&ucfs=1&arphpl=1&group_adults=2&req_adults=2&no_rooms=1&group_children=0&req_children=0&hpos=3&hapos=3&sr_order=popularity&srpvid=916b345ca66b008e&srepoch=1747812411&from=searchresults,43.496316,5.3421520000000005,"L’établissement thecamp Hôtel & Lodges - Aix en Provence vous accueille à Aix-en-Provence, à 25 km de ce lieu d’intérêt : Gare de Marseille-Saint-Charles. ",3.0,8.3
149,21,Aix-en-Provence,19.14,0.14,1.43,17.57,Séjours & Affaires Aix-en-Provence Mirabeau,https://www.booking.com/hotel/fr/residence-mirabeau.fr.html?aid=304142&label=gen173nr-1FCAQoggJCFnNlYXJjaF9haXggZW4gcHJvdmVuY2VIDVgEaE2IAQGYAQ24AQrIAQXYAQHoAQH4AQOIAgGoAgO4ArmAtsEGwAIB0gIkNTJjY2EyMzAtYTMzOS00MDdkLTk5M2EtYjMyOWQ5OTIwMmE32AIF4AIB&ucfs=1&arphpl=1&group_adults=2&req_adults=2&no_rooms=1&group_children=0&req_children=0&hpos=1&hapos=1&sr_order=popularity&srpvid=916b345ca66b008e&srepoch=1747812411&from=searchresults,43.525240781127486,5.4412660002708435,"Cette résidence Séjours & Affaires est située à Aix-en-Provence, à proximité du cours Mirabeau. Elle propose des studios meublés et une connexion Wi-Fi gratuite. ",2.0,7.9
150,25,Aigues-Mortes,19.73,0.31,2.03,17.39,Artemia Aigues-Mortes - Hotel avec piscine,https://www.booking.com/hotel/fr/le-royal-hotel-aigues-mortes.fr.html?aid=304142&label=gen173nr-1FCAQoggJCFHNlYXJjaF9haWd1ZXMgbW9ydGVzSA1YBGhNiAEBmAENuAEKyAEF2AEB6AEB-AEDiAIBqAIDuAK6gLbBBsACAdICJDdlZGViOGM1LWM3NGEtNDgwMi05ZTEzLTVkOGVmZTc0ZWY0N9gCBeACAQ&ucfs=1&arphpl=1&group_adults=2&req_adults=2&no_rooms=1&group_children=0&req_children=0&hpos=1&hapos=1&sr_order=popularity&srpvid=f10c345d18d3049a&srepoch=1747812411&from=searchresults,43.57639588787367,4.197818040847778,"Featuring free WiFi and a seasonal outdoor swimming pool, Artemia Aigues-Mortes is located in Aigues-Mortes, a 15-minute drive from the Carmague Natural Regional Park. ",2.0,8.9
151,25,Aigues-Mortes,19.73,0.31,2.03,17.39,Aigues Marines,https://www.booking.com/hotel/fr/aigues-marines-aigues-mortes1.fr.html?aid=304142&label=gen173nr-1FCAQoggJCFHNlYXJjaF9haWd1ZXMgbW9ydGVzSA1YBGhNiAEBmAENuAEKyAEF2AEB6AEB-AEDiAIBqAIDuAK6gLbBBsACAdICJDdlZGViOGM1LWM3NGEtNDgwMi05ZTEzLTVkOGVmZTc0ZWY0N9gCBeACAQ&ucfs=1&arphpl=1&group_adults=2&req_adults=2&no_rooms=1&group_children=0&req_children=0&hpos=23&hapos=23&sr_order=popularity&srpvid=f10c345d18d3049a&srepoch=1747812411&from=searchresults,43.5597197192314,4.21869789076511,Hébergement géré par un particulier,,9.5
152,25,Aigues-Mortes,19.73,0.31,2.03,17.39,"Maison cosy, 2 chambres, adossée aux remparts",https://www.booking.com/hotel/fr/maison-cosy-2-chambres-adossee-aux-remparts.fr.html?aid=304142&label=gen173nr-1FCAQoggJCFHNlYXJjaF9haWd1ZXMgbW9ydGVzSA1YBGhNiAEBmAENuAEKyAEF2AEB6AEB-AEDiAIBqAIDuAK6gLbBBsACAdICJDdlZGViOGM1LWM3NGEtNDgwMi05ZTEzLTVkOGVmZTc0ZWY0N9gCBeACAQ&ucfs=1&arphpl=1&group_adults=2&req_adults=2&no_rooms=1&group_children=0&req_children=0&hpos=25&hapos=25&sr_order=popularity&srpvid=f10c345d18d3049a&srepoch=1747812411&from=searchresults,43.5676511,4.1915496,Hébergement géré par un particulier,,9.7
153,25,Aigues-Mortes,19.73,0.31,2.03,17.39,Hotel Les Templiers,https://www.booking.com/hotel/fr/les-templiers.fr.html?aid=304142&label=gen173nr-1FCAQoggJCFHNlYXJjaF9haWd1ZXMgbW9ydGVzSA1YBGhNiAEBmAENuAEKyAEF2AEB6AEB-AEDiAIBqAIDuAK6gLbBBsACAdICJDdlZGViOGM1LWM3NGEtNDgwMi05ZTEzLTVkOGVmZTc0ZWY0N9gCBeACAQ&ucfs=1&arphpl=1&group_adults=2&req_adults=2&no_rooms=1&group_children=0&req_children=0&hpos=24&hapos=24&sr_order=popularity&srpvid=f10c345d18d3049a&srepoch=1747812411&from=searchresults,43.56694564615619,4.191873460958959,"Aménagé au sein d'une maison de marchand datant du XVIIIe siècle, l'Hotel Les Templiers se situe dans la ville fortifiée d'Aigues-Mortes, dans le sud de la France. ",3.0,8.7
154,25,Aigues-Mortes,19.73,0.31,2.03,17.39,La Maison Dans Les Remparts,https://www.booking.com/hotel/fr/la-maison-dans-les-remparts-aigues-mortes1.fr.html?aid=304142&label=gen173nr-1FCAQoggJCFHNlYXJjaF9haWd1ZXMgbW9ydGVzSA1YBGhNiAEBmAENuAEKyAEF2AEB6AEB-AEDiAIBqAIDuAK6gLbBBsACAdICJDdlZGViOGM1LWM3NGEtNDgwMi05ZTEzLTVkOGVmZTc0ZWY0N9gCBeACAQ&ucfs=1&arphpl=1&group_adults=2&req_adults=2&no_rooms=1&group_children=0&req_children=0&hpos=22&hapos=22&sr_order=popularity&srpvid=f10c345d18d3049a&srepoch=1747812411&from=searchresults,43.566686,4.192094,"Situé à Aigues-Mortes, l’hébergement La Maison Dans Les Remparts met à votre disposition une connexion Wi-Fi gratuite et offre une vue sur le jardin. ",,
155,25,Aigues-Mortes,19.73,0.31,2.03,17.39,Ô 36 Rempart Sud B&B,https://www.booking.com/hotel/fr/o-36-rempart-sud.fr.html?aid=304142&label=gen173nr-1FCAQoggJCFHNlYXJjaF9haWd1ZXMgbW9ydGVzSA1YBGhNiAEBmAENuAEKyAEF2AEB6AEB-AEDiAIBqAIDuAK6gLbBBsACAdICJDdlZGViOGM1LWM3NGEtNDgwMi05ZTEzLTVkOGVmZTc0ZWY0N9gCBeACAQ&ucfs=1&arphpl=1&group_adults=2&req_adults=2&no_rooms=1&group_children=0&req_children=0&hpos=21&hapos=21&sr_order=popularity&srpvid=f10c345d18d3049a&srepoch=1747812411&from=searchresults,43.565764,4.188757,Hébergement géré par un particulier,,9.0
156,25,Aigues-Mortes,19.73,0.31,2.03,17.39,Maison de village avec garage,https://www.booking.com/hotel/fr/maison-de-village-avec-garage-aigues-mortes.fr.html?aid=304142&label=gen173nr-1FCAQoggJCFHNlYXJjaF9haWd1ZXMgbW9ydGVzSA1YBGhNiAEBmAENuAEKyAEF2AEB6AEB-AEDiAIBqAIDuAK6gLbBBsACAdICJDdlZGViOGM1LWM3NGEtNDgwMi05ZTEzLTVkOGVmZTc0ZWY0N9gCBeACAQ&ucfs=1&arphpl=1&group_adults=2&req_adults=2&no_rooms=1&group_children=0&req_children=0&hpos=20&hapos=20&sr_order=popularity&srpvid=f10c345d18d3049a&srepoch=1747812411&from=searchresults,43.5652032,4.1899022,Hébergement géré par un particulier,,8.8
157,25,Aigues-Mortes,19.73,0.31,2.03,17.39,Les suites du 17,https://www.booking.com/hotel/fr/les-suites-du-17.fr.html?aid=304142&label=gen173nr-1FCAQoggJCFHNlYXJjaF9haWd1ZXMgbW9ydGVzSA1YBGhNiAEBmAENuAEKyAEF2AEB6AEB-AEDiAIBqAIDuAK6gLbBBsACAdICJDdlZGViOGM1LWM3NGEtNDgwMi05ZTEzLTVkOGVmZTc0ZWY0N9gCBeACAQ&ucfs=1&arphpl=1&group_adults=2&req_adults=2&no_rooms=1&group_children=0&req_children=0&hpos=19&hapos=19&sr_order=popularity&srpvid=f10c345d18d3049a&srepoch=1747812411&from=searchresults,43.566227,4.191121,Hébergement géré par un particulier,,8.9
158,25,Aigues-Mortes,19.73,0.31,2.03,17.39,Lou Mirèio,https://www.booking.com/hotel/fr/42-rue-pasteur.fr.html?aid=304142&label=gen173nr-1FCAQoggJCFHNlYXJjaF9haWd1ZXMgbW9ydGVzSA1YBGhNiAEBmAENuAEKyAEF2AEB6AEB-AEDiAIBqAIDuAK6gLbBBsACAdICJDdlZGViOGM1LWM3NGEtNDgwMi05ZTEzLTVkOGVmZTc0ZWY0N9gCBeACAQ&ucfs=1&arphpl=1&group_adults=2&req_adults=2&no_rooms=1&group_children=0&req_children=0&hpos=15&hapos=15&sr_order=popularity&srpvid=f10c345d18d3049a&srepoch=1747812411&from=searchresults,43.566074978303,4.192578573016,Hébergement géré par un particulier,3.0,9.5
159,25,Aigues-Mortes,19.73,0.31,2.03,17.39,Hôtel Saint Louis,https://www.booking.com/hotel/fr/saint-louis-aigues-mortes.fr.html?aid=304142&label=gen173nr-1FCAQoggJCFHNlYXJjaF9haWd1ZXMgbW9ydGVzSA1YBGhNiAEBmAENuAEKyAEF2AEB6AEB-AEDiAIBqAIDuAK6gLbBBsACAdICJDdlZGViOGM1LWM3NGEtNDgwMi05ZTEzLTVkOGVmZTc0ZWY0N9gCBeACAQ&ucfs=1&arphpl=1&group_adults=2&req_adults=2&no_rooms=1&group_children=0&req_children=0&hpos=16&hapos=16&sr_order=popularity&srpvid=f10c345d18d3049a&srepoch=1747812411&from=searchresults,43.5672196715711,4.189343601465225,"Situé dans le cœur historique d'Aigues-Mortes, à 200 mètres de la Tour de Constance, l'Hôtel Saint Louis est un hôtel climatisé doté d'un centre de bien-être et d'un restaurant. ",3.0,8.5
160,25,Aigues-Mortes,19.73,0.31,2.03,17.39,Au Cœur des Remparts,https://www.booking.com/hotel/fr/au-coeur-des-remparts-aigues-mortes.fr.html?aid=304142&label=gen173nr-1FCAQoggJCFHNlYXJjaF9haWd1ZXMgbW9ydGVzSA1YBGhNiAEBmAENuAEKyAEF2AEB6AEB-AEDiAIBqAIDuAK6gLbBBsACAdICJDdlZGViOGM1LWM3NGEtNDgwMi05ZTEzLTVkOGVmZTc0ZWY0N9gCBeACAQ&ucfs=1&arphpl=1&group_adults=2&req_adults=2&no_rooms=1&group_children=0&req_children=0&hpos=18&hapos=18&sr_order=popularity&srpvid=f10c345d18d3049a&srepoch=1747812411&from=searchresults,43.565401,4.192973,Hébergement géré par un particulier,3.0,9.9
161,25,Aigues-Mortes,19.73,0.31,2.03,17.39,Maison des Croisades,https://www.booking.com/hotel/fr/des-croisades.fr.html?aid=304142&label=gen173nr-1FCAQoggJCFHNlYXJjaF9haWd1ZXMgbW9ydGVzSA1YBGhNiAEBmAENuAEKyAEF2AEB6AEB-AEDiAIBqAIDuAK6gLbBBsACAdICJDdlZGViOGM1LWM3NGEtNDgwMi05ZTEzLTVkOGVmZTc0ZWY0N9gCBeACAQ&ucfs=1&arphpl=1&group_adults=2&req_adults=2&no_rooms=1&group_children=0&req_children=0&hpos=17&hapos=17&sr_order=popularity&srpvid=f10c345d18d3049a&srepoch=1747812411&from=searchresults,43.5689974,4.18829819999996,"Possédant une terrasse, l’établissement Maison des Croisades vous accueille à Aigues-Mortes dans la région Languedoc-Roussillon, à respectivement 22 km et 23 km de ces lieux d’intérêt : Parc des...",3.0,8.8
162,25,Aigues-Mortes,19.73,0.31,2.03,17.39,Hôtel Le Médiéval,https://www.booking.com/hotel/fr/le-medieval.fr.html?aid=304142&label=gen173nr-1FCAQoggJCFHNlYXJjaF9haWd1ZXMgbW9ydGVzSA1YBGhNiAEBmAENuAEKyAEF2AEB6AEB-AEDiAIBqAIDuAK6gLbBBsACAdICJDdlZGViOGM1LWM3NGEtNDgwMi05ZTEzLTVkOGVmZTc0ZWY0N9gCBeACAQ&ucfs=1&arphpl=1&group_adults=2&req_adults=2&no_rooms=1&group_children=0&req_children=0&hpos=13&hapos=13&sr_order=popularity&srpvid=f10c345d18d3049a&srepoch=1747812411&from=searchresults,43.57186625316511,4.19366168974193,"L'Hôtel Le Médiéval est situé sur les rives du canal d'Aigues-Mortes, à 30 km de Montpellier. ",2.0,8.8
163,25,Aigues-Mortes,19.73,0.31,2.03,17.39,Loft spacieux au cœur des remparts d'Aigues-Mortes,https://www.booking.com/hotel/fr/app-design-au-centre-des-remparts-d-aigues-mortes.fr.html?aid=304142&label=gen173nr-1FCAQoggJCFHNlYXJjaF9haWd1ZXMgbW9ydGVzSA1YBGhNiAEBmAENuAEKyAEF2AEB6AEB-AEDiAIBqAIDuAK6gLbBBsACAdICJDdlZGViOGM1LWM3NGEtNDgwMi05ZTEzLTVkOGVmZTc0ZWY0N9gCBeACAQ&ucfs=1&arphpl=1&group_adults=2&req_adults=2&no_rooms=1&group_children=0&req_children=0&hpos=11&hapos=11&sr_order=popularity&srpvid=f10c345d18d3049a&srepoch=1747812411&from=searchresults,43.565963239897,4.191758022027,Hébergement géré par un particulier,,9.7
164,25,Aigues-Mortes,19.73,0.31,2.03,17.39,Nuits Salines Aigues-Mortes,https://www.booking.com/hotel/fr/cabane-du-saunier-au-commun-electre.fr.html?aid=304142&label=gen173nr-1FCAQoggJCFHNlYXJjaF9haWd1ZXMgbW9ydGVzSA1YBGhNiAEBmAENuAEKyAEF2AEB6AEB-AEDiAIBqAIDuAK6gLbBBsACAdICJDdlZGViOGM1LWM3NGEtNDgwMi05ZTEzLTVkOGVmZTc0ZWY0N9gCBeACAQ&ucfs=1&arphpl=1&group_adults=2&req_adults=2&no_rooms=1&group_children=0&req_children=0&hpos=14&hapos=14&sr_order=popularity&srpvid=f10c345d18d3049a&srepoch=1747812411&from=searchresults,43.5546913,4.1841735,"Proposant une plage privée et une terrasse, l’établissement Nuits Salines Aigues-Mortes se trouve à Aigues-Mortes, à respectivement 26 km et 27 km de ces lieux d’intérêt : Parc des expositions de...",,8.8
165,25,Aigues-Mortes,19.73,0.31,2.03,17.39,La Villa Mazarin,https://www.booking.com/hotel/fr/la-villa-mazarin.fr.html?aid=304142&label=gen173nr-1FCAQoggJCFHNlYXJjaF9haWd1ZXMgbW9ydGVzSA1YBGhNiAEBmAENuAEKyAEF2AEB6AEB-AEDiAIBqAIDuAK6gLbBBsACAdICJDdlZGViOGM1LWM3NGEtNDgwMi05ZTEzLTVkOGVmZTc0ZWY0N9gCBeACAQ&ucfs=1&arphpl=1&group_adults=2&req_adults=2&no_rooms=1&group_children=0&req_children=0&hpos=12&hapos=12&sr_order=popularity&srpvid=f10c345d18d3049a&srepoch=1747812411&from=searchresults,43.56498661964503,4.191751956841472,"Description de l’établissement La Villa Mazarin vous accueille dans un bâtiment datant du XVe siècle, dans la ville fortifiée d’Aigues-Mortes. Sur place, vous profiterez d'une terrasse et d'un bar. ",5.0,9.2
166,25,Aigues-Mortes,19.73,0.31,2.03,17.39,Résidence Odalys Fleur de Sel,https://www.booking.com/hotel/fr/residence-odalys-fleur-de-sel.fr.html?aid=304142&label=gen173nr-1FCAQoggJCFHNlYXJjaF9haWd1ZXMgbW9ydGVzSA1YBGhNiAEBmAENuAEKyAEF2AEB6AEB-AEDiAIBqAIDuAK6gLbBBsACAdICJDdlZGViOGM1LWM3NGEtNDgwMi05ZTEzLTVkOGVmZTc0ZWY0N9gCBeACAQ&ucfs=1&arphpl=1&group_adults=2&req_adults=2&no_rooms=1&group_children=0&req_children=0&hpos=10&hapos=10&sr_order=popularity&srpvid=f10c345d18d3049a&srepoch=1747812411&from=searchresults,43.574094,4.179246,"Situé à Aigues-Mortes, à 5 minutes à pied du centre-ville historique, l'établissement Résidence Odalys Fleur de Sel dispose d'une piscine extérieure chauffée ouverte en saison. ",3.0,8.4
167,25,Aigues-Mortes,19.73,0.31,2.03,17.39,La Maison de Lyna,https://www.booking.com/hotel/fr/la-maison-de-lyna.fr.html?aid=304142&label=gen173nr-1FCAQoggJCFHNlYXJjaF9haWd1ZXMgbW9ydGVzSA1YBGhNiAEBmAENuAEKyAEF2AEB6AEB-AEDiAIBqAIDuAK6gLbBBsACAdICJDdlZGViOGM1LWM3NGEtNDgwMi05ZTEzLTVkOGVmZTc0ZWY0N9gCBeACAQ&ucfs=1&arphpl=1&group_adults=2&req_adults=2&no_rooms=1&group_children=0&req_children=0&hpos=8&hapos=8&sr_order=popularity&srpvid=f10c345d18d3049a&srepoch=1747812411&from=searchresults,43.5660175,4.1923532,"L’établissement La Maison de Lyna vous accueille à Aigues-Mortes, à respectivement 23 km et 24 km de ces lieux d’intérêt : Parc des expositions de Montpellier et Salle de concert Arena Montpellier. ",,9.0
168,25,Aigues-Mortes,19.73,0.31,2.03,17.39,le dit vin secret,https://www.booking.com/hotel/fr/le-dit-vin-secret.fr.html?aid=304142&label=gen173nr-1FCAQoggJCFHNlYXJjaF9haWd1ZXMgbW9ydGVzSA1YBGhNiAEBmAENuAEKyAEF2AEB6AEB-AEDiAIBqAIDuAK6gLbBBsACAdICJDdlZGViOGM1LWM3NGEtNDgwMi05ZTEzLTVkOGVmZTc0ZWY0N9gCBeACAQ&ucfs=1&arphpl=1&group_adults=2&req_adults=2&no_rooms=1&group_children=0&req_children=0&hpos=9&hapos=9&sr_order=popularity&srpvid=f10c345d18d3049a&srepoch=1747812411&from=searchresults,43.566769,4.189113,Hébergement géré par un particulier,,8.2
169,25,Aigues-Mortes,19.73,0.31,2.03,17.39,Mas de Constance 3pieces standing,https://www.booking.com/hotel/fr/mas-de-constance-3pieces-standing.fr.html?aid=304142&label=gen173nr-1FCAQoggJCFHNlYXJjaF9haWd1ZXMgbW9ydGVzSA1YBGhNiAEBmAENuAEKyAEF2AEB6AEB-AEDiAIBqAIDuAK6gLbBBsACAdICJDdlZGViOGM1LWM3NGEtNDgwMi05ZTEzLTVkOGVmZTc0ZWY0N9gCBeACAQ&ucfs=1&arphpl=1&group_adults=2&req_adults=2&no_rooms=1&group_children=0&req_children=0&hpos=7&hapos=7&sr_order=popularity&srpvid=f10c345d18d3049a&srepoch=1747812411&from=searchresults,43.5721154,4.1865259,Hébergement géré par un particulier,,9.6
170,25,Aigues-Mortes,19.73,0.31,2.03,17.39,Chez Céline et Sébastien,https://www.booking.com/hotel/fr/chez-celine-et-sebastien-aigues-mortes.fr.html?aid=304142&label=gen173nr-1FCAQoggJCFHNlYXJjaF9haWd1ZXMgbW9ydGVzSA1YBGhNiAEBmAENuAEKyAEF2AEB6AEB-AEDiAIBqAIDuAK6gLbBBsACAdICJDdlZGViOGM1LWM3NGEtNDgwMi05ZTEzLTVkOGVmZTc0ZWY0N9gCBeACAQ&ucfs=1&arphpl=1&group_adults=2&req_adults=2&no_rooms=1&group_children=0&req_children=0&hpos=6&hapos=6&sr_order=popularity&srpvid=f10c345d18d3049a&srepoch=1747812411&from=searchresults,43.5701921,4.1950814,Hébergement géré par un particulier,,9.4
171,25,Aigues-Mortes,19.73,0.31,2.03,17.39,Les Jardins du Canal Piscine Chauffée,https://www.booking.com/hotel/fr/canal-aigues-mortes.fr.html?aid=304142&label=gen173nr-1FCAQoggJCFHNlYXJjaF9haWd1ZXMgbW9ydGVzSA1YBGhNiAEBmAENuAEKyAEF2AEB6AEB-AEDiAIBqAIDuAK6gLbBBsACAdICJDdlZGViOGM1LWM3NGEtNDgwMi05ZTEzLTVkOGVmZTc0ZWY0N9gCBeACAQ&ucfs=1&arphpl=1&group_adults=2&req_adults=2&no_rooms=1&group_children=0&req_children=0&hpos=4&hapos=4&sr_order=popularity&srpvid=f10c345d18d3049a&srepoch=1747812411&from=searchresults,43.572987520084624,4.194824695587158,"L’hôtel Canal Aigues Mortes vous accueille sur les rives du canal, à 5 minutes à pied de la ville fortifiée. Vous pourrez profiter d’une vue sur le canal depuis sa terrasse panoramique et sa piscine. ",3.0,8.8
172,25,Aigues-Mortes,19.73,0.31,2.03,17.39,Evasion,https://www.booking.com/hotel/fr/evasion-aigues-mortes.fr.html?aid=304142&label=gen173nr-1FCAQoggJCFHNlYXJjaF9haWd1ZXMgbW9ydGVzSA1YBGhNiAEBmAENuAEKyAEF2AEB6AEB-AEDiAIBqAIDuAK6gLbBBsACAdICJDdlZGViOGM1LWM3NGEtNDgwMi05ZTEzLTVkOGVmZTc0ZWY0N9gCBeACAQ&ucfs=1&arphpl=1&group_adults=2&req_adults=2&no_rooms=1&group_children=0&req_children=0&hpos=5&hapos=5&sr_order=popularity&srpvid=f10c345d18d3049a&srepoch=1747812411&from=searchresults,43.57581,4.182881,Hébergement géré par un particulier,,9.4
173,25,Aigues-Mortes,19.73,0.31,2.03,17.39,Résidence Odalys Le Mas des Flamants,https://www.booking.com/hotel/fr/residence-le-mas-des-flamants.fr.html?aid=304142&label=gen173nr-1FCAQoggJCFHNlYXJjaF9haWd1ZXMgbW9ydGVzSA1YBGhNiAEBmAENuAEKyAEF2AEB6AEB-AEDiAIBqAIDuAK6gLbBBsACAdICJDdlZGViOGM1LWM3NGEtNDgwMi05ZTEzLTVkOGVmZTc0ZWY0N9gCBeACAQ&ucfs=1&arphpl=1&group_adults=2&req_adults=2&no_rooms=1&group_children=0&req_children=0&hpos=3&hapos=3&sr_order=popularity&srpvid=f10c345d18d3049a&srepoch=1747812411&from=searchresults,43.57379435310839,4.180621862215048,"Située à l'extérieur des fortifications d'Aigues-Mortes, sur les rives du Vidourle, la Résidence Odalys Le Mas des Flamants possède une piscine et des pataugeoires. ",3.0,8.4
174,25,Aigues-Mortes,19.73,0.31,2.03,17.39,27 côté remparts,https://www.booking.com/hotel/fr/27-cote-remparts.fr.html?aid=304142&label=gen173nr-1FCAQoggJCFHNlYXJjaF9haWd1ZXMgbW9ydGVzSA1YBGhNiAEBmAENuAEKyAEF2AEB6AEB-AEDiAIBqAIDuAK6gLbBBsACAdICJDdlZGViOGM1LWM3NGEtNDgwMi05ZTEzLTVkOGVmZTc0ZWY0N9gCBeACAQ&ucfs=1&arphpl=1&group_adults=2&req_adults=2&no_rooms=1&group_children=0&req_children=0&hpos=2&hapos=2&sr_order=popularity&srpvid=f10c345d18d3049a&srepoch=1747812411&from=searchresults,43.5666356082335,4.19414794564667,"L’établissement 27 côté remparts se trouve à Aigues-Mortes, à respectivement 23 km et 24 km de ces lieux d’intérêt : Parc des expositions de Montpellier et Salle de concert Arena Montpellier. ",,9.8
175,18,Bormes-les-Mimosas,18.8,0.0,1.88,16.92,Superbe T4 -Vue Mer- Tout Confort Refait à Neuf!,https://www.booking.com/hotel/fr/superbe-t4-vue-mer-tout-confort-refait-a-neuf.fr.html?aid=304142&label=gen173nr-1FCAQoggJCGXNlYXJjaF9ib3JtZXMgbGVzIG1pbW9zYXNIDVgEaE2IAQGYAQ24AQrIAQXYAQHoAQH4AQOIAgGoAgO4ArmAtsEGwAIB0gIkMWU5MWNkY2QtYjMzOS00ZDM4LWJhYjYtOThkZGNhMjMyZGQ42AIF4AIB&ucfs=1&arphpl=1&group_adults=2&req_adults=2&no_rooms=1&group_children=0&req_children=0&hpos=23&hapos=23&sr_order=popularity&srpvid=f10c345c522f000f&srepoch=1747812410&from=searchresults,43.144880504118,6.35332445477,Hébergement géré par un particulier,,9.4
176,18,Bormes-les-Mimosas,18.8,0.0,1.88,16.92,Appartement pieds dans l’eau Vue Mer Bormes Les Mimosas,https://www.booking.com/hotel/fr/appartement-pieds-dans-l-eau-vue-mer-bormes-les-mimosas.fr.html?aid=304142&label=gen173nr-1FCAQoggJCGXNlYXJjaF9ib3JtZXMgbGVzIG1pbW9zYXNIDVgEaE2IAQGYAQ24AQrIAQXYAQHoAQH4AQOIAgGoAgO4ArmAtsEGwAIB0gIkMWU5MWNkY2QtYjMzOS00ZDM4LWJhYjYtOThkZGNhMjMyZGQ42AIF4AIB&ucfs=1&arphpl=1&group_adults=2&req_adults=2&no_rooms=1&group_children=0&req_children=0&hpos=25&hapos=25&sr_order=popularity&srpvid=f10c345c522f000f&srepoch=1747812410&from=searchresults,43.122153051238,6.3594635804260005,Hébergement géré par un particulier,,9.1
177,18,Bormes-les-Mimosas,18.8,0.0,1.88,16.92,La Lavandière,https://www.booking.com/hotel/fr/la-lavandiere-bormes-les-mimosas.fr.html?aid=304142&label=gen173nr-1FCAQoggJCGXNlYXJjaF9ib3JtZXMgbGVzIG1pbW9zYXNIDVgEaE2IAQGYAQ24AQrIAQXYAQHoAQH4AQOIAgGoAgO4ArmAtsEGwAIB0gIkMWU5MWNkY2QtYjMzOS00ZDM4LWJhYjYtOThkZGNhMjMyZGQ42AIF4AIB&ucfs=1&arphpl=1&group_adults=2&req_adults=2&no_rooms=1&group_children=0&req_children=0&hpos=24&hapos=24&sr_order=popularity&srpvid=f10c345c522f000f&srepoch=1747812410&from=searchresults,43.14385490000001,6.3518156,"Proposant une terrasse, l’hébergement La Lavandière se situe à Bormes-les-Mimosas, à respectivement 31 km, 31 km et 39 km de ces lieux d’intérêt : Chateau de Grimaud, Le Pont des Fées et Gare de...",2.0,9.0
178,18,Bormes-les-Mimosas,18.8,0.0,1.88,16.92,FACE MER ENTRE PLAGE ET MARINA,https://www.booking.com/hotel/fr/face-mer-entre-plage-et-marina.fr.html?aid=304142&label=gen173nr-1FCAQoggJCGXNlYXJjaF9ib3JtZXMgbGVzIG1pbW9zYXNIDVgEaE2IAQGYAQ24AQrIAQXYAQHoAQH4AQOIAgGoAgO4ArmAtsEGwAIB0gIkMWU5MWNkY2QtYjMzOS00ZDM4LWJhYjYtOThkZGNhMjMyZGQ42AIF4AIB&ucfs=1&arphpl=1&group_adults=2&req_adults=2&no_rooms=1&group_children=0&req_children=0&hpos=22&hapos=22&sr_order=popularity&srpvid=f10c345c522f000f&srepoch=1747812410&from=searchresults,43.12135898851033,6.363527542466749,Hébergement géré par un particulier,,8.3
179,18,Bormes-les-Mimosas,18.8,0.0,1.88,16.92,Hotel La Voile,https://www.booking.com/hotel/fr/hotel-la-voile-fr.fr.html?aid=304142&label=gen173nr-1FCAQoggJCGXNlYXJjaF9ib3JtZXMgbGVzIG1pbW9zYXNIDVgEaE2IAQGYAQ24AQrIAQXYAQHoAQH4AQOIAgGoAgO4ArmAtsEGwAIB0gIkMWU5MWNkY2QtYjMzOS00ZDM4LWJhYjYtOThkZGNhMjMyZGQ42AIF4AIB&ucfs=1&arphpl=1&group_adults=2&req_adults=2&no_rooms=1&group_children=0&req_children=0&hpos=21&hapos=21&sr_order=popularity&srpvid=f10c345c522f000f&srepoch=1747812410&from=searchresults,43.12549,6.357300000000009,"L'Hotel La Voile est idéalement situé à seulement 400 mètres des plages et du port de Bormes, dans un environnement calme et paisible à proximité du village de La Favière. ",3.0,8.7
180,18,Bormes-les-Mimosas,18.8,0.0,1.88,16.92,Magnifique maison de village clim vue mer 6 pers,https://www.booking.com/hotel/fr/magnifique-maison-de-village-clim-vue-mer-8-pers.fr.html?aid=304142&label=gen173nr-1FCAQoggJCGXNlYXJjaF9ib3JtZXMgbGVzIG1pbW9zYXNIDVgEaE2IAQGYAQ24AQrIAQXYAQHoAQH4AQOIAgGoAgO4ArmAtsEGwAIB0gIkMWU5MWNkY2QtYjMzOS00ZDM4LWJhYjYtOThkZGNhMjMyZGQ42AIF4AIB&ucfs=1&arphpl=1&group_adults=2&req_adults=2&no_rooms=1&group_children=0&req_children=0&hpos=17&hapos=17&sr_order=popularity&srpvid=f10c345c522f000f&srepoch=1747812410&from=searchresults,43.151608,6.3411234,Hébergement géré par un particulier,,8.4
181,18,Bormes-les-Mimosas,18.8,0.0,1.88,16.92,Boulevard du Soleil,https://www.booking.com/hotel/fr/boulevard-du-soleil.fr.html?aid=304142&label=gen173nr-1FCAQoggJCGXNlYXJjaF9ib3JtZXMgbGVzIG1pbW9zYXNIDVgEaE2IAQGYAQ24AQrIAQXYAQHoAQH4AQOIAgGoAgO4ArmAtsEGwAIB0gIkMWU5MWNkY2QtYjMzOS00ZDM4LWJhYjYtOThkZGNhMjMyZGQ42AIF4AIB&ucfs=1&arphpl=1&group_adults=2&req_adults=2&no_rooms=1&group_children=0&req_children=0&hpos=19&hapos=19&sr_order=popularity&srpvid=f10c345c522f000f&srepoch=1747812410&from=searchresults,43.149232813225,6.341970146281,Hébergement géré par un particulier,,9.4
182,18,Bormes-les-Mimosas,18.8,0.0,1.88,16.92,SELECT'soHOME - Appartement avec piscine et parking à Bormes-les-mimosas ! - ALCAZAR-11,https://www.booking.com/hotel/fr/select-sohome-appartement-avec-piscine-et-parking-a-bormes-les-mimosas-alcazar-1.fr.html?aid=304142&label=gen173nr-1FCAQoggJCGXNlYXJjaF9ib3JtZXMgbGVzIG1pbW9zYXNIDVgEaE2IAQGYAQ24AQrIAQXYAQHoAQH4AQOIAgGoAgO4ArmAtsEGwAIB0gIkMWU5MWNkY2QtYjMzOS00ZDM4LWJhYjYtOThkZGNhMjMyZGQ42AIF4AIB&ucfs=1&arphpl=1&group_adults=2&req_adults=2&no_rooms=1&group_children=0&req_children=0&hpos=16&hapos=16&sr_order=popularity&srpvid=f10c345c522f000f&srepoch=1747812410&from=searchresults,43.143094,6.343837,"L’hébergement SELECT'soHOME - Appartement avec piscine et parking à Bormes-les-mimosas! - ALCAZAR-11 offre une vue sur la montagne, à environ 31 km de ce lieu d’intérêt : Chateau de Grimaud. ",,9.2
183,18,Bormes-les-Mimosas,18.8,0.0,1.88,16.92,Villa au calme avec piscine privative,https://www.booking.com/hotel/fr/villa-au-calme-avec-piscine-privative.fr.html?aid=304142&label=gen173nr-1FCAQoggJCGXNlYXJjaF9ib3JtZXMgbGVzIG1pbW9zYXNIDVgEaE2IAQGYAQ24AQrIAQXYAQHoAQH4AQOIAgGoAgO4ArmAtsEGwAIB0gIkMWU5MWNkY2QtYjMzOS00ZDM4LWJhYjYtOThkZGNhMjMyZGQ42AIF4AIB&ucfs=1&arphpl=1&group_adults=2&req_adults=2&no_rooms=1&group_children=0&req_children=0&hpos=18&hapos=18&sr_order=popularity&srpvid=f10c345c522f000f&srepoch=1747812410&from=searchresults,43.137215010887,6.337791843127,"Situé à Bormes-les-Mimosas, l’hébergement Villa au calme avec piscine privative offre une vue sur la piscine. Il possède une piscine extérieure, un jardin, une terrasse et une connexion Wi-Fi...",,8.5
184,18,Bormes-les-Mimosas,18.8,0.0,1.88,16.92,HomeStay Bormes,https://www.booking.com/hotel/fr/homestay-bormes-bormes-les-mimosas.fr.html?aid=304142&label=gen173nr-1FCAQoggJCGXNlYXJjaF9ib3JtZXMgbGVzIG1pbW9zYXNIDVgEaE2IAQGYAQ24AQrIAQXYAQHoAQH4AQOIAgGoAgO4ArmAtsEGwAIB0gIkMWU5MWNkY2QtYjMzOS00ZDM4LWJhYjYtOThkZGNhMjMyZGQ42AIF4AIB&ucfs=1&arphpl=1&group_adults=2&req_adults=2&no_rooms=1&group_children=0&req_children=0&hpos=20&hapos=20&sr_order=popularity&srpvid=f10c345c522f000f&srepoch=1747812410&from=searchresults,43.146445,6.327724,Hébergement géré par un particulier,,9.7
185,18,Bormes-les-Mimosas,18.8,0.0,1.88,16.92,La petite Provence,https://www.booking.com/hotel/fr/lovely-place-for-2.fr.html?aid=304142&label=gen173nr-1FCAQoggJCGXNlYXJjaF9ib3JtZXMgbGVzIG1pbW9zYXNIDVgEaE2IAQGYAQ24AQrIAQXYAQHoAQH4AQOIAgGoAgO4ArmAtsEGwAIB0gIkMWU5MWNkY2QtYjMzOS00ZDM4LWJhYjYtOThkZGNhMjMyZGQ42AIF4AIB&ucfs=1&arphpl=1&group_adults=2&req_adults=2&no_rooms=1&group_children=0&req_children=0&hpos=14&hapos=14&sr_order=popularity&srpvid=f10c345c522f000f&srepoch=1747812410&from=searchresults,43.15127099096753,6.341906766830476,Hébergement géré par un particulier,,8.8
186,18,Bormes-les-Mimosas,18.8,0.0,1.88,16.92,"Calme, Piscine - Appartement Milady's Garden",https://www.booking.com/hotel/fr/calme-piscine-appartement-miladys-garden.fr.html?aid=304142&label=gen173nr-1FCAQoggJCGXNlYXJjaF9ib3JtZXMgbGVzIG1pbW9zYXNIDVgEaE2IAQGYAQ24AQrIAQXYAQHoAQH4AQOIAgGoAgO4ArmAtsEGwAIB0gIkMWU5MWNkY2QtYjMzOS00ZDM4LWJhYjYtOThkZGNhMjMyZGQ42AIF4AIB&ucfs=1&arphpl=1&group_adults=2&req_adults=2&no_rooms=1&group_children=0&req_children=0&hpos=15&hapos=15&sr_order=popularity&srpvid=f10c345c522f000f&srepoch=1747812410&from=searchresults,43.145294,6.33369,Hébergement géré par un particulier,,8.4
187,18,Bormes-les-Mimosas,18.8,0.0,1.88,16.92,SELECT'soHOME - Superbe appartement pour 4 personnes à deux pas de la plage et des commerces de la Favière ! - ILOA-B01,https://www.booking.com/hotel/fr/select-sohome-superbe-appartement-pour-4-personnes-a-deux-pas-de-la-plage-et-des.fr.html?aid=304142&label=gen173nr-1FCAQoggJCGXNlYXJjaF9ib3JtZXMgbGVzIG1pbW9zYXNIDVgEaE2IAQGYAQ24AQrIAQXYAQHoAQH4AQOIAgGoAgO4ArmAtsEGwAIB0gIkMWU5MWNkY2QtYjMzOS00ZDM4LWJhYjYtOThkZGNhMjMyZGQ42AIF4AIB&ucfs=1&arphpl=1&group_adults=2&req_adults=2&no_rooms=1&group_children=0&req_children=0&hpos=13&hapos=13&sr_order=popularity&srpvid=f10c345c522f000f&srepoch=1747812410&from=searchresults,43.124624,6.359008,L’hébergement SELECT'soHOME - Superbe appartement pour 4 personnes à deux pas de la plage et des commerces de la Favière! ,,9.6
188,18,Bormes-les-Mimosas,18.8,0.0,1.88,16.92,Villa avec piscine - confort et tranquillité,https://www.booking.com/hotel/fr/villa-avec-piscine-confort-et-tranquillite.fr.html?aid=304142&label=gen173nr-1FCAQoggJCGXNlYXJjaF9ib3JtZXMgbGVzIG1pbW9zYXNIDVgEaE2IAQGYAQ24AQrIAQXYAQHoAQH4AQOIAgGoAgO4ArmAtsEGwAIB0gIkMWU5MWNkY2QtYjMzOS00ZDM4LWJhYjYtOThkZGNhMjMyZGQ42AIF4AIB&ucfs=1&arphpl=1&group_adults=2&req_adults=2&no_rooms=1&group_children=0&req_children=0&hpos=11&hapos=11&sr_order=popularity&srpvid=f10c345c522f000f&srepoch=1747812410&from=searchresults,43.1454804815859,6.35007622224631,Hébergement géré par un particulier,,9.0
189,18,Bormes-les-Mimosas,18.8,0.0,1.88,16.92,Appartement 4 couchages à 350m de la plage avec garage privatif à Bormes-les-Mimosas - FR-1-251-725,https://www.booking.com/hotel/fr/appartement-bormes-les-mimosas-2-pieces-4-personnes-fr-1-251-725.fr.html?aid=304142&label=gen173nr-1FCAQoggJCGXNlYXJjaF9ib3JtZXMgbGVzIG1pbW9zYXNIDVgEaE2IAQGYAQ24AQrIAQXYAQHoAQH4AQOIAgGoAgO4ArmAtsEGwAIB0gIkMWU5MWNkY2QtYjMzOS00ZDM4LWJhYjYtOThkZGNhMjMyZGQ42AIF4AIB&ucfs=1&arphpl=1&group_adults=2&req_adults=2&no_rooms=1&group_children=0&req_children=0&hpos=10&hapos=10&sr_order=popularity&srpvid=f10c345c522f000f&srepoch=1747812410&from=searchresults,43.123203,6.353477,"L’hébergement Appartement 4 couchages à 350m de la plage avec garage privatif à Bormes-les-Mimosas - FR-1-251-725 vous accueille à Bormes-les-Mimosas, à respectivement 1,3 km, 34 km et 34 km de ces...",,
190,18,Bormes-les-Mimosas,18.8,0.0,1.88,16.92,Recent T3 in residence with swimming pool in La Favière,https://www.booking.com/hotel/fr/t3-recent-dans-residence-avec-piscine-a-la-faviere.fr.html?aid=304142&label=gen173nr-1FCAQoggJCGXNlYXJjaF9ib3JtZXMgbGVzIG1pbW9zYXNIDVgEaE2IAQGYAQ24AQrIAQXYAQHoAQH4AQOIAgGoAgO4ArmAtsEGwAIB0gIkMWU5MWNkY2QtYjMzOS00ZDM4LWJhYjYtOThkZGNhMjMyZGQ42AIF4AIB&ucfs=1&arphpl=1&group_adults=2&req_adults=2&no_rooms=1&group_children=0&req_children=0&hpos=12&hapos=12&sr_order=popularity&srpvid=f10c345c522f000f&srepoch=1747812410&from=searchresults,43.128449173431,6.354726830688,"L’hébergement Recent T3 in residence with swimming pool in La Favière se situe à Bormes-les-Mimosas, à respectivement 33 km et 33 km de ces lieux d’intérêt : Chateau de Grimaud et Le Pont des Fées. ",,8.8
191,18,Bormes-les-Mimosas,18.8,0.0,1.88,16.92,"Studio Liège, vue mer au village de Bormes les Mimosas",https://www.booking.com/hotel/fr/studio-vue-mer-au-village-de-bormes-les-mimosas.fr.html?aid=304142&label=gen173nr-1FCAQoggJCGXNlYXJjaF9ib3JtZXMgbGVzIG1pbW9zYXNIDVgEaE2IAQGYAQ24AQrIAQXYAQHoAQH4AQOIAgGoAgO4ArmAtsEGwAIB0gIkMWU5MWNkY2QtYjMzOS00ZDM4LWJhYjYtOThkZGNhMjMyZGQ42AIF4AIB&ucfs=1&arphpl=1&group_adults=2&req_adults=2&no_rooms=1&group_children=0&req_children=0&hpos=9&hapos=9&sr_order=popularity&srpvid=f10c345c522f000f&srepoch=1747812410&from=searchresults,43.150930950041,6.341806320314,"Situé à Bormes-les-Mimosas, l’hébergement Studio Liège, vue mer au village de Bormes les Mimosas met à votre disposition une connexion Wi-Fi gratuite et offre une vue sur la mer. ",,9.6
192,18,Bormes-les-Mimosas,18.8,0.0,1.88,16.92,Bormes - Le Loft,https://www.booking.com/hotel/fr/bormes-le-loft.fr.html?aid=304142&label=gen173nr-1FCAQoggJCGXNlYXJjaF9ib3JtZXMgbGVzIG1pbW9zYXNIDVgEaE2IAQGYAQ24AQrIAQXYAQHoAQH4AQOIAgGoAgO4ArmAtsEGwAIB0gIkMWU5MWNkY2QtYjMzOS00ZDM4LWJhYjYtOThkZGNhMjMyZGQ42AIF4AIB&ucfs=1&arphpl=1&group_adults=2&req_adults=2&no_rooms=1&group_children=0&req_children=0&hpos=8&hapos=8&sr_order=popularity&srpvid=f10c345c522f000f&srepoch=1747812410&from=searchresults,43.1507533,6.3406583,Hébergement géré par un particulier,,9.1
193,18,Bormes-les-Mimosas,18.8,0.0,1.88,16.92,Apartment le Port de Bormes-6 by Interhome,https://www.booking.com/hotel/fr/apartment-le-port-de-bormes-6-by-interhome.fr.html?aid=304142&label=gen173nr-1FCAQoggJCGXNlYXJjaF9ib3JtZXMgbGVzIG1pbW9zYXNIDVgEaE2IAQGYAQ24AQrIAQXYAQHoAQH4AQOIAgGoAgO4ArmAtsEGwAIB0gIkMWU5MWNkY2QtYjMzOS00ZDM4LWJhYjYtOThkZGNhMjMyZGQ42AIF4AIB&ucfs=1&arphpl=1&group_adults=2&req_adults=2&no_rooms=1&group_children=0&req_children=0&hpos=7&hapos=7&sr_order=popularity&srpvid=f10c345c522f000f&srepoch=1747812410&from=searchresults,43.122208,6.363884,"Proposant une piscine extérieure ouverte en saison et offrant une vue sur la mer, l’hébergement Apartment le Port de Bormes-6 by Interhome vous accueille à Bormes-les-Mimosas, à respectivement 200...",,9.3
194,18,Bormes-les-Mimosas,18.8,0.0,1.88,16.92,CASA-Gaou-Benat splendid sea view villa,https://www.booking.com/hotel/fr/casa-gaou-benat-splendid-sea-view-villa-in-exclusive-secured-residence.fr.html?aid=304142&label=gen173nr-1FCAQoggJCGXNlYXJjaF9ib3JtZXMgbGVzIG1pbW9zYXNIDVgEaE2IAQGYAQ24AQrIAQXYAQHoAQH4AQOIAgGoAgO4ArmAtsEGwAIB0gIkMWU5MWNkY2QtYjMzOS00ZDM4LWJhYjYtOThkZGNhMjMyZGQ42AIF4AIB&ucfs=1&arphpl=1&group_adults=2&req_adults=2&no_rooms=1&group_children=0&req_children=0&hpos=6&hapos=6&sr_order=popularity&srpvid=f10c345c522f000f&srepoch=1747812410&from=searchresults,43.10909691461076,6.344290892776501,"Situé à Bormes-les-Mimosas, l’hébergement CASA-Gaou-Benat splendid sea view villa met à votre disposition une connexion Wi-Fi gratuite et offre une vue sur la mer. ",,9.1
195,18,Bormes-les-Mimosas,18.8,0.0,1.88,16.92,Lantana luxury property,https://www.booking.com/hotel/fr/lantana-luxury-property.fr.html?aid=304142&label=gen173nr-1FCAQoggJCGXNlYXJjaF9ib3JtZXMgbGVzIG1pbW9zYXNIDVgEaE2IAQGYAQ24AQrIAQXYAQHoAQH4AQOIAgGoAgO4ArmAtsEGwAIB0gIkMWU5MWNkY2QtYjMzOS00ZDM4LWJhYjYtOThkZGNhMjMyZGQ42AIF4AIB&ucfs=1&arphpl=1&group_adults=2&req_adults=2&no_rooms=1&group_children=0&req_children=0&hpos=2&hapos=2&sr_order=popularity&srpvid=f10c345c522f000f&srepoch=1747812410&from=searchresults,43.145294,6.33369,Hébergement géré par un particulier,,9.6
196,18,Bormes-les-Mimosas,18.8,0.0,1.88,16.92,SELECT'soHOME - Appartement face à la mer avec piscine à Bormes-les-mimosas - CAPNAT-C04,https://www.booking.com/hotel/fr/select-sohome-appartement-face-a-la-mer-avec-piscine-a-bormes-les-mimosas-capnat.fr.html?aid=304142&label=gen173nr-1FCAQoggJCGXNlYXJjaF9ib3JtZXMgbGVzIG1pbW9zYXNIDVgEaE2IAQGYAQ24AQrIAQXYAQHoAQH4AQOIAgGoAgO4ArmAtsEGwAIB0gIkMWU5MWNkY2QtYjMzOS00ZDM4LWJhYjYtOThkZGNhMjMyZGQ42AIF4AIB&ucfs=1&arphpl=1&group_adults=2&req_adults=2&no_rooms=1&group_children=0&req_children=0&hpos=3&hapos=3&sr_order=popularity&srpvid=f10c345c522f000f&srepoch=1747812410&from=searchresults,43.143018,6.352273,"L’hébergement SELECT'soHOME - Appartement face à la mer avec piscine à Bormes-les-mimosas - CAPNAT-C04 vous accueille à Bormes-les-Mimosas, à seulement 2,6 km de ce lieu d’intérêt : Grande Plage. ",,9.2
197,18,Bormes-les-Mimosas,18.8,0.0,1.88,16.92,Eden Rose Grand Hotel BW Premier Collection,https://www.booking.com/hotel/fr/eden-rose-grand-bw-premier-collection.fr.html?aid=304142&label=gen173nr-1FCAQoggJCGXNlYXJjaF9ib3JtZXMgbGVzIG1pbW9zYXNIDVgEaE2IAQGYAQ24AQrIAQXYAQHoAQH4AQOIAgGoAgO4ArmAtsEGwAIB0gIkMWU5MWNkY2QtYjMzOS00ZDM4LWJhYjYtOThkZGNhMjMyZGQ42AIF4AIB&ucfs=1&arphpl=1&group_adults=2&req_adults=2&no_rooms=1&group_children=0&req_children=0&hpos=5&hapos=5&sr_order=popularity&srpvid=f10c345c522f000f&srepoch=1747812410&from=searchresults,43.152872,6.342654,"L’établissement Eden Rose Grand Hotel BW Premier Collection se situe à Bormes-les-Mimosas, à 29 km de ce lieu d’intérêt : Chateau de Grimaud. ",4.0,8.7
198,18,Bormes-les-Mimosas,18.8,0.0,1.88,16.92,Bel appartement classé 3 étoiles,https://www.booking.com/hotel/fr/joli-2-pieces-avec-parking-gratuit-sur-place.fr.html?aid=304142&label=gen173nr-1FCAQoggJCGXNlYXJjaF9ib3JtZXMgbGVzIG1pbW9zYXNIDVgEaE2IAQGYAQ24AQrIAQXYAQHoAQH4AQOIAgGoAgO4ArmAtsEGwAIB0gIkMWU5MWNkY2QtYjMzOS00ZDM4LWJhYjYtOThkZGNhMjMyZGQ42AIF4AIB&ucfs=1&arphpl=1&group_adults=2&req_adults=2&no_rooms=1&group_children=0&req_children=0&hpos=1&hapos=1&sr_order=popularity&srpvid=f10c345c522f000f&srepoch=1747812410&from=searchresults,43.1439829,6.337272,Hébergement géré par un particulier,3.0,9.5
199,18,Bormes-les-Mimosas,18.8,0.0,1.88,16.92,Le Mirage,https://www.booking.com/hotel/fr/le-domaine-du-mirage.fr.html?aid=304142&label=gen173nr-1FCAQoggJCGXNlYXJjaF9ib3JtZXMgbGVzIG1pbW9zYXNIDVgEaE2IAQGYAQ24AQrIAQXYAQHoAQH4AQOIAgGoAgO4ArmAtsEGwAIB0gIkMWU5MWNkY2QtYjMzOS00ZDM4LWJhYjYtOThkZGNhMjMyZGQ42AIF4AIB&ucfs=1&arphpl=1&group_adults=2&req_adults=2&no_rooms=1&group_children=0&req_children=0&hpos=4&hapos=4&sr_order=popularity&srpvid=f10c345c522f000f&srepoch=1747812410&from=searchresults,43.144568554121996,6.351684182882309,"L'hôtel Le Mirage est niché au cœur d'un lieu reposant, un équilibre parfait entre mer et nature, pour vous offrir une expérience inoubliable tout au long de votre séjour. ",4.0,9.3
200,19,Cassis,19.24,0.49,2.03,16.72,Chambre d'hôtes Clos du Petit Jésus,https://www.booking.com/hotel/fr/clos-du-petit-ja-c-sus.fr.html?aid=304142&label=gen173nr-1FCAQoggJCDXNlYXJjaF9jYXNzaXNIDVgEaE2IAQGYAQ24AQrIAQXYAQHoAQH4AQOIAgGoAgO4ArmAtsEGwAIB0gIkMTg4OTk3N2QtZmNlZi00MGRkLThiMjAtNDFiMjNmZWUwZTA12AIF4AIB&ucfs=1&arphpl=1&group_adults=2&req_adults=2&no_rooms=1&group_children=0&req_children=0&hpos=25&hapos=25&sr_order=popularity&srpvid=8062345cfa790844&srepoch=1747812410&from=searchresults,43.21524568880528,5.544667840003967,"Situé à Cassis, à seulement 5 minutes à pied de la plage, le Clos du Petit Jésus propose une piscine extérieure, une terrasse privée et un espace de bronzage. ",,9.9
201,19,Cassis,19.24,0.49,2.03,16.72,Rose d'Eden par Dodo-a-Cassis,https://www.booking.com/hotel/fr/rose-d-39-eden-par-dodo-a-cassis.fr.html?aid=304142&label=gen173nr-1FCAQoggJCDXNlYXJjaF9jYXNzaXNIDVgEaE2IAQGYAQ24AQrIAQXYAQHoAQH4AQOIAgGoAgO4ArmAtsEGwAIB0gIkMTg4OTk3N2QtZmNlZi00MGRkLThiMjAtNDFiMjNmZWUwZTA12AIF4AIB&ucfs=1&arphpl=1&group_adults=2&req_adults=2&no_rooms=1&group_children=0&req_children=0&hpos=22&hapos=22&sr_order=popularity&srpvid=8062345cfa790844&srepoch=1747812410&from=searchresults,43.214930867592,5.535976578609,Hébergement géré par un particulier,,9.2
202,19,Cassis,19.24,0.49,2.03,16.72,Le Clocher de Cassis,https://www.booking.com/hotel/fr/clocher-de-cassis.fr.html?aid=304142&label=gen173nr-1FCAQoggJCDXNlYXJjaF9jYXNzaXNIDVgEaE2IAQGYAQ24AQrIAQXYAQHoAQH4AQOIAgGoAgO4ArmAtsEGwAIB0gIkMTg4OTk3N2QtZmNlZi00MGRkLThiMjAtNDFiMjNmZWUwZTA12AIF4AIB&ucfs=1&arphpl=1&group_adults=2&req_adults=2&no_rooms=1&group_children=0&req_children=0&hpos=24&hapos=24&sr_order=popularity&srpvid=8062345cfa790844&srepoch=1747812410&from=searchresults,43.215602,5.5377111,Hébergement géré par un particulier,,8.8
203,19,Cassis,19.24,0.49,2.03,16.72,"AQUARIUS IN CASSIS, Chambres d'Hôtes",https://www.booking.com/hotel/fr/aquarius-in-cassis-chambres-d-hotes.fr.html?aid=304142&label=gen173nr-1FCAQoggJCDXNlYXJjaF9jYXNzaXNIDVgEaE2IAQGYAQ24AQrIAQXYAQHoAQH4AQOIAgGoAgO4ArmAtsEGwAIB0gIkMTg4OTk3N2QtZmNlZi00MGRkLThiMjAtNDFiMjNmZWUwZTA12AIF4AIB&ucfs=1&arphpl=1&group_adults=2&req_adults=2&no_rooms=1&group_children=0&req_children=0&hpos=23&hapos=23&sr_order=popularity&srpvid=8062345cfa790844&srepoch=1747812410&from=searchresults,43.2223547,5.5345386,"L’établissement AQUARIUS IN CASSIS, Chambres d'Hôtes se situe à Cassis, à 1,2 km de ce lieu d’intérêt : Plage du Bestouan. ",,9.4
204,19,Cassis,19.24,0.49,2.03,16.72,Home Cassis - Maison Julou - Piscine chauffée à 32c,https://www.booking.com/hotel/fr/home-cassis-maison-julou.fr.html?aid=304142&label=gen173nr-1FCAQoggJCDXNlYXJjaF9jYXNzaXNIDVgEaE2IAQGYAQ24AQrIAQXYAQHoAQH4AQOIAgGoAgO4ArmAtsEGwAIB0gIkMTg4OTk3N2QtZmNlZi00MGRkLThiMjAtNDFiMjNmZWUwZTA12AIF4AIB&ucfs=1&arphpl=1&group_adults=2&req_adults=2&no_rooms=1&group_children=0&req_children=0&hpos=20&hapos=20&sr_order=popularity&srpvid=8062345cfa790844&srepoch=1747812410&from=searchresults,43.222079689063,5.537926946033,"Situé à Cassis et offrant une vue sur la montagne, l’établissement Home Cassis - Maison Julou - Piscine chauffée à 32c possède une piscine extérieure, un jardin, une terrasse et un casino. ",,8.4
205,19,Cassis,19.24,0.49,2.03,16.72,Giovannina N2,https://www.booking.com/hotel/fr/giovannina-n2.fr.html?aid=304142&label=gen173nr-1FCAQoggJCDXNlYXJjaF9jYXNzaXNIDVgEaE2IAQGYAQ24AQrIAQXYAQHoAQH4AQOIAgGoAgO4ArmAtsEGwAIB0gIkMTg4OTk3N2QtZmNlZi00MGRkLThiMjAtNDFiMjNmZWUwZTA12AIF4AIB&ucfs=1&arphpl=1&group_adults=2&req_adults=2&no_rooms=1&group_children=0&req_children=0&hpos=21&hapos=21&sr_order=popularity&srpvid=8062345cfa790844&srepoch=1747812410&from=searchresults,43.221287,5.536331,Hébergement géré par un particulier,,8.6
206,19,Cassis,19.24,0.49,2.03,16.72,"Magnifique Appartement à Cassis,Parking,2 pas du Port",https://www.booking.com/hotel/fr/magnifique-appartement-cassis-pres-du-port.fr.html?aid=304142&label=gen173nr-1FCAQoggJCDXNlYXJjaF9jYXNzaXNIDVgEaE2IAQGYAQ24AQrIAQXYAQHoAQH4AQOIAgGoAgO4ArmAtsEGwAIB0gIkMTg4OTk3N2QtZmNlZi00MGRkLThiMjAtNDFiMjNmZWUwZTA12AIF4AIB&ucfs=1&arphpl=1&group_adults=2&req_adults=2&no_rooms=1&group_children=0&req_children=0&hpos=19&hapos=19&sr_order=popularity&srpvid=8062345cfa790844&srepoch=1747812410&from=searchresults,43.216323,5.536496,Hébergement géré par un particulier,,9.3
207,19,Cassis,19.24,0.49,2.03,16.72,LE BELLEVUE appartement GRAND CONFORT à Cassis,https://www.booking.com/hotel/fr/appartement-le-bellevue.fr.html?aid=304142&label=gen173nr-1FCAQoggJCDXNlYXJjaF9jYXNzaXNIDVgEaE2IAQGYAQ24AQrIAQXYAQHoAQH4AQOIAgGoAgO4ArmAtsEGwAIB0gIkMTg4OTk3N2QtZmNlZi00MGRkLThiMjAtNDFiMjNmZWUwZTA12AIF4AIB&ucfs=1&arphpl=1&group_adults=2&req_adults=2&no_rooms=1&group_children=0&req_children=0&hpos=18&hapos=18&sr_order=popularity&srpvid=8062345cfa790844&srepoch=1747812410&from=searchresults,43.2283370242723,5.53200304652786,Hébergement géré par un particulier,3.0,9.0
208,19,Cassis,19.24,0.49,2.03,16.72,FACE A LA MER,https://www.booking.com/hotel/fr/face-a-la-mer-cassis.fr.html?aid=304142&label=gen173nr-1FCAQoggJCDXNlYXJjaF9jYXNzaXNIDVgEaE2IAQGYAQ24AQrIAQXYAQHoAQH4AQOIAgGoAgO4ArmAtsEGwAIB0gIkMTg4OTk3N2QtZmNlZi00MGRkLThiMjAtNDFiMjNmZWUwZTA12AIF4AIB&ucfs=1&arphpl=1&group_adults=2&req_adults=2&no_rooms=1&group_children=0&req_children=0&hpos=16&hapos=16&sr_order=popularity&srpvid=8062345cfa790844&srepoch=1747812410&from=searchresults,43.214261255188,5.530672945026,"Situé à Cassis, l’hébergement FACE A LA MER offre une vue sur la mer. Il comprend une terrasse et une connexion Wi-Fi gratuite. ",,8.7
209,19,Cassis,19.24,0.49,2.03,16.72,L'aiguade - Cassis,https://www.booking.com/hotel/fr/aiguade-appartement-a-cassis.fr.html?aid=304142&label=gen173nr-1FCAQoggJCDXNlYXJjaF9jYXNzaXNIDVgEaE2IAQGYAQ24AQrIAQXYAQHoAQH4AQOIAgGoAgO4ArmAtsEGwAIB0gIkMTg4OTk3N2QtZmNlZi00MGRkLThiMjAtNDFiMjNmZWUwZTA12AIF4AIB&ucfs=1&arphpl=1&group_adults=2&req_adults=2&no_rooms=1&group_children=0&req_children=0&hpos=14&hapos=14&sr_order=popularity&srpvid=8062345cfa790844&srepoch=1747812410&from=searchresults,43.2141154,5.5338211,"L’hébergement L'aiguade - Cassis se trouve à Cassis, à respectivement 800 mètres, 20 km et 20 km de ces lieux d’intérêt : Plage de la Grande Mer, Orange Vélodrome et Métro Rond-point du Prado. ",,9.3
210,19,Cassis,19.24,0.49,2.03,16.72,L'ECHO DES FLOTS vue mer,https://www.booking.com/hotel/fr/echo-des-flots.fr.html?aid=304142&label=gen173nr-1FCAQoggJCDXNlYXJjaF9jYXNzaXNIDVgEaE2IAQGYAQ24AQrIAQXYAQHoAQH4AQOIAgGoAgO4ArmAtsEGwAIB0gIkMTg4OTk3N2QtZmNlZi00MGRkLThiMjAtNDFiMjNmZWUwZTA12AIF4AIB&ucfs=1&arphpl=1&group_adults=2&req_adults=2&no_rooms=1&group_children=0&req_children=0&hpos=17&hapos=17&sr_order=popularity&srpvid=8062345cfa790844&srepoch=1747812410&from=searchresults,43.211915898805,5.530917756603,"Bénéficiant d’un emplacement en bord de mer, l’hébergement L'ECHO DES FLOTS vue mer vous accueille à Cassis, à respectivement quelques pas et 20 km de ces lieux d’intérêt : Plage du Bestouan et Orange...",,8.9
211,19,Cassis,19.24,0.49,2.03,16.72,HPC Suites - Cassis Centre - Parking Gratuit & Piscine Chauffée,https://www.booking.com/hotel/fr/hpc-suites.fr.html?aid=304142&label=gen173nr-1FCAQoggJCDXNlYXJjaF9jYXNzaXNIDVgEaE2IAQGYAQ24AQrIAQXYAQHoAQH4AQOIAgGoAgO4ArmAtsEGwAIB0gIkMTg4OTk3N2QtZmNlZi00MGRkLThiMjAtNDFiMjNmZWUwZTA12AIF4AIB&ucfs=1&arphpl=1&group_adults=2&req_adults=2&no_rooms=1&group_children=0&req_children=0&hpos=15&hapos=15&sr_order=popularity&srpvid=8062345cfa790844&srepoch=1747812410&from=searchresults,43.216440236856805,5.541745724536895,"Doté d'une piscine extérieure commune avec terrasse et vue sur la mer, le HPC Suites - Cassis Centre - Parking Gratuit & Piscine Chauffée est situé dans un parc de 4 000 m2 dans le centre de Cassis. ",4.0,9.1
212,19,Cassis,19.24,0.49,2.03,16.72,L'ODYSSÉE BLEUE VUE MER,https://www.booking.com/hotel/fr/odyssee-bleue-vue-mer.fr.html?aid=304142&label=gen173nr-1FCAQoggJCDXNlYXJjaF9jYXNzaXNIDVgEaE2IAQGYAQ24AQrIAQXYAQHoAQH4AQOIAgGoAgO4ArmAtsEGwAIB0gIkMTg4OTk3N2QtZmNlZi00MGRkLThiMjAtNDFiMjNmZWUwZTA12AIF4AIB&ucfs=1&arphpl=1&group_adults=2&req_adults=2&no_rooms=1&group_children=0&req_children=0&hpos=13&hapos=13&sr_order=popularity&srpvid=8062345cfa790844&srepoch=1747812410&from=searchresults,43.211783719015,5.530871601852,"L’hébergement en bord de mer L'ODYSSÉE BLEUE VUE MER vous accueille à Cassis, à seulement quelques pas de ce lieu d’intérêt : Plage du Bestouan. Il comprend une connexion Wi-Fi gratuite. ",,9.0
213,19,Cassis,19.24,0.49,2.03,16.72,Home Cassis - Maison Les Calanques - Piscine chauffée à 30c,https://www.booking.com/hotel/fr/home-cassis.fr.html?aid=304142&label=gen173nr-1FCAQoggJCDXNlYXJjaF9jYXNzaXNIDVgEaE2IAQGYAQ24AQrIAQXYAQHoAQH4AQOIAgGoAgO4ArmAtsEGwAIB0gIkMTg4OTk3N2QtZmNlZi00MGRkLThiMjAtNDFiMjNmZWUwZTA12AIF4AIB&ucfs=1&arphpl=1&group_adults=2&req_adults=2&no_rooms=1&group_children=0&req_children=0&hpos=12&hapos=12&sr_order=popularity&srpvid=8062345cfa790844&srepoch=1747812410&from=searchresults,43.21183242551023,5.524701520789677,"Situé à 1 km du port de Cassis, l'établissement Home Cassis est une résidence de 4 appartements, abritant une piscine commune. ",,8.0
214,19,Cassis,19.24,0.49,2.03,16.72,Les Jardins de Cassis - Parking Gratuit & Piscine Chauffée,https://www.booking.com/hotel/fr/les-jardins-de-cassis.fr.html?aid=304142&label=gen173nr-1FCAQoggJCDXNlYXJjaF9jYXNzaXNIDVgEaE2IAQGYAQ24AQrIAQXYAQHoAQH4AQOIAgGoAgO4ArmAtsEGwAIB0gIkMTg4OTk3N2QtZmNlZi00MGRkLThiMjAtNDFiMjNmZWUwZTA12AIF4AIB&ucfs=1&arphpl=1&group_adults=2&req_adults=2&no_rooms=1&group_children=0&req_children=0&hpos=11&hapos=11&sr_order=popularity&srpvid=8062345cfa790844&srepoch=1747812410&from=searchresults,43.221840494518375,5.543384896958969,"Situé dans un jardin de style méditerranéen doté d’une piscine extérieure chauffée et pourvu d’un espace détente avec un jacuzzi et un sauna, l’hôtel Les Jardins de Cassis se trouve à 10 minutes à...",3.0,8.0
215,19,Cassis,19.24,0.49,2.03,16.72,Best Western Hotel & SPA Coeur De Cassis,https://www.booking.com/hotel/fr/du-grand-jardin.fr.html?aid=304142&label=gen173nr-1FCAQoggJCDXNlYXJjaF9jYXNzaXNIDVgEaE2IAQGYAQ24AQrIAQXYAQHoAQH4AQOIAgGoAgO4ArmAtsEGwAIB0gIkMTg4OTk3N2QtZmNlZi00MGRkLThiMjAtNDFiMjNmZWUwZTA12AIF4AIB&ucfs=1&arphpl=1&group_adults=2&req_adults=2&no_rooms=1&group_children=0&req_children=0&hpos=9&hapos=9&sr_order=popularity&srpvid=8062345cfa790844&srepoch=1747812410&from=searchresults,43.21457326278473,5.540146976709366,"Le Best Western Hotel & SPA Coeur De Cassis vous accueille dans le centre-ville de Cassis, à 200 mètres du port et 300 mètres de la plage. ",3.0,8.5
216,19,Cassis,19.24,0.49,2.03,16.72,Chez nous Cassis,https://www.booking.com/hotel/fr/chez-nous-cassis.fr.html?aid=304142&label=gen173nr-1FCAQoggJCDXNlYXJjaF9jYXNzaXNIDVgEaE2IAQGYAQ24AQrIAQXYAQHoAQH4AQOIAgGoAgO4ArmAtsEGwAIB0gIkMTg4OTk3N2QtZmNlZi00MGRkLThiMjAtNDFiMjNmZWUwZTA12AIF4AIB&ucfs=1&arphpl=1&group_adults=2&req_adults=2&no_rooms=1&group_children=0&req_children=0&hpos=10&hapos=10&sr_order=popularity&srpvid=8062345cfa790844&srepoch=1747812410&from=searchresults,43.226680454094776,5.537322945892811,Hébergement géré par un particulier,,9.2
217,19,Cassis,19.24,0.49,2.03,16.72,"The Originals Boutique, Hôtel Cassitel, Cassis",https://www.booking.com/hotel/fr/interhotel-cassitel.fr.html?aid=304142&label=gen173nr-1FCAQoggJCDXNlYXJjaF9jYXNzaXNIDVgEaE2IAQGYAQ24AQrIAQXYAQHoAQH4AQOIAgGoAgO4ArmAtsEGwAIB0gIkMTg4OTk3N2QtZmNlZi00MGRkLThiMjAtNDFiMjNmZWUwZTA12AIF4AIB&ucfs=1&arphpl=1&group_adults=2&req_adults=2&no_rooms=1&group_children=0&req_children=0&hpos=8&hapos=8&sr_order=popularity&srpvid=8062345cfa790844&srepoch=1747812410&from=searchresults,43.213706213836964,5.538958087563515,"L’The Originals Boutique, Hôtel Cassitel, Cassis vous accueille en face du port de pêche de Cassis, à seulement 2 minutes à pied de la plage et à 40 minutes de route du circuit automobile Paul Ricard....",2.0,7.9
218,19,Cassis,19.24,0.49,2.03,16.72,Best Western Plus Hôtel la Rade,https://www.booking.com/hotel/fr/la-rade-cassis.fr.html?aid=304142&label=gen173nr-1FCAQoggJCDXNlYXJjaF9jYXNzaXNIDVgEaE2IAQGYAQ24AQrIAQXYAQHoAQH4AQOIAgGoAgO4ArmAtsEGwAIB0gIkMTg4OTk3N2QtZmNlZi00MGRkLThiMjAtNDFiMjNmZWUwZTA12AIF4AIB&ucfs=1&arphpl=1&group_adults=2&req_adults=2&no_rooms=1&group_children=0&req_children=0&hpos=6&hapos=6&sr_order=popularity&srpvid=8062345cfa790844&srepoch=1747812410&from_sustainable_property_sr=1&from=searchresults,43.21522996680949,5.533696934580803,Le Best Western Plus Hôtel la Rade est situé à 14 mètres du port de pêche de Cassis et de la plage du Bestouan. ,3.0,8.5
219,19,Cassis,19.24,0.49,2.03,16.72,UNE TERRASSE SUR LA MER 3 pers 2 chambres VUE MER,https://www.booking.com/hotel/fr/une-terrasse-sur-la-mer-cassis.fr.html?aid=304142&label=gen173nr-1FCAQoggJCDXNlYXJjaF9jYXNzaXNIDVgEaE2IAQGYAQ24AQrIAQXYAQHoAQH4AQOIAgGoAgO4ArmAtsEGwAIB0gIkMTg4OTk3N2QtZmNlZi00MGRkLThiMjAtNDFiMjNmZWUwZTA12AIF4AIB&ucfs=1&arphpl=1&group_adults=2&req_adults=2&no_rooms=1&group_children=0&req_children=0&hpos=7&hapos=7&sr_order=popularity&srpvid=8062345cfa790844&srepoch=1747812410&from=searchresults,43.214071974847386,5.530621819049069,"L’hébergement en bord de mer UNE TERRASSE SUR LA MER 3 pers 2 chambres VUE MER se trouve à Cassis, à seulement 400 mètres de ce lieu d’intérêt : Plage du Bestouan. ",,8.8
220,19,Cassis,19.24,0.49,2.03,16.72,80m2 à 200m de la calanque de Port Miou - 2 chambres et parking,https://www.booking.com/hotel/fr/80m2-a-200m-de-la-calanque-de-port-miou-2-chambres-et-parking.fr.html?aid=304142&label=gen173nr-1FCAQoggJCDXNlYXJjaF9jYXNzaXNIDVgEaE2IAQGYAQ24AQrIAQXYAQHoAQH4AQOIAgGoAgO4ArmAtsEGwAIB0gIkMTg4OTk3N2QtZmNlZi00MGRkLThiMjAtNDFiMjNmZWUwZTA12AIF4AIB&ucfs=1&arphpl=1&group_adults=2&req_adults=2&no_rooms=1&group_children=0&req_children=0&hpos=5&hapos=5&sr_order=popularity&srpvid=8062345cfa790844&srepoch=1747812410&from=searchresults,43.2115707,5.5240701,"L’hébergement 80m2 à 200m de la calanque de Port Miou - 2 chambres et parking se situe à Cassis, à 700 mètres de ce lieu d’intérêt : Plage du Bestouan. ",,8.7
221,19,Cassis,19.24,0.49,2.03,16.72,La douceur de Cassis,https://www.booking.com/hotel/fr/la-douceur-de-cassis.fr.html?aid=304142&label=gen173nr-1FCAQoggJCDXNlYXJjaF9jYXNzaXNIDVgEaE2IAQGYAQ24AQrIAQXYAQHoAQH4AQOIAgGoAgO4ArmAtsEGwAIB0gIkMTg4OTk3N2QtZmNlZi00MGRkLThiMjAtNDFiMjNmZWUwZTA12AIF4AIB&ucfs=1&arphpl=1&group_adults=2&req_adults=2&no_rooms=1&group_children=0&req_children=0&hpos=4&hapos=4&sr_order=popularity&srpvid=8062345cfa790844&srepoch=1747812410&from=searchresults,43.215009,5.530956,Hébergement géré par un particulier,,9.5
222,19,Cassis,19.24,0.49,2.03,16.72,Seaview.Cassis,https://www.booking.com/hotel/fr/seaview-cassis.fr.html?aid=304142&label=gen173nr-1FCAQoggJCDXNlYXJjaF9jYXNzaXNIDVgEaE2IAQGYAQ24AQrIAQXYAQHoAQH4AQOIAgGoAgO4ArmAtsEGwAIB0gIkMTg4OTk3N2QtZmNlZi00MGRkLThiMjAtNDFiMjNmZWUwZTA12AIF4AIB&ucfs=1&arphpl=1&group_adults=2&req_adults=2&no_rooms=1&group_children=0&req_children=0&hpos=2&hapos=2&sr_order=popularity&srpvid=8062345cfa790844&srepoch=1747812410&from=searchresults,43.2144315,5.5350757999999995,Hébergement géré par un particulier,,9.6
223,19,Cassis,19.24,0.49,2.03,16.72,Hotel Le Golfe,https://www.booking.com/hotel/fr/le-golfe-cassis.fr.html?aid=304142&label=gen173nr-1FCAQoggJCDXNlYXJjaF9jYXNzaXNIDVgEaE2IAQGYAQ24AQrIAQXYAQHoAQH4AQOIAgGoAgO4ArmAtsEGwAIB0gIkMTg4OTk3N2QtZmNlZi00MGRkLThiMjAtNDFiMjNmZWUwZTA12AIF4AIB&ucfs=1&arphpl=1&group_adults=2&req_adults=2&no_rooms=1&group_children=0&req_children=0&hpos=3&hapos=3&sr_order=popularity&srpvid=8062345cfa790844&srepoch=1747812410&from=searchresults,43.21443437507463,5.535294860601425,"Situé dans le port de pêche de Cassis, l'Hôtel Le Golfe vous accueille à seulement 400 mètres de la plage de sable. Il abrite un glacier et une terrasse ombragée donnant sur le port. ",2.0,8.2
224,19,Cassis,19.24,0.49,2.03,16.72,Astoria Villa maison d hôtes Appartement vue mer avec piscine,https://www.booking.com/hotel/fr/appartement-astoria-villa-face-piscine.fr.html?aid=304142&label=gen173nr-1FCAQoggJCDXNlYXJjaF9jYXNzaXNIDVgEaE2IAQGYAQ24AQrIAQXYAQHoAQH4AQOIAgGoAgO4ArmAtsEGwAIB0gIkMTg4OTk3N2QtZmNlZi00MGRkLThiMjAtNDFiMjNmZWUwZTA12AIF4AIB&ucfs=1&arphpl=1&group_adults=2&req_adults=2&no_rooms=1&group_children=0&req_children=0&hpos=1&hapos=1&sr_order=popularity&srpvid=8062345cfa790844&srepoch=1747812410&from=searchresults,43.211728,5.5286144,Hébergement géré par un particulier,,9.1
225,26,Saintes-Maries-de-la-Mer,18.66,0.35,2.03,16.28,Les Rizières,https://www.booking.com/hotel/fr/les-rizieres.fr.html?aid=304142&label=gen173nr-1FCAQoggJCH3NlYXJjaF9zYWludGVzIG1hcmllcyBkZSBsYSBtZXJIDVgEaE2IAQGYAQ24AQrIAQXYAQHoAQH4AQOIAgGoAgO4ArqAtsEGwAIB0gIkNzA0NTc3ODYtYTc1Mi00NGI5LWFiNGItMzEwZjVlMmVhOGY02AIF4AIB&ucfs=1&arphpl=1&group_adults=2&req_adults=2&no_rooms=1&group_children=0&req_children=0&hpos=12&hapos=12&sr_order=popularity&srpvid=ce39345d8969022d&srepoch=1747812411&from=searchresults,43.47103999099344,4.410586953163147,"Situé près d’un étang, l’hôtel Les Rizières se trouve à 2,8 km de Saintes-Maries-de-la-Mer et à 2,4 km du parc ornithologique de Pont-de-Gau, célèbre pour ses flamants roses. ",3.0,8.7
226,26,Saintes-Maries-de-la-Mer,18.66,0.35,2.03,16.28,Appartement Le Méditerranéen à 300m de la plage et au centre des Saintes Maries de la Mer LOCAMARGUE,https://www.booking.com/hotel/fr/appartement-andie-camargue.fr.html?aid=304142&label=gen173nr-1FCAQoggJCH3NlYXJjaF9zYWludGVzIG1hcmllcyBkZSBsYSBtZXJIDVgEaE2IAQGYAQ24AQrIAQXYAQHoAQH4AQOIAgGoAgO4ArqAtsEGwAIB0gIkNzA0NTc3ODYtYTc1Mi00NGI5LWFiNGItMzEwZjVlMmVhOGY02AIF4AIB&ucfs=1&arphpl=1&group_adults=2&req_adults=2&no_rooms=1&group_children=0&req_children=0&hpos=25&hapos=25&sr_order=popularity&srpvid=ce39345d8969022d&srepoch=1747812411&from=searchresults,43.452618,4.427496,Hébergement géré par un particulier,,9.3
227,26,Saintes-Maries-de-la-Mer,18.66,0.35,2.03,16.28,Les Vagues,https://www.booking.com/hotel/fr/les-vagues-saintes-maries-de-la-mer.fr.html?aid=304142&label=gen173nr-1FCAQoggJCH3NlYXJjaF9zYWludGVzIG1hcmllcyBkZSBsYSBtZXJIDVgEaE2IAQGYAQ24AQrIAQXYAQHoAQH4AQOIAgGoAgO4ArqAtsEGwAIB0gIkNzA0NTc3ODYtYTc1Mi00NGI5LWFiNGItMzEwZjVlMmVhOGY02AIF4AIB&ucfs=1&arphpl=1&group_adults=2&req_adults=2&no_rooms=1&group_children=0&req_children=0&hpos=23&hapos=23&sr_order=popularity&srpvid=ce39345d8969022d&srepoch=1747812411&from=searchresults,43.450352,4.425047,"L’établissement Les Vagues se trouve à Saintes-Maries-de-la-Mer, à 300 mètres de ce lieu d’intérêt : Plage des Arènes. Il offre une vue sur la mer et comprend un restaurant et un bar. ",,8.6
228,26,Saintes-Maries-de-la-Mer,18.66,0.35,2.03,16.28,Chambre la lagune,https://www.booking.com/hotel/fr/chambre-d-hotes-saintes-maries-de-la-mer.fr.html?aid=304142&label=gen173nr-1FCAQoggJCH3NlYXJjaF9zYWludGVzIG1hcmllcyBkZSBsYSBtZXJIDVgEaE2IAQGYAQ24AQrIAQXYAQHoAQH4AQOIAgGoAgO4ArqAtsEGwAIB0gIkNzA0NTc3ODYtYTc1Mi00NGI5LWFiNGItMzEwZjVlMmVhOGY02AIF4AIB&ucfs=1&arphpl=1&group_adults=2&req_adults=2&no_rooms=1&group_children=0&req_children=0&hpos=24&hapos=24&sr_order=popularity&srpvid=ce39345d8969022d&srepoch=1747812411&from=searchresults,43.4705449,4.4094485,Hébergement géré par un particulier,,9.5
229,26,Saintes-Maries-de-la-Mer,18.66,0.35,2.03,16.28,"Chambre les flamants, avec vue imprenable sur les étangs, les oiseaux, les flamants petit déjeuner compris",https://www.booking.com/hotel/fr/chambre-les-flamants.fr.html?aid=304142&label=gen173nr-1FCAQoggJCH3NlYXJjaF9zYWludGVzIG1hcmllcyBkZSBsYSBtZXJIDVgEaE2IAQGYAQ24AQrIAQXYAQHoAQH4AQOIAgGoAgO4ArqAtsEGwAIB0gIkNzA0NTc3ODYtYTc1Mi00NGI5LWFiNGItMzEwZjVlMmVhOGY02AIF4AIB&ucfs=1&arphpl=1&group_adults=2&req_adults=2&no_rooms=1&group_children=0&req_children=0&hpos=22&hapos=22&sr_order=popularity&srpvid=ce39345d8969022d&srepoch=1747812411&from=searchresults,43.457069,4.430955,Hébergement géré par un particulier,,9.3
230,26,Saintes-Maries-de-la-Mer,18.66,0.35,2.03,16.28,L'appartement de l'église,https://www.booking.com/hotel/fr/l-39-appartement-de-l-39-eglise.fr.html?aid=304142&label=gen173nr-1FCAQoggJCH3NlYXJjaF9zYWludGVzIG1hcmllcyBkZSBsYSBtZXJIDVgEaE2IAQGYAQ24AQrIAQXYAQHoAQH4AQOIAgGoAgO4ArqAtsEGwAIB0gIkNzA0NTc3ODYtYTc1Mi00NGI5LWFiNGItMzEwZjVlMmVhOGY02AIF4AIB&ucfs=1&arphpl=1&group_adults=2&req_adults=2&no_rooms=1&group_children=0&req_children=0&hpos=21&hapos=21&sr_order=popularity&srpvid=ce39345d8969022d&srepoch=1747812411&from=searchresults,43.451556313409,4.428277498148,Hébergement géré par un particulier,,8.6
231,26,Saintes-Maries-de-la-Mer,18.66,0.35,2.03,16.28,Vila De La Mar & Spa,https://www.booking.com/hotel/fr/bastide-blanche-saintes-maries-de-la-mer.fr.html?aid=304142&label=gen173nr-1FCAQoggJCH3NlYXJjaF9zYWludGVzIG1hcmllcyBkZSBsYSBtZXJIDVgEaE2IAQGYAQ24AQrIAQXYAQHoAQH4AQOIAgGoAgO4ArqAtsEGwAIB0gIkNzA0NTc3ODYtYTc1Mi00NGI5LWFiNGItMzEwZjVlMmVhOGY02AIF4AIB&ucfs=1&arphpl=1&group_adults=2&req_adults=2&no_rooms=1&group_children=0&req_children=0&hpos=20&hapos=20&sr_order=popularity&srpvid=ce39345d8969022d&srepoch=1747812411&from=searchresults,43.453345311806814,4.430665969848633,"Le Vila De La Mar & Spa est un petit hôtel décoré dans un style moderne situé dans le centre des Saintes-Maries-de-la-Mer, à 100 mètres de la plage. ",4.0,8.2
232,26,Saintes-Maries-de-la-Mer,18.66,0.35,2.03,16.28,Mas Fandelou,https://www.booking.com/hotel/fr/mas-fandelou.fr.html?aid=304142&label=gen173nr-1FCAQoggJCH3NlYXJjaF9zYWludGVzIG1hcmllcyBkZSBsYSBtZXJIDVgEaE2IAQGYAQ24AQrIAQXYAQHoAQH4AQOIAgGoAgO4ArqAtsEGwAIB0gIkNzA0NTc3ODYtYTc1Mi00NGI5LWFiNGItMzEwZjVlMmVhOGY02AIF4AIB&ucfs=1&arphpl=1&group_adults=2&req_adults=2&no_rooms=1&group_children=0&req_children=0&hpos=19&hapos=19&sr_order=popularity&srpvid=ce39345d8969022d&srepoch=1747812411&from=searchresults,43.523351520079174,4.410323853195223,"Offrant une vue sur le lac, l’établissement Mas Fandelou comprend une connexion Wi-Fi gratuite et un parking privé gratuit. ",,9.6
233,26,Saintes-Maries-de-la-Mer,18.66,0.35,2.03,16.28,Le Dauphin Bleu,https://www.booking.com/hotel/fr/le-dauphin-bleu.fr.html?aid=304142&label=gen173nr-1FCAQoggJCH3NlYXJjaF9zYWludGVzIG1hcmllcyBkZSBsYSBtZXJIDVgEaE2IAQGYAQ24AQrIAQXYAQHoAQH4AQOIAgGoAgO4ArqAtsEGwAIB0gIkNzA0NTc3ODYtYTc1Mi00NGI5LWFiNGItMzEwZjVlMmVhOGY02AIF4AIB&ucfs=1&arphpl=1&group_adults=2&req_adults=2&no_rooms=1&group_children=0&req_children=0&hpos=18&hapos=18&sr_order=popularity&srpvid=ce39345d8969022d&srepoch=1747812411&from=searchresults,43.452330859800156,4.433649927377701,"Situé à 50 mètres de la plage, face à la mer Méditerranée, l’établissement Le Dauphin Bleu vous accueille à 400 mètres du centre de la vieille ville historique des Saintes-Maries-de-la-Mer. ",3.0,8.4
234,26,Saintes-Maries-de-la-Mer,18.66,0.35,2.03,16.28,Hotel Le Méditérranée,https://www.booking.com/hotel/fr/le-mediterranee-saintes-maries-de-la-mer.fr.html?aid=304142&label=gen173nr-1FCAQoggJCH3NlYXJjaF9zYWludGVzIG1hcmllcyBkZSBsYSBtZXJIDVgEaE2IAQGYAQ24AQrIAQXYAQHoAQH4AQOIAgGoAgO4ArqAtsEGwAIB0gIkNzA0NTc3ODYtYTc1Mi00NGI5LWFiNGItMzEwZjVlMmVhOGY02AIF4AIB&ucfs=1&arphpl=1&group_adults=2&req_adults=2&no_rooms=1&group_children=0&req_children=0&hpos=17&hapos=17&sr_order=popularity&srpvid=ce39345d8969022d&srepoch=1747812411&from=searchresults,43.451222809689,4.42666831779093,"Situé aux Saintes-Maries-de-la-Mer, en Provence-Alpes-Côte d'Azur, à 100 mètres de l'église des Saintes-Maries et à 2 minutes à pied de la plage et du port, l'Hotel Le Méditérranée dispose d'une...",2.0,6.2
235,26,Saintes-Maries-de-la-Mer,18.66,0.35,2.03,16.28,"La Villa Vaihéré en Camargue, l'Hibiscus et le Magnolia",https://www.booking.com/hotel/fr/la-villa-vaihere-en-camargue-l-hibiscus.fr.html?aid=304142&label=gen173nr-1FCAQoggJCH3NlYXJjaF9zYWludGVzIG1hcmllcyBkZSBsYSBtZXJIDVgEaE2IAQGYAQ24AQrIAQXYAQHoAQH4AQOIAgGoAgO4ArqAtsEGwAIB0gIkNzA0NTc3ODYtYTc1Mi00NGI5LWFiNGItMzEwZjVlMmVhOGY02AIF4AIB&ucfs=1&arphpl=1&group_adults=2&req_adults=2&no_rooms=1&group_children=0&req_children=0&hpos=15&hapos=15&sr_order=popularity&srpvid=ce39345d8969022d&srepoch=1747812411&from=searchresults,43.517298542478,4.374499746033,Hébergement géré par un particulier,,9.6
236,26,Saintes-Maries-de-la-Mer,18.66,0.35,2.03,16.28,"Appartement ""La Rose des Vents""",https://www.booking.com/hotel/fr/appartement-avec-parking-saintes-maries-de-la-mer.fr.html?aid=304142&label=gen173nr-1FCAQoggJCH3NlYXJjaF9zYWludGVzIG1hcmllcyBkZSBsYSBtZXJIDVgEaE2IAQGYAQ24AQrIAQXYAQHoAQH4AQOIAgGoAgO4ArqAtsEGwAIB0gIkNzA0NTc3ODYtYTc1Mi00NGI5LWFiNGItMzEwZjVlMmVhOGY02AIF4AIB&ucfs=1&arphpl=1&group_adults=2&req_adults=2&no_rooms=1&group_children=0&req_children=0&hpos=16&hapos=16&sr_order=popularity&srpvid=ce39345d8969022d&srepoch=1747812411&from=searchresults,43.454894706347,4.429735886807,Hébergement géré par un particulier,,9.5
237,26,Saintes-Maries-de-la-Mer,18.66,0.35,2.03,16.28,Appartement calme à deux pas de la mer,https://www.booking.com/hotel/fr/appartement-calme-a-deux-pas-de-la-mer.fr.html?aid=304142&label=gen173nr-1FCAQoggJCH3NlYXJjaF9zYWludGVzIG1hcmllcyBkZSBsYSBtZXJIDVgEaE2IAQGYAQ24AQrIAQXYAQHoAQH4AQOIAgGoAgO4ArqAtsEGwAIB0gIkNzA0NTc3ODYtYTc1Mi00NGI5LWFiNGItMzEwZjVlMmVhOGY02AIF4AIB&ucfs=1&arphpl=1&group_adults=2&req_adults=2&no_rooms=1&group_children=0&req_children=0&hpos=14&hapos=14&sr_order=popularity&srpvid=ce39345d8969022d&srepoch=1747812411&from=searchresults,43.455638511333,4.434994942077,Hébergement géré par un particulier,,8.4
238,26,Saintes-Maries-de-la-Mer,18.66,0.35,2.03,16.28,Hôtel Le Mirage,https://www.booking.com/hotel/fr/ha-tel-le-mirage.fr.html?aid=304142&label=gen173nr-1FCAQoggJCH3NlYXJjaF9zYWludGVzIG1hcmllcyBkZSBsYSBtZXJIDVgEaE2IAQGYAQ24AQrIAQXYAQHoAQH4AQOIAgGoAgO4ArqAtsEGwAIB0gIkNzA0NTc3ODYtYTc1Mi00NGI5LWFiNGItMzEwZjVlMmVhOGY02AIF4AIB&ucfs=1&arphpl=1&group_adults=2&req_adults=2&no_rooms=1&group_children=0&req_children=0&hpos=13&hapos=13&sr_order=popularity&srpvid=ce39345d8969022d&srepoch=1747812411&from=searchresults,43.4531019227618,4.430585503578186,"Situé à 100 mètres de la plage et à 200 mètres du port de plaisance des Saintes-Marie-de-la-Mer, l'hôtel Le Mirage comporte un jardin avec des chaises longues. ",3.0,8.7
239,26,Saintes-Maries-de-la-Mer,18.66,0.35,2.03,16.28,Le Castelet,https://www.booking.com/hotel/fr/le-castelet-les-saintes-maries-de-la-mer.fr.html?aid=304142&label=gen173nr-1FCAQoggJCH3NlYXJjaF9zYWludGVzIG1hcmllcyBkZSBsYSBtZXJIDVgEaE2IAQGYAQ24AQrIAQXYAQHoAQH4AQOIAgGoAgO4ArqAtsEGwAIB0gIkNzA0NTc3ODYtYTc1Mi00NGI5LWFiNGItMzEwZjVlMmVhOGY02AIF4AIB&ucfs=1&arphpl=1&group_adults=2&req_adults=2&no_rooms=1&group_children=0&req_children=0&hpos=10&hapos=10&sr_order=popularity&srpvid=ce39345d8969022d&srepoch=1747812411&from=searchresults,43.451349492721796,4.425076246261597,"Cet hôtel est situé à Saintes-Maries-de-la-Mer, à 60 mètres seulement de la mer Méditerranée et à 30 mètres de l'Étang des Launes. Il dispose d'un bar à cocktails avec une terrasse fleurie. ",2.0,6.4
240,26,Saintes-Maries-de-la-Mer,18.66,0.35,2.03,16.28,La Tramontane,https://www.booking.com/hotel/fr/la-tramontane.fr.html?aid=304142&label=gen173nr-1FCAQoggJCH3NlYXJjaF9zYWludGVzIG1hcmllcyBkZSBsYSBtZXJIDVgEaE2IAQGYAQ24AQrIAQXYAQHoAQH4AQOIAgGoAgO4ArqAtsEGwAIB0gIkNzA0NTc3ODYtYTc1Mi00NGI5LWFiNGItMzEwZjVlMmVhOGY02AIF4AIB&ucfs=1&arphpl=1&group_adults=2&req_adults=2&no_rooms=1&group_children=0&req_children=0&hpos=11&hapos=11&sr_order=popularity&srpvid=ce39345d8969022d&srepoch=1747812411&from=searchresults,43.4726010948223,4.410120248794556," L'établissement La Tramontane vous accueille aux Saintes-Maries-de-la-Mer, au cœur de la Camargue. ",3.0,8.6
241,26,Saintes-Maries-de-la-Mer,18.66,0.35,2.03,16.28,Appartement 4 pers avec climatisation et parking privé à Saintes-Maries-de-la-Mer - FR-1-475-191,https://www.booking.com/hotel/fr/appartement-4-pers-avec-climatisation-et-parking-prive-a-saintes-maries-de-la-me.fr.html?aid=304142&label=gen173nr-1FCAQoggJCH3NlYXJjaF9zYWludGVzIG1hcmllcyBkZSBsYSBtZXJIDVgEaE2IAQGYAQ24AQrIAQXYAQHoAQH4AQOIAgGoAgO4ArqAtsEGwAIB0gIkNzA0NTc3ODYtYTc1Mi00NGI5LWFiNGItMzEwZjVlMmVhOGY02AIF4AIB&ucfs=1&arphpl=1&group_adults=2&req_adults=2&no_rooms=1&group_children=0&req_children=0&hpos=9&hapos=9&sr_order=popularity&srpvid=ce39345d8969022d&srepoch=1747812411&from=searchresults,43.4555236,4.4299137,"L’hébergement Appartement 4 pers avec climatisation et parking privé à Saintes-Maries-de-la-Mer - FR-1-475-191 est situé à Saintes-Maries-de-la-Mer, à respectivement 700 mètres et 38 km de ces lieux...",,
242,26,Saintes-Maries-de-la-Mer,18.66,0.35,2.03,16.28,Maison l'Etrier,https://www.booking.com/hotel/fr/l-39-etrier.fr.html?aid=304142&label=gen173nr-1FCAQoggJCH3NlYXJjaF9zYWludGVzIG1hcmllcyBkZSBsYSBtZXJIDVgEaE2IAQGYAQ24AQrIAQXYAQHoAQH4AQOIAgGoAgO4ArqAtsEGwAIB0gIkNzA0NTc3ODYtYTc1Mi00NGI5LWFiNGItMzEwZjVlMmVhOGY02AIF4AIB&ucfs=1&arphpl=1&group_adults=2&req_adults=2&no_rooms=1&group_children=0&req_children=0&hpos=8&hapos=8&sr_order=popularity&srpvid=ce39345d8969022d&srepoch=1747812411&from=searchresults,43.467296,4.413867,"Situé à Saintes-Maries-de-la-Mer, l’établissement Maison l'Etrier possède une connexion Wi-Fi gratuite, une piscine extérieure ouverte en saison, un jardin et un salon commun. ",,9.2
243,26,Saintes-Maries-de-la-Mer,18.66,0.35,2.03,16.28,Thalacap Camargue,https://www.booking.com/hotel/fr/thalacap-camargue.fr.html?aid=304142&label=gen173nr-1FCAQoggJCH3NlYXJjaF9zYWludGVzIG1hcmllcyBkZSBsYSBtZXJIDVgEaE2IAQGYAQ24AQrIAQXYAQHoAQH4AQOIAgGoAgO4ArqAtsEGwAIB0gIkNzA0NTc3ODYtYTc1Mi00NGI5LWFiNGItMzEwZjVlMmVhOGY02AIF4AIB&ucfs=1&arphpl=1&group_adults=2&req_adults=2&no_rooms=1&group_children=0&req_children=0&hpos=7&hapos=7&sr_order=popularity&srpvid=ce39345d8969022d&srepoch=1747812411&from=searchresults,43.45349134476366,4.435451030731201,"Le Thalacap Camargue est situé en face de la plage des Saintes-Maries-de-la-Mer, à 5 minutes de marche du centre-ville. ",3.0,7.6
244,26,Saintes-Maries-de-la-Mer,18.66,0.35,2.03,16.28,Le Fangassier,https://www.booking.com/hotel/fr/le-fangassier.fr.html?aid=304142&label=gen173nr-1FCAQoggJCH3NlYXJjaF9zYWludGVzIG1hcmllcyBkZSBsYSBtZXJIDVgEaE2IAQGYAQ24AQrIAQXYAQHoAQH4AQOIAgGoAgO4ArqAtsEGwAIB0gIkNzA0NTc3ODYtYTc1Mi00NGI5LWFiNGItMzEwZjVlMmVhOGY02AIF4AIB&ucfs=1&arphpl=1&group_adults=2&req_adults=2&no_rooms=1&group_children=0&req_children=0&hpos=6&hapos=6&sr_order=popularity&srpvid=ce39345d8969022d&srepoch=1747812411&from=searchresults,43.454496041947834,4.430707544088364,"L’établissement Le Fangassier vous accueille dans un bâtiment de style camarguais, à 600 mètres de la plage des Saintes-Maries-de-la-Mer, en Provence-Alpes-Côte d’Azur. La connexion Wi-Fi est...",2.0,8.9
245,26,Saintes-Maries-de-la-Mer,18.66,0.35,2.03,16.28,Abrivado,https://www.booking.com/hotel/fr/abrivado.fr.html?aid=304142&label=gen173nr-1FCAQoggJCH3NlYXJjaF9zYWludGVzIG1hcmllcyBkZSBsYSBtZXJIDVgEaE2IAQGYAQ24AQrIAQXYAQHoAQH4AQOIAgGoAgO4ArqAtsEGwAIB0gIkNzA0NTc3ODYtYTc1Mi00NGI5LWFiNGItMzEwZjVlMmVhOGY02AIF4AIB&ucfs=1&arphpl=1&group_adults=2&req_adults=2&no_rooms=1&group_children=0&req_children=0&hpos=5&hapos=5&sr_order=popularity&srpvid=ce39345d8969022d&srepoch=1747812411&from=searchresults,43.45033695444248,4.426224231719971,"Situé dans le parc régional de Camargue, l'Abrivado est un hôtel climatisé situé à côté du port, dans la ville de Saintes-Maries-de-la-Mer. ",,8.7
246,26,Saintes-Maries-de-la-Mer,18.66,0.35,2.03,16.28,Mas Des Salicornes,https://www.booking.com/hotel/fr/mas-des-salicornes.fr.html?aid=304142&label=gen173nr-1FCAQoggJCH3NlYXJjaF9zYWludGVzIG1hcmllcyBkZSBsYSBtZXJIDVgEaE2IAQGYAQ24AQrIAQXYAQHoAQH4AQOIAgGoAgO4ArqAtsEGwAIB0gIkNzA0NTc3ODYtYTc1Mi00NGI5LWFiNGItMzEwZjVlMmVhOGY02AIF4AIB&ucfs=1&arphpl=1&group_adults=2&req_adults=2&no_rooms=1&group_children=0&req_children=0&hpos=4&hapos=4&sr_order=popularity&srpvid=ce39345d8969022d&srepoch=1747812411&from=searchresults,43.45687142239208,4.426175951957703,"Le Mas Des Salicornes est un hôtel de campagne qui vous accueille à seulement 10 minutes à pied de la plage, au cœur de la Provence. ",3.0,9.3
247,26,Saintes-Maries-de-la-Mer,18.66,0.35,2.03,16.28,Hôtel Casa Marina,https://www.booking.com/hotel/fr/casa-marina-saintes-maries-de-la-mer.fr.html?aid=304142&label=gen173nr-1FCAQoggJCH3NlYXJjaF9zYWludGVzIG1hcmllcyBkZSBsYSBtZXJIDVgEaE2IAQGYAQ24AQrIAQXYAQHoAQH4AQOIAgGoAgO4ArqAtsEGwAIB0gIkNzA0NTc3ODYtYTc1Mi00NGI5LWFiNGItMzEwZjVlMmVhOGY02AIF4AIB&ucfs=1&arphpl=1&group_adults=2&req_adults=2&no_rooms=1&group_children=0&req_children=0&hpos=3&hapos=3&sr_order=popularity&srpvid=ce39345d8969022d&srepoch=1747812411&from=searchresults,43.451133,4.430953,"L’établissement Hôtel Casa Marina vous accueille en bord de mer à Saintes-Maries-de-la-Mer, à 39 km de ce lieu d’intérêt : Arènes d'Arles. ",3.0,8.8
248,26,Saintes-Maries-de-la-Mer,18.66,0.35,2.03,16.28,Hotel Le Bleu Marine,https://www.booking.com/hotel/fr/le-bleu-marine.fr.html?aid=304142&label=gen173nr-1FCAQoggJCH3NlYXJjaF9zYWludGVzIG1hcmllcyBkZSBsYSBtZXJIDVgEaE2IAQGYAQ24AQrIAQXYAQHoAQH4AQOIAgGoAgO4ArqAtsEGwAIB0gIkNzA0NTc3ODYtYTc1Mi00NGI5LWFiNGItMzEwZjVlMmVhOGY02AIF4AIB&ucfs=1&arphpl=1&group_adults=2&req_adults=2&no_rooms=1&group_children=0&req_children=0&hpos=2&hapos=2&sr_order=popularity&srpvid=ce39345d8969022d&srepoch=1747812411&from=searchresults,43.45463817799243,4.433201998472214,L'Hôtel Le Bleu Marine se trouve à seulement 150 mètres des plages de la Méditerranée et à 300 mètres du centre des Saintes-Maries-de-la-Mer. ,2.0,7.5
249,26,Saintes-Maries-de-la-Mer,18.66,0.35,2.03,16.28,Hotel Les Palmiers En Camargue,https://www.booking.com/hotel/fr/les-palmiers-en-camargue.fr.html?aid=304142&label=gen173nr-1FCAQoggJCH3NlYXJjaF9zYWludGVzIG1hcmllcyBkZSBsYSBtZXJIDVgEaE2IAQGYAQ24AQrIAQXYAQHoAQH4AQOIAgGoAgO4ArqAtsEGwAIB0gIkNzA0NTc3ODYtYTc1Mi00NGI5LWFiNGItMzEwZjVlMmVhOGY02AIF4AIB&ucfs=1&arphpl=1&group_adults=2&req_adults=2&no_rooms=1&group_children=0&req_children=0&hpos=1&hapos=1&sr_order=popularity&srpvid=ce39345d8969022d&srepoch=1747812411&from=searchresults,43.45106617843045,4.4250936806201935,"Doté d'une connexion Wi-Fi gratuite, l'Hotel Les Palmiers En Camargue est situé à Saintes-Maries-de-la-Mer, à 100 mètres des plages de sable et à 200 mètres de l'église des Saintes-Maries. ",2.0,8.2
250,28,Carcassonne,17.64,0.33,2.03,15.28,Chambre double dans maison chaleureuse et familiale,https://www.booking.com/hotel/fr/rahmstorf.fr.html?aid=304142&label=gen173nr-1FCAQoggJCEnNlYXJjaF9jYXJjYXNzb25uZUgNWARoTYgBAZgBDbgBCsgBBdgBAegBAfgBA4gCAagCA7gCuoC2wQbAAgHSAiQwYTk3Nzg4Ny1iY2ZlLTQ4MDctOGIwZi05ZjVlZDAwMzMzYjHYAgXgAgE&ucfs=1&arphpl=1&group_adults=2&req_adults=2&no_rooms=1&group_children=0&req_children=0&hpos=25&hapos=25&sr_order=popularity&srpvid=661c345d6c9e06be&srepoch=1747812411&from=searchresults,43.2127348,2.3332756,Hébergement géré par un particulier,,9.6
251,28,Carcassonne,17.64,0.33,2.03,15.28,DOMAINE DE POULHARIES -Merlot,https://www.booking.com/hotel/fr/merlot-carcassonne.fr.html?aid=304142&label=gen173nr-1FCAQoggJCEnNlYXJjaF9jYXJjYXNzb25uZUgNWARoTYgBAZgBDbgBCsgBBdgBAegBAfgBA4gCAagCA7gCuoC2wQbAAgHSAiQwYTk3Nzg4Ny1iY2ZlLTQ4MDctOGIwZi05ZjVlZDAwMzMzYjHYAgXgAgE&ucfs=1&arphpl=1&group_adults=2&req_adults=2&no_rooms=1&group_children=0&req_children=0&hpos=23&hapos=23&sr_order=popularity&srpvid=661c345d6c9e06be&srepoch=1747812411&from=searchresults,43.23099,2.318031,L’hébergement DOMAINE DE POULHARIES -Merlot propose une piscine extérieure ouverte en saison et une terrasse. ,,8.6
252,28,Carcassonne,17.64,0.33,2.03,15.28,Chambre avec vue panoramique sur la Cité Médiévale,https://www.booking.com/hotel/fr/chambre-avec-vue-panoramique-sur-la-cite-medievale.fr.html?aid=304142&label=gen173nr-1FCAQoggJCEnNlYXJjaF9jYXJjYXNzb25uZUgNWARoTYgBAZgBDbgBCsgBBdgBAegBAfgBA4gCAagCA7gCuoC2wQbAAgHSAiQwYTk3Nzg4Ny1iY2ZlLTQ4MDctOGIwZi05ZjVlZDAwMzMzYjHYAgXgAgE&ucfs=1&arphpl=1&group_adults=2&req_adults=2&no_rooms=1&group_children=0&req_children=0&hpos=24&hapos=24&sr_order=popularity&srpvid=661c345d6c9e06be&srepoch=1747812411&from=searchresults,43.2137255570841,2.35951633305578,Hébergement géré par un particulier,,9.0
253,28,Carcassonne,17.64,0.33,2.03,15.28,Chambre indépendante à Carcassonne,https://www.booking.com/hotel/fr/chambre-independante-a-carcassonne.fr.html?aid=304142&label=gen173nr-1FCAQoggJCEnNlYXJjaF9jYXJjYXNzb25uZUgNWARoTYgBAZgBDbgBCsgBBdgBAegBAfgBA4gCAagCA7gCuoC2wQbAAgHSAiQwYTk3Nzg4Ny1iY2ZlLTQ4MDctOGIwZi05ZjVlZDAwMzMzYjHYAgXgAgE&ucfs=1&arphpl=1&group_adults=2&req_adults=2&no_rooms=1&group_children=0&req_children=0&hpos=20&hapos=20&sr_order=popularity&srpvid=661c345d6c9e06be&srepoch=1747812411&from=searchresults,43.207116,2.361142,Hébergement géré par un particulier,,9.6
254,28,Carcassonne,17.64,0.33,2.03,15.28,Les Suites du Palais,https://www.booking.com/hotel/fr/les-suites-du-palais.fr.html?aid=304142&label=gen173nr-1FCAQoggJCEnNlYXJjaF9jYXJjYXNzb25uZUgNWARoTYgBAZgBDbgBCsgBBdgBAegBAfgBA4gCAagCA7gCuoC2wQbAAgHSAiQwYTk3Nzg4Ny1iY2ZlLTQ4MDctOGIwZi05ZjVlZDAwMzMzYjHYAgXgAgE&ucfs=1&arphpl=1&group_adults=2&req_adults=2&no_rooms=1&group_children=0&req_children=0&hpos=21&hapos=21&sr_order=popularity&srpvid=661c345d6c9e06be&srepoch=1747812411&from=searchresults,43.2146701,2.3572485,"L’hébergement Les Suites du Palais se trouve à Carcassonne, à respectivement 700 mètres, 1 km et 1,6 km de ces lieux d’intérêt : Memorial House (Maison des Memoires), Cathédrale Saint-Michel de...",,8.6
255,28,Carcassonne,17.64,0.33,2.03,15.28,Studio avec parking vue sur la Cité de Carcassonne,https://www.booking.com/hotel/fr/studio-avec-parking-vue-sur-la-cite-de-carcassonne-carcassonne.fr.html?aid=304142&label=gen173nr-1FCAQoggJCEnNlYXJjaF9jYXJjYXNzb25uZUgNWARoTYgBAZgBDbgBCsgBBdgBAegBAfgBA4gCAagCA7gCuoC2wQbAAgHSAiQwYTk3Nzg4Ny1iY2ZlLTQ4MDctOGIwZi05ZjVlZDAwMzMzYjHYAgXgAgE&ucfs=1&arphpl=1&group_adults=2&req_adults=2&no_rooms=1&group_children=0&req_children=0&hpos=22&hapos=22&sr_order=popularity&srpvid=661c345d6c9e06be&srepoch=1747812411&from=searchresults,43.2203247,2.3515962,Hébergement géré par un particulier,,9.0
256,28,Carcassonne,17.64,0.33,2.03,15.28,Le Joyau de Courtejaire - Panorama sur Carcassonne,https://www.booking.com/hotel/fr/appartement-le-joyau-de-courtejaire.fr.html?aid=304142&label=gen173nr-1FCAQoggJCEnNlYXJjaF9jYXJjYXNzb25uZUgNWARoTYgBAZgBDbgBCsgBBdgBAegBAfgBA4gCAagCA7gCuoC2wQbAAgHSAiQwYTk3Nzg4Ny1iY2ZlLTQ4MDctOGIwZi05ZjVlZDAwMzMzYjHYAgXgAgE&ucfs=1&arphpl=1&group_adults=2&req_adults=2&no_rooms=1&group_children=0&req_children=0&hpos=18&hapos=18&sr_order=popularity&srpvid=661c345d6c9e06be&srepoch=1747812411&from=searchresults,43.2123099,2.3522343,Hébergement géré par un particulier,,8.4
257,28,Carcassonne,17.64,0.33,2.03,15.28,Le floral,https://www.booking.com/hotel/fr/le-floral-carcassonne.fr.html?aid=304142&label=gen173nr-1FCAQoggJCEnNlYXJjaF9jYXJjYXNzb25uZUgNWARoTYgBAZgBDbgBCsgBBdgBAegBAfgBA4gCAagCA7gCuoC2wQbAAgHSAiQwYTk3Nzg4Ny1iY2ZlLTQ4MDctOGIwZi05ZjVlZDAwMzMzYjHYAgXgAgE&ucfs=1&arphpl=1&group_adults=2&req_adults=2&no_rooms=1&group_children=0&req_children=0&hpos=19&hapos=19&sr_order=popularity&srpvid=661c345d6c9e06be&srepoch=1747812411&from=searchresults,43.2109596,2.3535833,Hébergement géré par un particulier,,8.5
258,28,Carcassonne,17.64,0.33,2.03,15.28,N1-Terrasse - Barbacane - Pieds Cité - Clime Mobile,https://www.booking.com/hotel/fr/n1-terrasse-barbacane-pieds-cite-clime-mobile.fr.html?aid=304142&label=gen173nr-1FCAQoggJCEnNlYXJjaF9jYXJjYXNzb25uZUgNWARoTYgBAZgBDbgBCsgBBdgBAegBAfgBA4gCAagCA7gCuoC2wQbAAgHSAiQwYTk3Nzg4Ny1iY2ZlLTQ4MDctOGIwZi05ZjVlZDAwMzMzYjHYAgXgAgE&ucfs=1&arphpl=1&group_adults=2&req_adults=2&no_rooms=1&group_children=0&req_children=0&hpos=16&hapos=16&sr_order=popularity&srpvid=661c345d6c9e06be&srepoch=1747812411&from=searchresults,43.206654,2.3609662,Hébergement géré par un particulier,,9.5
259,28,Carcassonne,17.64,0.33,2.03,15.28,Hotel du Roi & Spa by SOWELL COLLECTION,https://www.booking.com/hotel/fr/soleilvacances-du-roi.fr.html?aid=304142&label=gen173nr-1FCAQoggJCEnNlYXJjaF9jYXJjYXNzb25uZUgNWARoTYgBAZgBDbgBCsgBBdgBAegBAfgBA4gCAagCA7gCuoC2wQbAAgHSAiQwYTk3Nzg4Ny1iY2ZlLTQ4MDctOGIwZi05ZjVlZDAwMzMzYjHYAgXgAgE&ucfs=1&arphpl=1&group_adults=2&req_adults=2&no_rooms=1&group_children=0&req_children=0&hpos=17&hapos=17&sr_order=popularity&srpvid=661c345d6c9e06be&srepoch=1747812411&from=searchresults,43.21085,2.357769,"Situé à Carcassonne, l’établissement Hotel du Roi & Spa by SOWELL COLLECTION possède un jardin, une terrasse, un restaurant et un bar. ",5.0,8.2
260,28,Carcassonne,17.64,0.33,2.03,15.28,A l ombre des remparts 3,https://www.booking.com/hotel/fr/canal-du-midi-carcassonne.fr.html?aid=304142&label=gen173nr-1FCAQoggJCEnNlYXJjaF9jYXJjYXNzb25uZUgNWARoTYgBAZgBDbgBCsgBBdgBAegBAfgBA4gCAagCA7gCuoC2wQbAAgHSAiQwYTk3Nzg4Ny1iY2ZlLTQ4MDctOGIwZi05ZjVlZDAwMzMzYjHYAgXgAgE&ucfs=1&arphpl=1&group_adults=2&req_adults=2&no_rooms=1&group_children=0&req_children=0&hpos=15&hapos=15&sr_order=popularity&srpvid=661c345d6c9e06be&srepoch=1747812411&from=searchresults,43.209179938681,2.361912926984,Hébergement géré par un particulier,,9.2
261,28,Carcassonne,17.64,0.33,2.03,15.28,514 Appart Hotel,https://www.booking.com/hotel/fr/514-appart.fr.html?aid=304142&label=gen173nr-1FCAQoggJCEnNlYXJjaF9jYXJjYXNzb25uZUgNWARoTYgBAZgBDbgBCsgBBdgBAegBAfgBA4gCAagCA7gCuoC2wQbAAgHSAiQwYTk3Nzg4Ny1iY2ZlLTQ4MDctOGIwZi05ZjVlZDAwMzMzYjHYAgXgAgE&ucfs=1&arphpl=1&group_adults=2&req_adults=2&no_rooms=1&group_children=0&req_children=0&hpos=14&hapos=14&sr_order=popularity&srpvid=661c345d6c9e06be&srepoch=1747812411&from=searchresults,43.205485,2.372206199999937,"Doté d'une terrasse donnant sur les montagnes, le 514 Appart Hotel vous accueille à Carcassonne, dans le Languedoc-Roussillon, à 300 mètres de la ville médiévale. ",3.0,8.4
262,28,Carcassonne,17.64,0.33,2.03,15.28,ibis budget Carcassonne La Cité,https://www.booking.com/hotel/fr/ibis-budget-carcassonne-la-cite.fr.html?aid=304142&label=gen173nr-1FCAQoggJCEnNlYXJjaF9jYXJjYXNzb25uZUgNWARoTYgBAZgBDbgBCsgBBdgBAegBAfgBA4gCAagCA7gCuoC2wQbAAgHSAiQwYTk3Nzg4Ny1iY2ZlLTQ4MDctOGIwZi05ZjVlZDAwMzMzYjHYAgXgAgE&ucfs=1&arphpl=1&group_adults=2&req_adults=2&no_rooms=1&group_children=0&req_children=0&hpos=12&hapos=12&sr_order=popularity&srpvid=661c345d6c9e06be&srepoch=1747812411&from=searchresults,43.20765480875172,2.3788082599639893,"L'ibis budget Carcassonne La Cité est situé à Carcassonne, à 15 minutes à pied de la cité médiévale et à 2 km du centre-ville. ",2.0,7.8
263,28,Carcassonne,17.64,0.33,2.03,15.28,Appartement Carcassonne résidence capucins,https://www.booking.com/hotel/fr/appartement-carcassone-residence-capucins.fr.html?aid=304142&label=gen173nr-1FCAQoggJCEnNlYXJjaF9jYXJjYXNzb25uZUgNWARoTYgBAZgBDbgBCsgBBdgBAegBAfgBA4gCAagCA7gCuoC2wQbAAgHSAiQwYTk3Nzg4Ny1iY2ZlLTQ4MDctOGIwZi05ZjVlZDAwMzMzYjHYAgXgAgE&ucfs=1&arphpl=1&group_adults=2&req_adults=2&no_rooms=1&group_children=0&req_children=0&hpos=11&hapos=11&sr_order=popularity&srpvid=661c345d6c9e06be&srepoch=1747812411&from=searchresults,43.2085464,2.348235,Hébergement géré par un particulier,,9.5
264,28,Carcassonne,17.64,0.33,2.03,15.28,"Ma pierre à l'édifice, Face à la Cité vue sublime, studio avec terrasse",https://www.booking.com/hotel/fr/studio-pour-2-avec-terrasse-au-pied-de-la-cite-ma-pierre-a-l-edifice.fr.html?aid=304142&label=gen173nr-1FCAQoggJCEnNlYXJjaF9jYXJjYXNzb25uZUgNWARoTYgBAZgBDbgBCsgBBdgBAegBAfgBA4gCAagCA7gCuoC2wQbAAgHSAiQwYTk3Nzg4Ny1iY2ZlLTQ4MDctOGIwZi05ZjVlZDAwMzMzYjHYAgXgAgE&ucfs=1&arphpl=1&group_adults=2&req_adults=2&no_rooms=1&group_children=0&req_children=0&hpos=9&hapos=9&sr_order=popularity&srpvid=661c345d6c9e06be&srepoch=1747812411&from=searchresults,43.206183545263,2.361151027302,Hébergement géré par un particulier,,9.4
265,28,Carcassonne,17.64,0.33,2.03,15.28,Le Iéna,https://www.booking.com/hotel/fr/le-iena-carcassonne.fr.html?aid=304142&label=gen173nr-1FCAQoggJCEnNlYXJjaF9jYXJjYXNzb25uZUgNWARoTYgBAZgBDbgBCsgBBdgBAegBAfgBA4gCAagCA7gCuoC2wQbAAgHSAiQwYTk3Nzg4Ny1iY2ZlLTQ4MDctOGIwZi05ZjVlZDAwMzMzYjHYAgXgAgE&ucfs=1&arphpl=1&group_adults=2&req_adults=2&no_rooms=1&group_children=0&req_children=0&hpos=13&hapos=13&sr_order=popularity&srpvid=661c345d6c9e06be&srepoch=1747812411&from=searchresults,43.211702231152,2.344860962692,Hébergement géré par un particulier,,8.3
266,28,Carcassonne,17.64,0.33,2.03,15.28,Le Petit Paradis de Carcassonne,https://www.booking.com/hotel/fr/appartement-proche-cite.fr.html?aid=304142&label=gen173nr-1FCAQoggJCEnNlYXJjaF9jYXJjYXNzb25uZUgNWARoTYgBAZgBDbgBCsgBBdgBAegBAfgBA4gCAagCA7gCuoC2wQbAAgHSAiQwYTk3Nzg4Ny1iY2ZlLTQ4MDctOGIwZi05ZjVlZDAwMzMzYjHYAgXgAgE&ucfs=1&arphpl=1&group_adults=2&req_adults=2&no_rooms=1&group_children=0&req_children=0&hpos=10&hapos=10&sr_order=popularity&srpvid=661c345d6c9e06be&srepoch=1747812411&from=searchresults,43.2098314,2.3551022,Hébergement géré par un particulier,,8.5
267,28,Carcassonne,17.64,0.33,2.03,15.28,Tribe Carcassonne,https://www.booking.com/hotel/fr/des-trois-couronnes.fr.html?aid=304142&label=gen173nr-1FCAQoggJCEnNlYXJjaF9jYXJjYXNzb25uZUgNWARoTYgBAZgBDbgBCsgBBdgBAegBAfgBA4gCAagCA7gCuoC2wQbAAgHSAiQwYTk3Nzg4Ny1iY2ZlLTQ4MDctOGIwZi05ZjVlZDAwMzMzYjHYAgXgAgE&ucfs=1&arphpl=1&group_adults=2&req_adults=2&no_rooms=1&group_children=0&req_children=0&hpos=7&hapos=7&sr_order=popularity&srpvid=661c345d6c9e06be&srepoch=1747812411&from_sustainable_property_sr=1&from=searchresults,43.2103057323667,2.3577556014060974,"Bénéficiant d’un emplacement privilégié dans la ville basse de Carcassonne, où vous pourrez découvrir tous les secrets de la cité médiévale dans un cadre urbain unique, le Tribe Carcassonne se trouve...",4.0,8.2
268,28,Carcassonne,17.64,0.33,2.03,15.28,Appartement PETIT SAINT GIMER,https://www.booking.com/hotel/fr/appartement-petit-saint-gimer.fr.html?aid=304142&label=gen173nr-1FCAQoggJCEnNlYXJjaF9jYXJjYXNzb25uZUgNWARoTYgBAZgBDbgBCsgBBdgBAegBAfgBA4gCAagCA7gCuoC2wQbAAgHSAiQwYTk3Nzg4Ny1iY2ZlLTQ4MDctOGIwZi05ZjVlZDAwMzMzYjHYAgXgAgE&ucfs=1&arphpl=1&group_adults=2&req_adults=2&no_rooms=1&group_children=0&req_children=0&hpos=8&hapos=8&sr_order=popularity&srpvid=661c345d6c9e06be&srepoch=1747812411&from=searchresults,43.2072018863315,2.3612222527793802,Hébergement géré par un particulier,,9.7
269,28,Carcassonne,17.64,0.33,2.03,15.28,ibis Styles Carcassonne La Cité,https://www.booking.com/hotel/fr/inter-les-oliviers.fr.html?aid=304142&label=gen173nr-1FCAQoggJCEnNlYXJjaF9jYXJjYXNzb25uZUgNWARoTYgBAZgBDbgBCsgBBdgBAegBAfgBA4gCAagCA7gCuoC2wQbAAgHSAiQwYTk3Nzg4Ny1iY2ZlLTQ4MDctOGIwZi05ZjVlZDAwMzMzYjHYAgXgAgE&ucfs=1&arphpl=1&group_adults=2&req_adults=2&no_rooms=1&group_children=0&req_children=0&hpos=4&hapos=4&sr_order=popularity&srpvid=661c345d6c9e06be&srepoch=1747812411&from_sustainable_property_sr=1&from=searchresults,43.20758442867867,2.3727142810821533,"ibis Styles Carcassonne La Cité is located just 700 metres from the medieval city of Carcassonne. It features a restaurant, an outdoor swimming pool, a fitness room and free private parking. ",3.0,8.5
270,28,Carcassonne,17.64,0.33,2.03,15.28,"Au Céladon Parking gratuit, WIFI, Terrasse, Piscine",https://www.booking.com/hotel/fr/au-celadon.fr.html?aid=304142&label=gen173nr-1FCAQoggJCEnNlYXJjaF9jYXJjYXNzb25uZUgNWARoTYgBAZgBDbgBCsgBBdgBAegBAfgBA4gCAagCA7gCuoC2wQbAAgHSAiQwYTk3Nzg4Ny1iY2ZlLTQ4MDctOGIwZi05ZjVlZDAwMzMzYjHYAgXgAgE&ucfs=1&arphpl=1&group_adults=2&req_adults=2&no_rooms=1&group_children=0&req_children=0&hpos=6&hapos=6&sr_order=popularity&srpvid=661c345d6c9e06be&srepoch=1747812411&from=searchresults,43.2085418,2.3482461,Hébergement géré par un particulier,,8.6
271,28,Carcassonne,17.64,0.33,2.03,15.28,Hôtel Montmorency & Spa,https://www.booking.com/hotel/fr/montmorency.fr.html?aid=304142&label=gen173nr-1FCAQoggJCEnNlYXJjaF9jYXJjYXNzb25uZUgNWARoTYgBAZgBDbgBCsgBBdgBAegBAfgBA4gCAagCA7gCuoC2wQbAAgHSAiQwYTk3Nzg4Ny1iY2ZlLTQ4MDctOGIwZi05ZjVlZDAwMzMzYjHYAgXgAgE&ucfs=1&arphpl=1&group_adults=2&req_adults=2&no_rooms=1&group_children=0&req_children=0&hpos=3&hapos=3&sr_order=popularity&srpvid=661c345d6c9e06be&srepoch=1747812411&from=searchresults,43.207066350642066,2.3670870065689087,"Situé à 30 mètres de l'entrée de la cité médiévale de Carcassonne, l'Hôtel Montmorency propose une connexion Wi-Fi gratuite, une piscine extérieure et un jacuzzi. ",3.0,8.0
272,28,Carcassonne,17.64,0.33,2.03,15.28,GOOD KNIGHT,https://www.booking.com/hotel/fr/good-knight.fr.html?aid=304142&label=gen173nr-1FCAQoggJCEnNlYXJjaF9jYXJjYXNzb25uZUgNWARoTYgBAZgBDbgBCsgBBdgBAegBAfgBA4gCAagCA7gCuoC2wQbAAgHSAiQwYTk3Nzg4Ny1iY2ZlLTQ4MDctOGIwZi05ZjVlZDAwMzMzYjHYAgXgAgE&ucfs=1&arphpl=1&group_adults=2&req_adults=2&no_rooms=1&group_children=0&req_children=0&hpos=5&hapos=5&sr_order=popularity&srpvid=661c345d6c9e06be&srepoch=1747812411&from=searchresults,43.207746,2.366914,"L’établissement GOOD KNIGHT se trouve à Carcassonne, à 50 km de ce lieu d’intérêt : Termes Chateau. Il propose un jardin, une terrasse et un parking privé gratuit. ",,8.8
273,28,Carcassonne,17.64,0.33,2.03,15.28,Cerise Carcassonne Sud,https://www.booking.com/hotel/fr/cerise-carcassonne-sud.fr.html?aid=304142&label=gen173nr-1FCAQoggJCEnNlYXJjaF9jYXJjYXNzb25uZUgNWARoTYgBAZgBDbgBCsgBBdgBAegBAfgBA4gCAagCA7gCuoC2wQbAAgHSAiQwYTk3Nzg4Ny1iY2ZlLTQ4MDctOGIwZi05ZjVlZDAwMzMzYjHYAgXgAgE&ucfs=1&arphpl=1&group_adults=2&req_adults=2&no_rooms=1&group_children=0&req_children=0&hpos=2&hapos=2&sr_order=popularity&srpvid=661c345d6c9e06be&srepoch=1747812411&from=searchresults,43.207548456621915,2.3726145028740575,"Installé à 500 mètres de la cité médiévale de Carcassonne, le Cerise Carcassonne Sud vous propose une piscine intérieure, un hammam et une connexion Wi-Fi gratuite. ",3.0,7.6
274,28,Carcassonne,17.64,0.33,2.03,15.28,La Rapière,https://www.booking.com/hotel/fr/la-rapia-re.fr.html?aid=304142&label=gen173nr-1FCAQoggJCEnNlYXJjaF9jYXJjYXNzb25uZUgNWARoTYgBAZgBDbgBCsgBBdgBAegBAfgBA4gCAagCA7gCuoC2wQbAAgHSAiQwYTk3Nzg4Ny1iY2ZlLTQ4MDctOGIwZi05ZjVlZDAwMzMzYjHYAgXgAgE&ucfs=1&arphpl=1&group_adults=2&req_adults=2&no_rooms=1&group_children=0&req_children=0&hpos=1&hapos=1&sr_order=popularity&srpvid=661c345d6c9e06be&srepoch=1747812411&from=searchresults,43.2082373962379,2.36704409122467,"La chambre d'hôtes La Rapiere est située à Carcassonne, juste à l'extérieur des remparts médiévaux, à seulement 150 mètres de la cité médiévale et à 15 minutes à pied du centre-ville. ",,8.4
275,16,Lyon,18.01,1.94,0.98,15.09,Residence Montempo Lyon Cite Internationale,https://www.booking.com/hotel/fr/residence-hoteliere-temporim-cite-internationale.fr.html?aid=304142&label=gen173nr-1FCAQoggJCC3NlYXJjaF9seW9uSA1YBGhNiAEBmAENuAEKyAEF2AEB6AEB-AEDiAIBqAIDuALx_7XBBsACAdICJGY0NDZjNmU4LTgzNmEtNDBiMy05MWQxLWFjYTU0MjBjMzQwZtgCBeACAQ&ucfs=1&arphpl=1&group_adults=2&req_adults=2&no_rooms=1&group_children=0&req_children=0&hpos=1&hapos=1&sr_order=popularity&srpvid=8aa03438887c04a0&srepoch=1747812338&from=searchresults,45.78501661437687,4.856415688991547,"La Residence Montempo Lyon Cite Internationale propose un appart'hôtel à proximité du parc de la Tête d'Or, au cœur du quartier du centre des congrès et à 15 minutes de route du centre-ville de Lyon. ",3.0,8.2
276,16,Lyon,18.01,1.94,0.98,15.09,Résidence Ôtelia Affaires & Bien-être,https://www.booking.com/hotel/fr/otelia.fr.html?aid=304142&label=gen173nr-1FCAQoggJCC3NlYXJjaF9seW9uSA1YBGhNiAEBmAENuAEKyAEF2AEB6AEB-AEDiAIBqAIDuALx_7XBBsACAdICJGY0NDZjNmU4LTgzNmEtNDBiMy05MWQxLWFjYTU0MjBjMzQwZtgCBeACAQ&ucfs=1&arphpl=1&group_adults=2&req_adults=2&no_rooms=1&group_children=0&req_children=0&hpos=25&hapos=25&sr_order=popularity&srpvid=8aa03438887c04a0&srepoch=1747812338&from_sustainable_property_sr=1&from=searchresults,45.741099269763225,4.854642748832703,"La Résidence Ôtelia Affaires & Bien-être vous accueille à Lyon, à 250 mètres de l’arrêt de tramway T2 Route de Vienne et à 500 mètres de l’arrêt de tramway T4 Jet d’Eau-Mendès France. ",,8.2
277,16,Lyon,18.01,1.94,0.98,15.09,Hotel Le Lumière,https://www.booking.com/hotel/fr/le-lumiere.fr.html?aid=304142&label=gen173nr-1FCAQoggJCC3NlYXJjaF9seW9uSA1YBGhNiAEBmAENuAEKyAEF2AEB6AEB-AEDiAIBqAIDuALx_7XBBsACAdICJGY0NDZjNmU4LTgzNmEtNDBiMy05MWQxLWFjYTU0MjBjMzQwZtgCBeACAQ&ucfs=1&arphpl=1&group_adults=2&req_adults=2&no_rooms=1&group_children=0&req_children=0&hpos=24&hapos=24&sr_order=popularity&srpvid=8aa03438887c04a0&srepoch=1747812338&from=searchresults,45.744893852724914,4.866009950637817,"L’Hotel Le Lumière est situé à seulement 450 mètres de la station de métro Sans Souci, qui permet de rejoindre directement le centre historique de Lyon. ",,8.6
278,16,Lyon,18.01,1.94,0.98,15.09,Adagio Access Lyon Centre Université,https://www.booking.com/hotel/fr/comfort-suite-rive-gauche-lyon-centre.fr.html?aid=304142&label=gen173nr-1FCAQoggJCC3NlYXJjaF9seW9uSA1YBGhNiAEBmAENuAEKyAEF2AEB6AEB-AEDiAIBqAIDuALx_7XBBsACAdICJGY0NDZjNmU4LTgzNmEtNDBiMy05MWQxLWFjYTU0MjBjMzQwZtgCBeACAQ&ucfs=1&arphpl=1&group_adults=2&req_adults=2&no_rooms=1&group_children=0&req_children=0&hpos=23&hapos=23&sr_order=popularity&srpvid=8aa03438887c04a0&srepoch=1747812338&from=searchresults,45.74916932775585,4.838733896613121,"L'Adagio Access Lyon Centre Université propose des hébergements en appart'hôtel à Lyon, à 1,5 km de la gare de Perrache et de la place Bellecour. ",3.0,8.4
279,16,Lyon,18.01,1.94,0.98,15.09,"Hôtel Boutique Richelieu, Lyon Gare Part-Dieu",https://www.booking.com/hotel/fr/hotelrichelieu.fr.html?aid=304142&label=gen173nr-1FCAQoggJCC3NlYXJjaF9seW9uSA1YBGhNiAEBmAENuAEKyAEF2AEB6AEB-AEDiAIBqAIDuALx_7XBBsACAdICJGY0NDZjNmU4LTgzNmEtNDBiMy05MWQxLWFjYTU0MjBjMzQwZtgCBeACAQ&ucfs=1&arphpl=1&group_adults=2&req_adults=2&no_rooms=1&group_children=0&req_children=0&hpos=20&hapos=20&sr_order=popularity&srpvid=8aa03438887c04a0&srepoch=1747812338&from=searchresults,45.764330889913374,4.85970675945282,"Le Hôtel Boutique Richelieu, Lyon Gare Part-Dieu se trouve dans le quartier des affaires de Lyon, à moins de 10 minutes à pied la gare de Lyon-Part-Dieu. ",3.0,7.5
280,16,Lyon,18.01,1.94,0.98,15.09,Appart'hôtel Odalys City - Lyon Centre Confluence,https://www.booking.com/hotel/fr/appart-ha-tel-odalys-lyon-confluence.fr.html?aid=304142&label=gen173nr-1FCAQoggJCC3NlYXJjaF9seW9uSA1YBGhNiAEBmAENuAEKyAEF2AEB6AEB-AEDiAIBqAIDuALx_7XBBsACAdICJGY0NDZjNmU4LTgzNmEtNDBiMy05MWQxLWFjYTU0MjBjMzQwZtgCBeACAQ&ucfs=1&arphpl=1&group_adults=2&req_adults=2&no_rooms=1&group_children=0&req_children=0&hpos=22&hapos=22&sr_order=popularity&srpvid=8aa03438887c04a0&srepoch=1747812338&from=searchresults,45.74457016002995,4.820100443031311,"Situé à Lyon, dans le quartier de la Confluence, l'Appart'hôtel Odalys City - Lyon Centre Confluence dispose d'une piscine intérieure chauffée et d'une salle de sport. ",,7.4
281,16,Lyon,18.01,1.94,0.98,15.09,Hotel Saint Vincent,https://www.booking.com/hotel/fr/saint-vincent-lyon.fr.html?aid=304142&label=gen173nr-1FCAQoggJCC3NlYXJjaF9seW9uSA1YBGhNiAEBmAENuAEKyAEF2AEB6AEB-AEDiAIBqAIDuALx_7XBBsACAdICJGY0NDZjNmU4LTgzNmEtNDBiMy05MWQxLWFjYTU0MjBjMzQwZtgCBeACAQ&ucfs=1&arphpl=1&group_adults=2&req_adults=2&no_rooms=1&group_children=0&req_children=0&hpos=21&hapos=21&sr_order=popularity&srpvid=8aa03438887c04a0&srepoch=1747812338&from=searchresults,45.76854481702091,4.827895425260067,"L'Hotel Saint Vincent vous accueille à Lyon, à 10 minutes de marche de l'opéra. Une connexion Wi-Fi est disponible gratuitement dans l'ensemble des locaux. ",3.0,8.5
282,16,Lyon,18.01,1.94,0.98,15.09,Appart'City Classic Lyon Part Dieu Garibaldi,https://www.booking.com/hotel/fr/appart-city-cap-affaires-lyon.fr.html?aid=304142&label=gen173nr-1FCAQoggJCC3NlYXJjaF9seW9uSA1YBGhNiAEBmAENuAEKyAEF2AEB6AEB-AEDiAIBqAIDuALx_7XBBsACAdICJGY0NDZjNmU4LTgzNmEtNDBiMy05MWQxLWFjYTU0MjBjMzQwZtgCBeACAQ&ucfs=1&arphpl=1&group_adults=2&req_adults=2&no_rooms=1&group_children=0&req_children=0&hpos=17&hapos=17&sr_order=popularity&srpvid=8aa03438887c04a0&srepoch=1747812338&from_sustainable_property_sr=1&from=searchresults,45.753769180378185,4.854814410209656,"L'Appart'City Classic Lyon Part Dieu Garibaldi est situé à Lyon, à 15 minutes à pied de la gare de Lyon Part-Dieu. Il propose des appartements indépendants dotés d'une connexion Wi-Fi gratuite. ",2.0,7.6
283,16,Lyon,18.01,1.94,0.98,15.09,Séjours & Affaires Lyon Park Lane,https://www.booking.com/hotel/fr/residence-park-lane.fr.html?aid=304142&label=gen173nr-1FCAQoggJCC3NlYXJjaF9seW9uSA1YBGhNiAEBmAENuAEKyAEF2AEB6AEB-AEDiAIBqAIDuALx_7XBBsACAdICJGY0NDZjNmU4LTgzNmEtNDBiMy05MWQxLWFjYTU0MjBjMzQwZtgCBeACAQ&ucfs=1&arphpl=1&group_adults=2&req_adults=2&no_rooms=1&group_children=0&req_children=0&hpos=19&hapos=19&sr_order=popularity&srpvid=8aa03438887c04a0&srepoch=1747812338&from=searchresults,45.76914699444473,4.806228876113892,"Le Séjours & Affaires Lyon Park Lane propose des hébergements à Lyon, à 5 minutes à pied de la station de métro Gorge de Loup. ",2.0,7.4
284,16,Lyon,18.01,1.94,0.98,15.09,Lagrange Aparthotel Lyon Lumière,https://www.booking.com/hotel/fr/lagrange-city-apartha-tel-lyon-lumia-re.fr.html?aid=304142&label=gen173nr-1FCAQoggJCC3NlYXJjaF9seW9uSA1YBGhNiAEBmAENuAEKyAEF2AEB6AEB-AEDiAIBqAIDuALx_7XBBsACAdICJGY0NDZjNmU4LTgzNmEtNDBiMy05MWQxLWFjYTU0MjBjMzQwZtgCBeACAQ&ucfs=1&arphpl=1&group_adults=2&req_adults=2&no_rooms=1&group_children=0&req_children=0&hpos=16&hapos=16&sr_order=popularity&srpvid=8aa03438887c04a0&srepoch=1747812338&from=searchresults,45.7464586481333,4.868930876255035,"Le Lagrange Aparthotel Lyon Lumière vous accueille à mi-chemin entre les métros Sans Souci et Monplaisir-Lumière, qui relient directement la place Bellecour et la vieille ville de Lyon. ",4.0,8.1
285,16,Lyon,18.01,1.94,0.98,15.09,Nemea Appart Hotel So Cloud Lyon Gare Part-Dieu,https://www.booking.com/hotel/fr/nemea-appart-residence-so-cloud.fr.html?aid=304142&label=gen173nr-1FCAQoggJCC3NlYXJjaF9seW9uSA1YBGhNiAEBmAENuAEKyAEF2AEB6AEB-AEDiAIBqAIDuALx_7XBBsACAdICJGY0NDZjNmU4LTgzNmEtNDBiMy05MWQxLWFjYTU0MjBjMzQwZtgCBeACAQ&ucfs=1&arphpl=1&group_adults=2&req_adults=2&no_rooms=1&group_children=0&req_children=0&hpos=15&hapos=15&sr_order=popularity&srpvid=8aa03438887c04a0&srepoch=1747812338&from=searchresults,45.75769,4.858226,L’établissement Nemea Appart Hotel So Cloud Lyon Gare Part-Dieu se situe à 500 mètres de ce lieu d’intérêt : Gare de Lyon-Part-Dieu. ,4.0,7.6
286,16,Lyon,18.01,1.94,0.98,15.09,Campanile Lyon Centre - Gare Perrache - Confluence,https://www.booking.com/hotel/fr/campanile-lyon-centre-perrache1.fr.html?aid=304142&label=gen173nr-1FCAQoggJCC3NlYXJjaF9seW9uSA1YBGhNiAEBmAENuAEKyAEF2AEB6AEB-AEDiAIBqAIDuALx_7XBBsACAdICJGY0NDZjNmU4LTgzNmEtNDBiMy05MWQxLWFjYTU0MjBjMzQwZtgCBeACAQ&ucfs=1&arphpl=1&group_adults=2&req_adults=2&no_rooms=1&group_children=0&req_children=0&hpos=18&hapos=18&sr_order=popularity&srpvid=8aa03438887c04a0&srepoch=1747812338&from=searchresults,45.74983048339583,4.82842817902565,"Doté d'une connexion Wi-Fi gratuite dans l'ensemble des locaux, le Campanile Lyon Centre - Gare Perrache - Confluence est situé à Lyon, à 50 mètres de la gare et station de métro Lyon-Perrache. ",3.0,7.5
287,16,Lyon,18.01,1.94,0.98,15.09,Jolie chambre à louer - Vue Imprenable,https://www.booking.com/hotel/fr/belle-chambre-vue-imprenable.fr.html?aid=304142&label=gen173nr-1FCAQoggJCC3NlYXJjaF9seW9uSA1YBGhNiAEBmAENuAEKyAEF2AEB6AEB-AEDiAIBqAIDuALx_7XBBsACAdICJGY0NDZjNmU4LTgzNmEtNDBiMy05MWQxLWFjYTU0MjBjMzQwZtgCBeACAQ&ucfs=1&arphpl=1&group_adults=2&req_adults=2&no_rooms=1&group_children=0&req_children=0&hpos=14&hapos=14&sr_order=popularity&srpvid=8aa03438887c04a0&srepoch=1747812338&from=searchresults,45.76103621500148,4.866131053967251,Hébergement géré par un particulier,,9.3
288,16,Lyon,18.01,1.94,0.98,15.09,Appart'City Classic Lyon Part Dieu Villette,https://www.booking.com/hotel/fr/appart-city-cap-affaires-lyon-partdieu.fr.html?aid=304142&label=gen173nr-1FCAQoggJCC3NlYXJjaF9seW9uSA1YBGhNiAEBmAENuAEKyAEF2AEB6AEB-AEDiAIBqAIDuALx_7XBBsACAdICJGY0NDZjNmU4LTgzNmEtNDBiMy05MWQxLWFjYTU0MjBjMzQwZtgCBeACAQ&ucfs=1&arphpl=1&group_adults=2&req_adults=2&no_rooms=1&group_children=0&req_children=0&hpos=13&hapos=13&sr_order=popularity&srpvid=8aa03438887c04a0&srepoch=1747812338&from_sustainable_property_sr=1&from=searchresults,45.75648108047784,4.8631346225738525,"L’Appart'City Classic Lyon Part Dieu Villette se trouve à Lyon, à 500 mètres de la gare de Lyon Part-Dieu et à 800 mètres de la rue Garibaldi. ",3.0,7.8
289,16,Lyon,18.01,1.94,0.98,15.09,HO36 Hostel Lyon,https://www.booking.com/hotel/fr/ho36-hostels-lyon.fr.html?aid=304142&label=gen173nr-1FCAQoggJCC3NlYXJjaF9seW9uSA1YBGhNiAEBmAENuAEKyAEF2AEB6AEB-AEDiAIBqAIDuALx_7XBBsACAdICJGY0NDZjNmU4LTgzNmEtNDBiMy05MWQxLWFjYTU0MjBjMzQwZtgCBeACAQ&ucfs=1&arphpl=1&group_adults=2&req_adults=2&no_rooms=1&group_children=0&req_children=0&hpos=12&hapos=12&sr_order=popularity&srpvid=8aa03438887c04a0&srepoch=1747812338&from=searchresults,45.75285600552734,4.842058611045104,"Le HO36 Hostel Lyon vous accueille à Lyon, à 15 minutes de marche de la place Bellecour et à 350 mètres de la station de métro Guillotière, qui vous permettra de rejoindre directement les gares de la...",,8.5
290,16,Lyon,18.01,1.94,0.98,15.09,Pullman Lyon,https://www.booking.com/hotel/fr/pullman-lyon.fr.html?aid=304142&label=gen173nr-1FCAQoggJCC3NlYXJjaF9seW9uSA1YBGhNiAEBmAENuAEKyAEF2AEB6AEB-AEDiAIBqAIDuALx_7XBBsACAdICJGY0NDZjNmU4LTgzNmEtNDBiMy05MWQxLWFjYTU0MjBjMzQwZtgCBeACAQ&ucfs=1&arphpl=1&group_adults=2&req_adults=2&no_rooms=1&group_children=0&req_children=0&hpos=11&hapos=11&sr_order=popularity&srpvid=8aa03438887c04a0&srepoch=1747812338&from_sustainable_property_sr=1&from=searchresults,45.760402581312896,4.85792056375427,"L’établissement Pullman Lyon vous accueille à Lyon, à 200 mètres de ce lieu d’intérêt : Gare de Lyon-Part-Dieu. ",4.0,9.1
291,16,Lyon,18.01,1.94,0.98,15.09,Résidence Montempô Part Dieu,https://www.booking.com/hotel/fr/residence-hoteliere-temporim-part-dieu.fr.html?aid=304142&label=gen173nr-1FCAQoggJCC3NlYXJjaF9seW9uSA1YBGhNiAEBmAENuAEKyAEF2AEB6AEB-AEDiAIBqAIDuALx_7XBBsACAdICJGY0NDZjNmU4LTgzNmEtNDBiMy05MWQxLWFjYTU0MjBjMzQwZtgCBeACAQ&ucfs=1&arphpl=1&group_adults=2&req_adults=2&no_rooms=1&group_children=0&req_children=0&hpos=10&hapos=10&sr_order=popularity&srpvid=8aa03438887c04a0&srepoch=1747812338&from=searchresults,45.75916256391318,4.865237474441528,"Située à Lyon, la Résidence Montempô Part Dieu propose des studios et des appartements entièrement équipés. ",3.0,7.8
292,16,Lyon,18.01,1.94,0.98,15.09,Appart'hôtel Odalys City - Bioparc Lyon Est,https://www.booking.com/hotel/fr/residence-hoteliere-bioparc.fr.html?aid=304142&label=gen173nr-1FCAQoggJCC3NlYXJjaF9seW9uSA1YBGhNiAEBmAENuAEKyAEF2AEB6AEB-AEDiAIBqAIDuALx_7XBBsACAdICJGY0NDZjNmU4LTgzNmEtNDBiMy05MWQxLWFjYTU0MjBjMzQwZtgCBeACAQ&ucfs=1&arphpl=1&group_adults=2&req_adults=2&no_rooms=1&group_children=0&req_children=0&hpos=8&hapos=8&sr_order=popularity&srpvid=8aa03438887c04a0&srepoch=1747812338&from=searchresults,45.74010934972214,4.8883795738220215,"Situé dans un quartier résidentiel de Lyon, l'Appart'hôtel Odalys City - Bioparc Lyon Est propose des hébergements climatisés non-fumeurs avec connexion Wi-Fi gratuite. ",4.0,8.1
293,16,Lyon,18.01,1.94,0.98,15.09,Campanile Lyon Centre Part-Dieu,https://www.booking.com/hotel/fr/campanile-lyon-centre-forum-part-dieu.fr.html?aid=304142&label=gen173nr-1FCAQoggJCC3NlYXJjaF9seW9uSA1YBGhNiAEBmAENuAEKyAEF2AEB6AEB-AEDiAIBqAIDuALx_7XBBsACAdICJGY0NDZjNmU4LTgzNmEtNDBiMy05MWQxLWFjYTU0MjBjMzQwZtgCBeACAQ&ucfs=1&arphpl=1&group_adults=2&req_adults=2&no_rooms=1&group_children=0&req_children=0&hpos=7&hapos=7&sr_order=popularity&srpvid=8aa03438887c04a0&srepoch=1747812338&from=searchresults,45.76027411252216,4.863327741622925,Le Campanile Lyon Centre Part-Dieu vous propose des chambres climatisées avec une connexion Wi-Fi gratuite en face de la gare ferroviaire de Lyon-Part-Dieu. ,3.0,8.5
294,16,Lyon,18.01,1.94,0.98,15.09,NOCNOC - L'Etage de Cordeliers,https://www.booking.com/hotel/fr/etage-de-lyon.fr.html?aid=304142&label=gen173nr-1FCAQoggJCC3NlYXJjaF9seW9uSA1YBGhNiAEBmAENuAEKyAEF2AEB6AEB-AEDiAIBqAIDuALx_7XBBsACAdICJGY0NDZjNmU4LTgzNmEtNDBiMy05MWQxLWFjYTU0MjBjMzQwZtgCBeACAQ&ucfs=1&arphpl=1&group_adults=2&req_adults=2&no_rooms=1&group_children=0&req_children=0&hpos=9&hapos=9&sr_order=popularity&srpvid=8aa03438887c04a0&srepoch=1747812338&from=searchresults,45.7628581,4.83349210000006,"L’hébergement NOCNOC - L'Etage de Cordeliers affiche 1 étoile et bénéficie d’un emplacement idéal dans le centre de Lyon, à seulement 600 mètres de ce lieu d’intérêt : Musée des Beaux-Arts de Lyon. ",1.0,8.2
295,16,Lyon,18.01,1.94,0.98,15.09,MEININGER Hotel Lyon Centre Berthelot,https://www.booking.com/hotel/fr/meininger-lyon-centre-berthelot.fr.html?aid=304142&label=gen173nr-1FCAQoggJCC3NlYXJjaF9seW9uSA1YBGhNiAEBmAENuAEKyAEF2AEB6AEB-AEDiAIBqAIDuALx_7XBBsACAdICJGY0NDZjNmU4LTgzNmEtNDBiMy05MWQxLWFjYTU0MjBjMzQwZtgCBeACAQ&ucfs=1&arphpl=1&group_adults=2&req_adults=2&no_rooms=1&group_children=0&req_children=0&hpos=5&hapos=5&sr_order=popularity&srpvid=8aa03438887c04a0&srepoch=1747812338&from=searchresults,45.746083,4.837187,"Situé à Lyon, le MEININGER Hotel Lyon Centre Berthelot propose un bar, un parking privé, un salon commun et une terrasse. ",,8.3
296,16,Lyon,18.01,1.94,0.98,15.09,Première Classe Lyon Centre Gare Part Dieu,https://www.booking.com/hotel/fr/premiere-classe-lyon-centre-gare-part-dieu.fr.html?aid=304142&label=gen173nr-1FCAQoggJCC3NlYXJjaF9seW9uSA1YBGhNiAEBmAENuAEKyAEF2AEB6AEB-AEDiAIBqAIDuALx_7XBBsACAdICJGY0NDZjNmU4LTgzNmEtNDBiMy05MWQxLWFjYTU0MjBjMzQwZtgCBeACAQ&ucfs=1&arphpl=1&group_adults=2&req_adults=2&no_rooms=1&group_children=0&req_children=0&hpos=6&hapos=6&sr_order=popularity&srpvid=8aa03438887c04a0&srepoch=1747812338&from=searchresults,45.756034577239554,4.859098568558693,"L'hôtel Première Classe Lyon Centre Gare Part Dieu propose des hébergements climatisés dotés d'une connexion Wi-Fi gratuite, à 500 mètres de la gare ferroviaire, de la station de métro et de la gare...",2.0,7.5
297,16,Lyon,18.01,1.94,0.98,15.09,Bikube Lyon,https://www.booking.com/hotel/fr/bikube-lyon-lyon.fr.html?aid=304142&label=gen173nr-1FCAQoggJCC3NlYXJjaF9seW9uSA1YBGhNiAEBmAENuAEKyAEF2AEB6AEB-AEDiAIBqAIDuALx_7XBBsACAdICJGY0NDZjNmU4LTgzNmEtNDBiMy05MWQxLWFjYTU0MjBjMzQwZtgCBeACAQ&ucfs=1&arphpl=1&group_adults=2&req_adults=2&no_rooms=1&group_children=0&req_children=0&hpos=4&hapos=4&sr_order=popularity&srpvid=8aa03438887c04a0&srepoch=1747812338&from=searchresults,45.74885,4.863691,"L’établissement Bikube Lyon se situe à Lyon, à 1,8 km de ce lieu d’intérêt : Gare de Lyon-Part-Dieu. Il possède une salle de sport, un jardin, une terrasse et un parking privé. ",4.0,8.6
298,16,Lyon,18.01,1.94,0.98,15.09,Hôtel du Parc,https://www.booking.com/hotel/fr/du-parc-lyon.fr.html?aid=304142&label=gen173nr-1FCAQoggJCC3NlYXJjaF9seW9uSA1YBGhNiAEBmAENuAEKyAEF2AEB6AEB-AEDiAIBqAIDuALx_7XBBsACAdICJGY0NDZjNmU4LTgzNmEtNDBiMy05MWQxLWFjYTU0MjBjMzQwZtgCBeACAQ&ucfs=1&arphpl=1&group_adults=2&req_adults=2&no_rooms=1&group_children=0&req_children=0&hpos=2&hapos=2&sr_order=popularity&srpvid=8aa03438887c04a0&srepoch=1747812338&from=searchresults,45.76894586397822,4.8568689823150635,"L’Hôtel Du Parc est situé dans le centre de Lyon, à 450 mètres de la station de métro Masséna et à 10 minutes à pied de la gare de Lyon Part-Dieu. ",3.0,7.3
299,16,Lyon,18.01,1.94,0.98,15.09,Séjours & Affaires Lyon Saint-Nicolas,https://www.booking.com/hotel/fr/sejours-affaires-lyon-saint-nicolas.fr.html?aid=304142&label=gen173nr-1FCAQoggJCC3NlYXJjaF9seW9uSA1YBGhNiAEBmAENuAEKyAEF2AEB6AEB-AEDiAIBqAIDuALx_7XBBsACAdICJGY0NDZjNmU4LTgzNmEtNDBiMy05MWQxLWFjYTU0MjBjMzQwZtgCBeACAQ&ucfs=1&arphpl=1&group_adults=2&req_adults=2&no_rooms=1&group_children=0&req_children=0&hpos=3&hapos=3&sr_order=popularity&srpvid=8aa03438887c04a0&srepoch=1747812338&from=searchresults,45.754237051783875,4.8590898513793945,"Le Séjours & Affaires Lyon Saint-Nicolas se situe dans le centre-ville de Lyon, à 750 mètres de la gare ferroviaire de Lyon-Part-Dieu. ",,7.4
300,15,Grenoble,19.18,3.88,0.84,14.46,Le Saint Jacques 5,https://www.booking.com/hotel/fr/le-rendezvous-des-grenoblois.fr.html?aid=304142&label=gen173nr-1FCAQoggJCD3NlYXJjaF9ncmVub2JsZUgNWARoTYgBAZgBDbgBCsgBBdgBAegBAfgBA4gCAagCA7gC8f-1wQbAAgHSAiRlOGRmYjdlNS0wOGZhLTQyY2EtYTk1Yi00YjIyMTc0MDdmZGHYAgXgAgE&ucfs=1&arphpl=1&group_adults=2&req_adults=2&no_rooms=1&group_children=0&req_children=0&hpos=25&hapos=25&sr_order=popularity&srpvid=bd40343830580093&srepoch=1747812338&from=searchresults,45.1899321,5.7280474,"L’hébergement Le Saint Jacques 5 affiche 3 étoiles et bénéficie d’un emplacement stratégique dans le centre de Grenoble, à seulement 1,3 km de ce lieu d’intérêt : Gare de Grenoble. ",3.0,8.5
301,15,Grenoble,19.18,3.88,0.84,14.46,Mercure Grenoble Centre Porte des Alpes,https://www.booking.com/hotel/fr/grand-mercure-grenoble-president.fr.html?aid=304142&label=gen173nr-1FCAQoggJCD3NlYXJjaF9ncmVub2JsZUgNWARoTYgBAZgBDbgBCsgBBdgBAegBAfgBA4gCAagCA7gC8f-1wQbAAgHSAiRlOGRmYjdlNS0wOGZhLTQyY2EtYTk1Yi00YjIyMTc0MDdmZGHYAgXgAgE&ucfs=1&arphpl=1&group_adults=2&req_adults=2&no_rooms=1&group_children=0&req_children=0&hpos=24&hapos=24&sr_order=popularity&srpvid=bd40343830580093&srepoch=1747812338&from_sustainable_property_sr=1&from=searchresults,45.17849379329981,5.720297545194626,"Hotel for travelers seeking local and authentic experiences Urban, chic, and relaxed, our Mercure hotel embodies natural elegance at the Porte des Alpes. ",4.0,7.4
302,15,Grenoble,19.18,3.88,0.84,14.46,Séjours & Affaires Grenoble Marie Curie,https://www.booking.com/hotel/fr/grenoble-marie-curie.fr.html?aid=304142&label=gen173nr-1FCAQoggJCD3NlYXJjaF9ncmVub2JsZUgNWARoTYgBAZgBDbgBCsgBBdgBAegBAfgBA4gCAagCA7gC8f-1wQbAAgHSAiRlOGRmYjdlNS0wOGZhLTQyY2EtYTk1Yi00YjIyMTc0MDdmZGHYAgXgAgE&ucfs=1&arphpl=1&group_adults=2&req_adults=2&no_rooms=1&group_children=0&req_children=0&hpos=23&hapos=23&sr_order=popularity&srpvid=bd40343830580093&srepoch=1747812338&from=searchresults,45.19439642122087,5.7105933129787445,La résidence Séjours & Affaires Grenoble Marie Curie vous accueille à 5 minutes à pied de la gare de Grenoble et à moins 100 mètres de l'arrêt de tramway Cité Internationale. ,2.0,7.7
303,15,Grenoble,19.18,3.88,0.84,14.46,Le cœur de ville,https://www.booking.com/hotel/fr/le-coeur-de-ville-grenoble.fr.html?aid=304142&label=gen173nr-1FCAQoggJCD3NlYXJjaF9ncmVub2JsZUgNWARoTYgBAZgBDbgBCsgBBdgBAegBAfgBA4gCAagCA7gC8f-1wQbAAgHSAiRlOGRmYjdlNS0wOGZhLTQyY2EtYTk1Yi00YjIyMTc0MDdmZGHYAgXgAgE&ucfs=1&arphpl=1&group_adults=2&req_adults=2&no_rooms=1&group_children=0&req_children=0&hpos=21&hapos=21&sr_order=popularity&srpvid=bd40343830580093&srepoch=1747812338&from=searchresults,45.184772001025,5.722267419673,Hébergement géré par un particulier,,9.7
304,15,Grenoble,19.18,3.88,0.84,14.46,Hôtel restaurant d'application Lesdiguieres - Ecole hôtelière -,https://www.booking.com/hotel/fr/lesdiguieres.fr.html?aid=304142&label=gen173nr-1FCAQoggJCD3NlYXJjaF9ncmVub2JsZUgNWARoTYgBAZgBDbgBCsgBBdgBAegBAfgBA4gCAagCA7gC8f-1wQbAAgHSAiRlOGRmYjdlNS0wOGZhLTQyY2EtYTk1Yi00YjIyMTc0MDdmZGHYAgXgAgE&ucfs=1&arphpl=1&group_adults=2&req_adults=2&no_rooms=1&group_children=0&req_children=0&hpos=20&hapos=20&sr_order=popularity&srpvid=bd40343830580093&srepoch=1747812338&from=searchresults,45.167883,5.71176,"L’établissement Hôtel restaurant d'application Lesdiguieres - Ecole hôtelière - se situe à Grenoble, à 2,6 km de ce lieu d’intérêt : Alpexpo. ",4.0,8.7
305,15,Grenoble,19.18,3.88,0.84,14.46,Maison Barbillon Grenoble - Centre Gare,https://www.booking.com/hotel/fr/maison-barbillon-grenoble.fr.html?aid=304142&label=gen173nr-1FCAQoggJCD3NlYXJjaF9ncmVub2JsZUgNWARoTYgBAZgBDbgBCsgBBdgBAegBAfgBA4gCAagCA7gC8f-1wQbAAgHSAiRlOGRmYjdlNS0wOGZhLTQyY2EtYTk1Yi00YjIyMTc0MDdmZGHYAgXgAgE&ucfs=1&arphpl=1&group_adults=2&req_adults=2&no_rooms=1&group_children=0&req_children=0&hpos=22&hapos=22&sr_order=popularity&srpvid=bd40343830580093&srepoch=1747812338&from=searchresults,45.19079329686088,5.716696679592133,"La Maison Barbillon Grenoble - Centre Gare vous accueille à Grenoble, à seulement 100 mètres de la gare. ",3.0,8.5
306,15,Grenoble,19.18,3.88,0.84,14.46,Duployé N5,https://www.booking.com/hotel/fr/duploye-n5.fr.html?aid=304142&label=gen173nr-1FCAQoggJCD3NlYXJjaF9ncmVub2JsZUgNWARoTYgBAZgBDbgBCsgBBdgBAegBAfgBA4gCAagCA7gC8f-1wQbAAgHSAiRlOGRmYjdlNS0wOGZhLTQyY2EtYTk1Yi00YjIyMTc0MDdmZGHYAgXgAgE&ucfs=1&arphpl=1&group_adults=2&req_adults=2&no_rooms=1&group_children=0&req_children=0&hpos=19&hapos=19&sr_order=popularity&srpvid=bd40343830580093&srepoch=1747812338&from=searchresults,45.17983107289733,5.721780212862786,"L’hébergement Duployé N5 se situe à Grenoble, à respectivement 1,9 km et 3,6 km de ces lieux d’intérêt : World Trade Center Grenoble et Alpexpo. ",3.0,8.5
307,15,Grenoble,19.18,3.88,0.84,14.46,Mercure Grenoble Centre Alpotel,https://www.booking.com/hotel/fr/mercure-grenoble-centre-alpotel.fr.html?aid=304142&label=gen173nr-1FCAQoggJCD3NlYXJjaF9ncmVub2JsZUgNWARoTYgBAZgBDbgBCsgBBdgBAegBAfgBA4gCAagCA7gC8f-1wQbAAgHSAiRlOGRmYjdlNS0wOGZhLTQyY2EtYTk1Yi00YjIyMTc0MDdmZGHYAgXgAgE&ucfs=1&arphpl=1&group_adults=2&req_adults=2&no_rooms=1&group_children=0&req_children=0&hpos=18&hapos=18&sr_order=popularity&srpvid=bd40343830580093&srepoch=1747812338&from_sustainable_property_sr=1&from=searchresults,45.183273258218605,5.729691982269287,"Le Mercure Grenoble Centre Alpotel est situé au cœur de Grenoble, à 2 km de Minatec. L'hôtel dispose d'un restaurant servant une cuisine régionale contemporaine. ",4.0,7.3
308,15,Grenoble,19.18,3.88,0.84,14.46,Tempologis Grenoble,https://www.booking.com/hotel/fr/tempologis-grenoble.fr.html?aid=304142&label=gen173nr-1FCAQoggJCD3NlYXJjaF9ncmVub2JsZUgNWARoTYgBAZgBDbgBCsgBBdgBAegBAfgBA4gCAagCA7gC8f-1wQbAAgHSAiRlOGRmYjdlNS0wOGZhLTQyY2EtYTk1Yi00YjIyMTc0MDdmZGHYAgXgAgE&ucfs=1&arphpl=1&group_adults=2&req_adults=2&no_rooms=1&group_children=0&req_children=0&hpos=17&hapos=17&sr_order=popularity&srpvid=bd40343830580093&srepoch=1747812338&from=searchresults,45.17927340236415,5.7343389093875885,Le Tempologis Grenoble est situé à Grenoble et propose des hébergements indépendants. Une connexion Wi-Fi est disponible gratuitement. ,,8.5
309,15,Grenoble,19.18,3.88,0.84,14.46,Appartements Residilaverde Gare,https://www.booking.com/hotel/fr/residilaverde-gare.fr.html?aid=304142&label=gen173nr-1FCAQoggJCD3NlYXJjaF9ncmVub2JsZUgNWARoTYgBAZgBDbgBCsgBBdgBAegBAfgBA4gCAagCA7gC8f-1wQbAAgHSAiRlOGRmYjdlNS0wOGZhLTQyY2EtYTk1Yi00YjIyMTc0MDdmZGHYAgXgAgE&ucfs=1&arphpl=1&group_adults=2&req_adults=2&no_rooms=1&group_children=0&req_children=0&hpos=16&hapos=16&sr_order=popularity&srpvid=bd40343830580093&srepoch=1747812338&from=searchresults,45.18988406394267,5.716276913881302,"Proposant une terrasse et des hébergements avec vue sur la ville, l’établissement Appartements Residilaverde Gare bénéficie d’une situation géographique idéale à Grenoble, à proximité de ce lieu...",3.0,8.9
310,15,Grenoble,19.18,3.88,0.84,14.46,Appartement Hagaki vue panoramique proche gare Netflix,https://www.booking.com/hotel/fr/appartement-hagaki-vue-panoramique-proche-gare.fr.html?aid=304142&label=gen173nr-1FCAQoggJCD3NlYXJjaF9ncmVub2JsZUgNWARoTYgBAZgBDbgBCsgBBdgBAegBAfgBA4gCAagCA7gC8f-1wQbAAgHSAiRlOGRmYjdlNS0wOGZhLTQyY2EtYTk1Yi00YjIyMTc0MDdmZGHYAgXgAgE&ucfs=1&arphpl=1&group_adults=2&req_adults=2&no_rooms=1&group_children=0&req_children=0&hpos=15&hapos=15&sr_order=popularity&srpvid=bd40343830580093&srepoch=1747812338&from=searchresults,45.1931183,5.7167071,Hébergement géré par un particulier,,9.8
311,15,Grenoble,19.18,3.88,0.84,14.46,"L'aigle, Bel appartement Proche centre et parking",https://www.booking.com/hotel/fr/bel-appartement-proche-centre-et-parking.fr.html?aid=304142&label=gen173nr-1FCAQoggJCD3NlYXJjaF9ncmVub2JsZUgNWARoTYgBAZgBDbgBCsgBBdgBAegBAfgBA4gCAagCA7gC8f-1wQbAAgHSAiRlOGRmYjdlNS0wOGZhLTQyY2EtYTk1Yi00YjIyMTc0MDdmZGHYAgXgAgE&ucfs=1&arphpl=1&group_adults=2&req_adults=2&no_rooms=1&group_children=0&req_children=0&hpos=14&hapos=14&sr_order=popularity&srpvid=bd40343830580093&srepoch=1747812338&from=searchresults,45.1813584507378,5.71830137116395,Hébergement géré par un particulier,,9.5
312,15,Grenoble,19.18,3.88,0.84,14.46,RockyPop Grenoble Hotel,https://www.booking.com/hotel/fr/rockypop-grenoble.fr.html?aid=304142&label=gen173nr-1FCAQoggJCD3NlYXJjaF9ncmVub2JsZUgNWARoTYgBAZgBDbgBCsgBBdgBAegBAfgBA4gCAagCA7gC8f-1wQbAAgHSAiRlOGRmYjdlNS0wOGZhLTQyY2EtYTk1Yi00YjIyMTc0MDdmZGHYAgXgAgE&ucfs=1&arphpl=1&group_adults=2&req_adults=2&no_rooms=1&group_children=0&req_children=0&hpos=12&hapos=12&sr_order=popularity&srpvid=bd40343830580093&srepoch=1747812338&from=searchresults,45.186911,5.731293,"L’établissement RockyPop Grenoble Hotel vous accueille à Grenoble, à 1,6 km de ce lieu d’intérêt : Gare de Grenoble. Il comprend une salle de sport, un jardin, une terrasse et un parking privé. ",4.0,8.5
313,15,Grenoble,19.18,3.88,0.84,14.46,Studio à la Gare&centre de Grenoble,https://www.booking.com/hotel/fr/studio-hypercentre-de-grenoble-renove-en-mai-2023.fr.html?aid=304142&label=gen173nr-1FCAQoggJCD3NlYXJjaF9ncmVub2JsZUgNWARoTYgBAZgBDbgBCsgBBdgBAegBAfgBA4gCAagCA7gC8f-1wQbAAgHSAiRlOGRmYjdlNS0wOGZhLTQyY2EtYTk1Yi00YjIyMTc0MDdmZGHYAgXgAgE&ucfs=1&arphpl=1&group_adults=2&req_adults=2&no_rooms=1&group_children=0&req_children=0&hpos=11&hapos=11&sr_order=popularity&srpvid=bd40343830580093&srepoch=1747812338&from=searchresults,45.1919491,5.7153249,Hébergement géré par un particulier,,8.5
314,15,Grenoble,19.18,3.88,0.84,14.46,La Villa Chorier,https://www.booking.com/hotel/fr/le-saule-rieur-grenoble.fr.html?aid=304142&label=gen173nr-1FCAQoggJCD3NlYXJjaF9ncmVub2JsZUgNWARoTYgBAZgBDbgBCsgBBdgBAegBAfgBA4gCAagCA7gC8f-1wQbAAgHSAiRlOGRmYjdlNS0wOGZhLTQyY2EtYTk1Yi00YjIyMTc0MDdmZGHYAgXgAgE&ucfs=1&arphpl=1&group_adults=2&req_adults=2&no_rooms=1&group_children=0&req_children=0&hpos=13&hapos=13&sr_order=popularity&srpvid=bd40343830580093&srepoch=1747812338&from=searchresults,45.1861741,5.7154757,"L’établissement La Villa Chorier se situe à Grenoble, à respectivement 800 mètres et 1,1 km de ces lieux d’intérêt : Gare de Grenoble et World Trade Center Grenoble. Il possède un jardin. ",,9.0
315,15,Grenoble,19.18,3.88,0.84,14.46,ibis Grenoble Gare,https://www.booking.com/hotel/fr/ibis-grenoble-gare.fr.html?aid=304142&label=gen173nr-1FCAQoggJCD3NlYXJjaF9ncmVub2JsZUgNWARoTYgBAZgBDbgBCsgBBdgBAegBAfgBA4gCAagCA7gC8f-1wQbAAgHSAiRlOGRmYjdlNS0wOGZhLTQyY2EtYTk1Yi00YjIyMTc0MDdmZGHYAgXgAgE&ucfs=1&arphpl=1&group_adults=2&req_adults=2&no_rooms=1&group_children=0&req_children=0&hpos=10&hapos=10&sr_order=popularity&srpvid=bd40343830580093&srepoch=1747812338&from=searchresults,45.19289800342784,5.717390924801293,"Situé à seulement 200 mètres de la gare de Grenoble, l'ibis Grenoble Gare propose des chambres climatisées avec vue sur la montagne et connexion Wi-Fi gratuite. ",3.0,7.5
316,15,Grenoble,19.18,3.88,0.84,14.46,B&B HOTEL Grenoble Centre Verlaine,https://www.booking.com/hotel/fr/b-amp-b-grenoble-centre-verlaine.fr.html?aid=304142&label=gen173nr-1FCAQoggJCD3NlYXJjaF9ncmVub2JsZUgNWARoTYgBAZgBDbgBCsgBBdgBAegBAfgBA4gCAagCA7gC8f-1wQbAAgHSAiRlOGRmYjdlNS0wOGZhLTQyY2EtYTk1Yi00YjIyMTc0MDdmZGHYAgXgAgE&ucfs=1&arphpl=1&group_adults=2&req_adults=2&no_rooms=1&group_children=0&req_children=0&hpos=9&hapos=9&sr_order=popularity&srpvid=bd40343830580093&srepoch=1747812338&from_sustainable_property_sr=1&from=searchresults,45.16191002349871,5.714982748031616,Le B&B HOTEL Grenoble Centre Verlaine propose des hébergements climatisés dotés d’une connexion Wi-Fi gratuite à seulement 3 km du centre de Grenoble et du parc des expositions SAEM Alpexpo. ,2.0,7.0
317,15,Grenoble,19.18,3.88,0.84,14.46,greet hotel Grenoble Centre Gare,https://www.booking.com/hotel/fr/ha-tel-des-alpes.fr.html?aid=304142&label=gen173nr-1FCAQoggJCD3NlYXJjaF9ncmVub2JsZUgNWARoTYgBAZgBDbgBCsgBBdgBAegBAfgBA4gCAagCA7gC8f-1wQbAAgHSAiRlOGRmYjdlNS0wOGZhLTQyY2EtYTk1Yi00YjIyMTc0MDdmZGHYAgXgAgE&ucfs=1&arphpl=1&group_adults=2&req_adults=2&no_rooms=1&group_children=0&req_children=0&hpos=8&hapos=8&sr_order=popularity&srpvid=bd40343830580093&srepoch=1747812338&from_sustainable_property_sr=1&from=searchresults,45.190446523564894,5.716857947409153,"Situé à Grenoble, l'Hôtel des Alpes se trouve à 220 mètres de la gare et à 120 mètres de l'arrêt Gares Tramway. ",2.0,7.9
318,15,Grenoble,19.18,3.88,0.84,14.46,Residhotel Grenette,https://www.booking.com/hotel/fr/le-royal-grenoble.fr.html?aid=304142&label=gen173nr-1FCAQoggJCD3NlYXJjaF9ncmVub2JsZUgNWARoTYgBAZgBDbgBCsgBBdgBAegBAfgBA4gCAagCA7gC8f-1wQbAAgHSAiRlOGRmYjdlNS0wOGZhLTQyY2EtYTk1Yi00YjIyMTc0MDdmZGHYAgXgAgE&ucfs=1&arphpl=1&group_adults=2&req_adults=2&no_rooms=1&group_children=0&req_children=0&hpos=7&hapos=7&sr_order=popularity&srpvid=bd40343830580093&srepoch=1747812338&from=searchresults,45.190563627131006,5.724484473466873,"Le Residhotel Grenette est situé dans le centre de Grenoble, à 3 minutes à pied de la place Victor Hugo. Il propose un hébergement indépendant avec une connexion Wi-Fi gratuite. ",3.0,7.7
319,15,Grenoble,19.18,3.88,0.84,14.46,Hôtel Terminus,https://www.booking.com/hotel/fr/hotelterminus.fr.html?aid=304142&label=gen173nr-1FCAQoggJCD3NlYXJjaF9ncmVub2JsZUgNWARoTYgBAZgBDbgBCsgBBdgBAegBAfgBA4gCAagCA7gC8f-1wQbAAgHSAiRlOGRmYjdlNS0wOGZhLTQyY2EtYTk1Yi00YjIyMTc0MDdmZGHYAgXgAgE&ucfs=1&arphpl=1&group_adults=2&req_adults=2&no_rooms=1&group_children=0&req_children=0&hpos=6&hapos=6&sr_order=popularity&srpvid=bd40343830580093&srepoch=1747812338&from=searchresults,45.1910782561633,5.715598315000534,"Situé à Grenoble, l'Hôtel Terminus se trouve en face des gares routière et SNCF. Il propose des chambres climatisées et insonorisées avec télévision par satellite et connexion Wi-Fi gratuite. ",3.0,8.7
320,15,Grenoble,19.18,3.88,0.84,14.46,Campanile Grenoble Centre Gare,https://www.booking.com/hotel/fr/campanile-grenoble-centre-gare.fr.html?aid=304142&label=gen173nr-1FCAQoggJCD3NlYXJjaF9ncmVub2JsZUgNWARoTYgBAZgBDbgBCsgBBdgBAegBAfgBA4gCAagCA7gC8f-1wQbAAgHSAiRlOGRmYjdlNS0wOGZhLTQyY2EtYTk1Yi00YjIyMTc0MDdmZGHYAgXgAgE&ucfs=1&arphpl=1&group_adults=2&req_adults=2&no_rooms=1&group_children=0&req_children=0&hpos=5&hapos=5&sr_order=popularity&srpvid=bd40343830580093&srepoch=1747812338&from=searchresults,45.19051920530674,5.716019421815872,Le Campanile Grenoble Centre Gare est situé à proximité d'une rue piétonne et commerçante dans le centre-ville de Grenoble. ,3.0,7.7
321,15,Grenoble,19.18,3.88,0.84,14.46,B&B HOTEL Grenoble Centre Alpexpo,https://www.booking.com/hotel/fr/b-amp-b-grenoble-centre-alpexpo.fr.html?aid=304142&label=gen173nr-1FCAQoggJCD3NlYXJjaF9ncmVub2JsZUgNWARoTYgBAZgBDbgBCsgBBdgBAegBAfgBA4gCAagCA7gC8f-1wQbAAgHSAiRlOGRmYjdlNS0wOGZhLTQyY2EtYTk1Yi00YjIyMTc0MDdmZGHYAgXgAgE&ucfs=1&arphpl=1&group_adults=2&req_adults=2&no_rooms=1&group_children=0&req_children=0&hpos=4&hapos=4&sr_order=popularity&srpvid=bd40343830580093&srepoch=1747812338&from_sustainable_property_sr=1&from=searchresults,45.158836673882,5.734435468912125,"Le B&B Grenoble Centre Alpexpo est situé à Grenoble, à seulement 800 mètres d'Alpexpo. Doté d'une réception ouverte 24h/24, il propose une connexion Wi-Fi gratuite et des hébergements insonorisés. ",2.0,7.7
322,15,Grenoble,19.18,3.88,0.84,14.46,Kyriad Grenoble Centre,https://www.booking.com/hotel/fr/qualityhotelgrenoble.fr.html?aid=304142&label=gen173nr-1FCAQoggJCD3NlYXJjaF9ncmVub2JsZUgNWARoTYgBAZgBDbgBCsgBBdgBAegBAfgBA4gCAagCA7gC8f-1wQbAAgHSAiRlOGRmYjdlNS0wOGZhLTQyY2EtYTk1Yi00YjIyMTc0MDdmZGHYAgXgAgE&ucfs=1&arphpl=1&group_adults=2&req_adults=2&no_rooms=1&group_children=0&req_children=0&hpos=3&hapos=3&sr_order=popularity&srpvid=bd40343830580093&srepoch=1747812338&from=searchresults,45.16819994402455,5.711994767189026,"Situé à Grenoble, à 200 mètres du stade Lesdiguières, le Kyriad Grenoble Centre vous accueille dans un hôtel 3 étoiles doté d'une réception ouverte 24h/24 et d'une connexion Wi-Fi gratuite. ",3.0,7.8
323,15,Grenoble,19.18,3.88,0.84,14.46,The Babel Community Hôtel - Grenoble Bastille,https://www.booking.com/hotel/fr/apt-paisible-en-centre-ville-parking-salle-de-sport-bar-en-rooftop.fr.html?aid=304142&label=gen173nr-1FCAQoggJCD3NlYXJjaF9ncmVub2JsZUgNWARoTYgBAZgBDbgBCsgBBdgBAegBAfgBA4gCAagCA7gC8f-1wQbAAgHSAiRlOGRmYjdlNS0wOGZhLTQyY2EtYTk1Yi00YjIyMTc0MDdmZGHYAgXgAgE&ucfs=1&arphpl=1&group_adults=2&req_adults=2&no_rooms=1&group_children=0&req_children=0&hpos=2&hapos=2&sr_order=popularity&srpvid=bd40343830580093&srepoch=1747812338&from=searchresults,45.195810837764,5.7254467753939995,"L’établissement The Babel Community Hôtel - Grenoble Bastille est situé à 1,9 km de ce lieu d’intérêt : Gare de Grenoble. Il possède un restaurant, un jardin, une terrasse et un bar. ",,8.6
324,15,Grenoble,19.18,3.88,0.84,14.46,1924 Hôtel,https://www.booking.com/hotel/fr/royal-grenoble.fr.html?aid=304142&label=gen173nr-1FCAQoggJCD3NlYXJjaF9ncmVub2JsZUgNWARoTYgBAZgBDbgBCsgBBdgBAegBAfgBA4gCAagCA7gC8f-1wQbAAgHSAiRlOGRmYjdlNS0wOGZhLTQyY2EtYTk1Yi00YjIyMTc0MDdmZGHYAgXgAgE&ucfs=1&arphpl=1&group_adults=2&req_adults=2&no_rooms=1&group_children=0&req_children=0&hpos=1&hapos=1&sr_order=popularity&srpvid=bd40343830580093&srepoch=1747812338&from=searchresults,45.18928483181276,5.7186198234558105,"Situé au cœur de Grenoble, à seulement 450 mètres de la gare SNCF, le 1924 Hôtel propose une connexion Wi-Fi gratuite. L'arrêt de tramway Alsace-Lorraine est à moins d'une minute à pied. ",3.0,8.9
325,29,Tarascon-sur-Ariège,16.46,1.92,0.98,13.56,Résidence Le Grand Tétras- SPA THERMAL INCLUS,https://www.booking.com/hotel/fr/residence-le-grand-tetras-ax-les-thermes.fr.html?aid=304142&label=gen173nr-1FCAQoggJCDXNlYXJjaF9hcmllZ2VIDVgEaE2IAQGYAQ24AQrIAQXYAQHoAQH4AQOIAgGoAgO4AruAtsEGwAIB0gIkZGFkY2M4NDEtNTJjNy00YjEwLWFmYzMtOTJhOWM5YTEzODlj2AIF4AIB&ucfs=1&arphpl=1&group_adults=2&req_adults=2&no_rooms=1&group_children=0&req_children=0&hpos=25&hapos=25&sr_order=popularity&srpvid=38a4345d81260c77&srepoch=1747812412&from=searchresults,42.721329,1.839279,"L’établissement Résidence Le Grand Tétras- SPA THERMAL INCLUS vous accueille à Ax-les-Thermes, à 48 km de ce lieu d’intérêt : Meritxell sanctuary. Il offre une vue sur la montagne. ",3.0,8.4
326,29,Tarascon-sur-Ariège,16.46,1.92,0.98,13.56,Terres de France - Domaine du Palais,https://www.booking.com/hotel/fr/terres-de-france-domaine-du-palais.fr.html?aid=304142&label=gen173nr-1FCAQoggJCDXNlYXJjaF9hcmllZ2VIDVgEaE2IAQGYAQ24AQrIAQXYAQHoAQH4AQOIAgGoAgO4AruAtsEGwAIB0gIkZGFkY2M4NDEtNTJjNy00YjEwLWFmYzMtOTJhOWM5YTEzODlj2AIF4AIB&ucfs=1&arphpl=1&group_adults=2&req_adults=2&no_rooms=1&group_children=0&req_children=0&hpos=24&hapos=24&sr_order=popularity&srpvid=38a4345d81260c77&srepoch=1747812412&from=searchresults,43.003051,1.13713,"L’établissement Terres de France - Domaine du Palais se trouve à Saint-Lizier (Midi-Pyrénées), à proximité de ce lieu d’intérêt : Cathédrale de Saint-Lizier. ",,8.1
327,29,Tarascon-sur-Ariège,16.46,1.92,0.98,13.56,La Grange - 10 couchages,https://www.booking.com/hotel/fr/la-grange-carla-de-roquefort.fr.html?aid=304142&label=gen173nr-1FCAQoggJCDXNlYXJjaF9hcmllZ2VIDVgEaE2IAQGYAQ24AQrIAQXYAQHoAQH4AQOIAgGoAgO4AruAtsEGwAIB0gIkZGFkY2M4NDEtNTJjNy00YjEwLWFmYzMtOTJhOWM5YTEzODlj2AIF4AIB&ucfs=1&arphpl=1&group_adults=2&req_adults=2&no_rooms=1&group_children=0&req_children=0&hpos=22&hapos=22&sr_order=popularity&srpvid=38a4345d81260c77&srepoch=1747812412&from=searchresults,42.9751989,1.7654220999999999,Hébergement géré par un particulier,,8.9
328,29,Tarascon-sur-Ariège,16.46,1.92,0.98,13.56,Gite De Charme,https://www.booking.com/hotel/fr/gite-de-charme-ganac.fr.html?aid=304142&label=gen173nr-1FCAQoggJCDXNlYXJjaF9hcmllZ2VIDVgEaE2IAQGYAQ24AQrIAQXYAQHoAQH4AQOIAgGoAgO4AruAtsEGwAIB0gIkZGFkY2M4NDEtNTJjNy00YjEwLWFmYzMtOTJhOWM5YTEzODlj2AIF4AIB&ucfs=1&arphpl=1&group_adults=2&req_adults=2&no_rooms=1&group_children=0&req_children=0&hpos=21&hapos=21&sr_order=popularity&srpvid=38a4345d81260c77&srepoch=1747812412&from=searchresults,42.935923303085,1.57316923141479,Hébergement géré par un particulier,,9.6
329,29,Tarascon-sur-Ariège,16.46,1.92,0.98,13.56,"The Originals Access, Hôtel Foix",https://www.booking.com/hotel/fr/campanilefoix.fr.html?aid=304142&label=gen173nr-1FCAQoggJCDXNlYXJjaF9hcmllZ2VIDVgEaE2IAQGYAQ24AQrIAQXYAQHoAQH4AQOIAgGoAgO4AruAtsEGwAIB0gIkZGFkY2M4NDEtNTJjNy00YjEwLWFmYzMtOTJhOWM5YTEzODlj2AIF4AIB&ucfs=1&arphpl=1&group_adults=2&req_adults=2&no_rooms=1&group_children=0&req_children=0&hpos=20&hapos=20&sr_order=popularity&srpvid=38a4345d81260c77&srepoch=1747812412&from=searchresults,42.99211189535894,1.6158324480056763,"Situé au sein du parc naturel régional des Pyrénées ariégeoises, à 75 km de Toulouse, l’établissement The Originals Access, Hôtel Foix dispose d'une réception automatique ouverte 24h/24. ",2.0,8.0
330,29,Tarascon-sur-Ariège,16.46,1.92,0.98,13.56,la maison du bonheur chez Yann HUMBLET,https://www.booking.com/hotel/fr/la-maison-du-bonheur-moulis.fr.html?aid=304142&label=gen173nr-1FCAQoggJCDXNlYXJjaF9hcmllZ2VIDVgEaE2IAQGYAQ24AQrIAQXYAQHoAQH4AQOIAgGoAgO4AruAtsEGwAIB0gIkZGFkY2M4NDEtNTJjNy00YjEwLWFmYzMtOTJhOWM5YTEzODlj2AIF4AIB&ucfs=1&arphpl=1&group_adults=2&req_adults=2&no_rooms=1&group_children=0&req_children=0&hpos=23&hapos=23&sr_order=popularity&srpvid=38a4345d81260c77&srepoch=1747812412&from=searchresults,42.946666,1.092673,Hébergement géré par un particulier,,8.4
331,29,Tarascon-sur-Ariège,16.46,1.92,0.98,13.56,la maison d'Anna chambres d hôtes,https://www.booking.com/hotel/fr/la-maison-d-39-anna-ganac.fr.html?aid=304142&label=gen173nr-1FCAQoggJCDXNlYXJjaF9hcmllZ2VIDVgEaE2IAQGYAQ24AQrIAQXYAQHoAQH4AQOIAgGoAgO4AruAtsEGwAIB0gIkZGFkY2M4NDEtNTJjNy00YjEwLWFmYzMtOTJhOWM5YTEzODlj2AIF4AIB&ucfs=1&arphpl=1&group_adults=2&req_adults=2&no_rooms=1&group_children=0&req_children=0&hpos=19&hapos=19&sr_order=popularity&srpvid=38a4345d81260c77&srepoch=1747812412&from=searchresults,42.9509120273479,1.57907545566559,Hébergement géré par un particulier,,9.3
332,29,Tarascon-sur-Ariège,16.46,1.92,0.98,13.56,Les gîtes de Beille,https://www.booking.com/hotel/fr/les-gites-de-beille.fr.html?aid=304142&label=gen173nr-1FCAQoggJCDXNlYXJjaF9hcmllZ2VIDVgEaE2IAQGYAQ24AQrIAQXYAQHoAQH4AQOIAgGoAgO4AruAtsEGwAIB0gIkZGFkY2M4NDEtNTJjNy00YjEwLWFmYzMtOTJhOWM5YTEzODlj2AIF4AIB&ucfs=1&arphpl=1&group_adults=2&req_adults=2&no_rooms=1&group_children=0&req_children=0&hpos=17&hapos=17&sr_order=popularity&srpvid=38a4345d81260c77&srepoch=1747812412&from=searchresults,42.78555710137,1.6816654149630001,"Situé aux Cabannes et offrant une vue sur le jardin, l’établissement Les gîtes de Beille propose un jardin, un salon commun, une terrasse, un bar et un barbecue. ",,8.2
333,29,Tarascon-sur-Ariège,16.46,1.92,0.98,13.56,Le petit nid,https://www.booking.com/hotel/fr/le-petit-nid-montgaillard.fr.html?aid=304142&label=gen173nr-1FCAQoggJCDXNlYXJjaF9hcmllZ2VIDVgEaE2IAQGYAQ24AQrIAQXYAQHoAQH4AQOIAgGoAgO4AruAtsEGwAIB0gIkZGFkY2M4NDEtNTJjNy00YjEwLWFmYzMtOTJhOWM5YTEzODlj2AIF4AIB&ucfs=1&arphpl=1&group_adults=2&req_adults=2&no_rooms=1&group_children=0&req_children=0&hpos=18&hapos=18&sr_order=popularity&srpvid=38a4345d81260c77&srepoch=1747812412&from=searchresults,42.932278020876,1.635167867494,Hébergement géré par un particulier,,8.9
334,29,Tarascon-sur-Ariège,16.46,1.92,0.98,13.56,AUX 4 LOGIS Appart-hotel - Studio Le Roof - Une vue splendide - Petit déjeuner inclus 1ère nuit,https://www.booking.com/hotel/fr/le-roof-studio-aux-4-logis-petit-dejeuner-inclus-1ere-nuit.fr.html?aid=304142&label=gen173nr-1FCAQoggJCDXNlYXJjaF9hcmllZ2VIDVgEaE2IAQGYAQ24AQrIAQXYAQHoAQH4AQOIAgGoAgO4AruAtsEGwAIB0gIkZGFkY2M4NDEtNTJjNy00YjEwLWFmYzMtOTJhOWM5YTEzODlj2AIF4AIB&ucfs=1&arphpl=1&group_adults=2&req_adults=2&no_rooms=1&group_children=0&req_children=0&hpos=16&hapos=16&sr_order=popularity&srpvid=38a4345d81260c77&srepoch=1747812412&from=searchresults,42.9681599,1.6083351000000001,"L’établissement AUX 4 LOGIS Appart-hotel - Studio Le Roof - Une vue splendide - Petit déjeuner inclus 1ère nuit vous accueille à Foix, à respectivement 34 km et 600 mètres de ces lieux d’intérêt : Col...",,8.9
335,29,Tarascon-sur-Ariège,16.46,1.92,0.98,13.56,Maison Cancela,https://www.booking.com/hotel/fr/maison-cancela.fr.html?aid=304142&label=gen173nr-1FCAQoggJCDXNlYXJjaF9hcmllZ2VIDVgEaE2IAQGYAQ24AQrIAQXYAQHoAQH4AQOIAgGoAgO4AruAtsEGwAIB0gIkZGFkY2M4NDEtNTJjNy00YjEwLWFmYzMtOTJhOWM5YTEzODlj2AIF4AIB&ucfs=1&arphpl=1&group_adults=2&req_adults=2&no_rooms=1&group_children=0&req_children=0&hpos=13&hapos=13&sr_order=popularity&srpvid=38a4345d81260c77&srepoch=1747812412&from=searchresults,42.76671393400669,1.5655356645584106,"L’établissement Maison Cancela se situe à Siguer, à 46 km de ce lieu d’intérêt : Col de la Crouzette. ",,8.8
336,29,Tarascon-sur-Ariège,16.46,1.92,0.98,13.56,"cocoon 52 m2 new, beautiful view castle and mountain",https://www.booking.com/hotel/fr/appartment-cocoon-52-m-2-new-heart-of-the-city.fr.html?aid=304142&label=gen173nr-1FCAQoggJCDXNlYXJjaF9hcmllZ2VIDVgEaE2IAQGYAQ24AQrIAQXYAQHoAQH4AQOIAgGoAgO4AruAtsEGwAIB0gIkZGFkY2M4NDEtNTJjNy00YjEwLWFmYzMtOTJhOWM5YTEzODlj2AIF4AIB&ucfs=1&arphpl=1&group_adults=2&req_adults=2&no_rooms=1&group_children=0&req_children=0&hpos=14&hapos=14&sr_order=popularity&srpvid=38a4345d81260c77&srepoch=1747812412&from=searchresults,42.9646026,1.6027537,Hébergement géré par un particulier,,9.5
337,29,Tarascon-sur-Ariège,16.46,1.92,0.98,13.56,AUX 4 LOGIS Appart-hotel - Studio Le Terra - Petit déjeuner inclus 1ère nuit,https://www.booking.com/hotel/fr/studio-aux-4-logis-le-terra-petit-dejeuner-inclus-1ere-nuit.fr.html?aid=304142&label=gen173nr-1FCAQoggJCDXNlYXJjaF9hcmllZ2VIDVgEaE2IAQGYAQ24AQrIAQXYAQHoAQH4AQOIAgGoAgO4AruAtsEGwAIB0gIkZGFkY2M4NDEtNTJjNy00YjEwLWFmYzMtOTJhOWM5YTEzODlj2AIF4AIB&ucfs=1&arphpl=1&group_adults=2&req_adults=2&no_rooms=1&group_children=0&req_children=0&hpos=15&hapos=15&sr_order=popularity&srpvid=38a4345d81260c77&srepoch=1747812412&from=searchresults,42.968143122502,1.6083692723,"Situé à Foix, l’établissement AUX 4 LOGIS Appart-hotel - Studio Le Terra - Petit déjeuner inclus 1ère nuit possède une connexion Wi-Fi gratuite et offre une vue sur la montagne. ",,8.9
338,29,Tarascon-sur-Ariège,16.46,1.92,0.98,13.56,Chambres d'hôtes Belle Occitane,https://www.booking.com/hotel/fr/belle-occitane.fr.html?aid=304142&label=gen173nr-1FCAQoggJCDXNlYXJjaF9hcmllZ2VIDVgEaE2IAQGYAQ24AQrIAQXYAQHoAQH4AQOIAgGoAgO4AruAtsEGwAIB0gIkZGFkY2M4NDEtNTJjNy00YjEwLWFmYzMtOTJhOWM5YTEzODlj2AIF4AIB&ucfs=1&arphpl=1&group_adults=2&req_adults=2&no_rooms=1&group_children=0&req_children=0&hpos=11&hapos=11&sr_order=popularity&srpvid=38a4345d81260c77&srepoch=1747812412&from=searchresults,42.84718520338425,1.6067585349082947,Hébergement géré par un particulier,,9.2
339,29,Tarascon-sur-Ariège,16.46,1.92,0.98,13.56,D'tente sky lodge,https://www.booking.com/hotel/fr/dtente-sky-lodge.fr.html?aid=304142&label=gen173nr-1FCAQoggJCDXNlYXJjaF9hcmllZ2VIDVgEaE2IAQGYAQ24AQrIAQXYAQHoAQH4AQOIAgGoAgO4AruAtsEGwAIB0gIkZGFkY2M4NDEtNTJjNy00YjEwLWFmYzMtOTJhOWM5YTEzODlj2AIF4AIB&ucfs=1&arphpl=1&group_adults=2&req_adults=2&no_rooms=1&group_children=0&req_children=0&hpos=10&hapos=10&sr_order=popularity&srpvid=38a4345d81260c77&srepoch=1747812412&from=searchresults,42.8945039821351,1.32823378698731,Hébergement géré par un particulier,,8.8
340,29,Tarascon-sur-Ariège,16.46,1.92,0.98,13.56,Le Hameau du Comté de Foix,https://www.booking.com/hotel/fr/le-hameau-du-comte-de-foix.fr.html?aid=304142&label=gen173nr-1FCAQoggJCDXNlYXJjaF9hcmllZ2VIDVgEaE2IAQGYAQ24AQrIAQXYAQHoAQH4AQOIAgGoAgO4AruAtsEGwAIB0gIkZGFkY2M4NDEtNTJjNy00YjEwLWFmYzMtOTJhOWM5YTEzODlj2AIF4AIB&ucfs=1&arphpl=1&group_adults=2&req_adults=2&no_rooms=1&group_children=0&req_children=0&hpos=12&hapos=12&sr_order=popularity&srpvid=38a4345d81260c77&srepoch=1747812412&from=searchresults,42.894548,1.634179,"L’établissement Le Hameau du Comté de Foix vous accueille à Mercus-Garrabet (Midi-Pyrénées), à 40 km de ce lieu d’intérêt : Col de la Crouzette. ",,8.7
341,29,Tarascon-sur-Ariège,16.46,1.92,0.98,13.56,Hostellerie de La Poste,https://www.booking.com/hotel/fr/hostellerie-de-la-poste-oust.fr.html?aid=304142&label=gen173nr-1FCAQoggJCDXNlYXJjaF9hcmllZ2VIDVgEaE2IAQGYAQ24AQrIAQXYAQHoAQH4AQOIAgGoAgO4AruAtsEGwAIB0gIkZGFkY2M4NDEtNTJjNy00YjEwLWFmYzMtOTJhOWM5YTEzODlj2AIF4AIB&ucfs=1&arphpl=1&group_adults=2&req_adults=2&no_rooms=1&group_children=0&req_children=0&hpos=9&hapos=9&sr_order=popularity&srpvid=38a4345d81260c77&srepoch=1747812412&from=searchresults,42.874712003153974,1.2158399820327759,"L’établissement Hostellerie de La Poste vous accueille à Oust, à 24 km de ce lieu d’intérêt : Col de la Crouzette. ",2.0,8.4
342,29,Tarascon-sur-Ariège,16.46,1.92,0.98,13.56,chalet des Illes SAINT MARTIN IIII,https://www.booking.com/hotel/fr/chalet-des-illes-prat-bonrepaux2.fr.html?aid=304142&label=gen173nr-1FCAQoggJCDXNlYXJjaF9hcmllZ2VIDVgEaE2IAQGYAQ24AQrIAQXYAQHoAQH4AQOIAgGoAgO4AruAtsEGwAIB0gIkZGFkY2M4NDEtNTJjNy00YjEwLWFmYzMtOTJhOWM5YTEzODlj2AIF4AIB&ucfs=1&arphpl=1&group_adults=2&req_adults=2&no_rooms=1&group_children=0&req_children=0&hpos=8&hapos=8&sr_order=popularity&srpvid=38a4345d81260c77&srepoch=1747812412&from=searchresults,43.040434254917,1.029213562457,"Offrant une vue sur la montagne, l’hébergement chalet des Illes SAINT MARTIN IIII propose une piscine extérieure ouverte en saison, un jardin et une terrasse, à environ 38 km de ce lieu d’intérêt :...",,9.1
343,29,Tarascon-sur-Ariège,16.46,1.92,0.98,13.56,Chambres d'hôtes Relais Mira Peis,https://www.booking.com/hotel/fr/relais-mira-peis.fr.html?aid=304142&label=gen173nr-1FCAQoggJCDXNlYXJjaF9hcmllZ2VIDVgEaE2IAQGYAQ24AQrIAQXYAQHoAQH4AQOIAgGoAgO4AruAtsEGwAIB0gIkZGFkY2M4NDEtNTJjNy00YjEwLWFmYzMtOTJhOWM5YTEzODlj2AIF4AIB&ucfs=1&arphpl=1&group_adults=2&req_adults=2&no_rooms=1&group_children=0&req_children=0&hpos=7&hapos=7&sr_order=popularity&srpvid=38a4345d81260c77&srepoch=1747812412&from=searchresults,43.088176,1.875399,"Situé à Mirepoix, l’établissement Chambres d'hôtes Relais Mira Peis possède une piscine extérieure ouverte en saison, une terrasse, un bar et une connexion Wi-Fi gratuite dans l’ensemble de ses...",,9.1
344,29,Tarascon-sur-Ariège,16.46,1.92,0.98,13.56,Le Grand Cerf - 4 Couchages,https://www.booking.com/hotel/fr/le-grand-cerf-freychenet.fr.html?aid=304142&label=gen173nr-1FCAQoggJCDXNlYXJjaF9hcmllZ2VIDVgEaE2IAQGYAQ24AQrIAQXYAQHoAQH4AQOIAgGoAgO4AruAtsEGwAIB0gIkZGFkY2M4NDEtNTJjNy00YjEwLWFmYzMtOTJhOWM5YTEzODlj2AIF4AIB&ucfs=1&arphpl=1&group_adults=2&req_adults=2&no_rooms=1&group_children=0&req_children=0&hpos=5&hapos=5&sr_order=popularity&srpvid=38a4345d81260c77&srepoch=1747812412&from=searchresults,42.908524260607,1.7211261217040001,Hébergement géré par un particulier,,9.2
345,29,Tarascon-sur-Ariège,16.46,1.92,0.98,13.56,"Demeure de la Carmine, sejour bien-etre d'exception, piscine, hammam, champagne",https://www.booking.com/hotel/fr/demeure-de-la-carmine.fr.html?aid=304142&label=gen173nr-1FCAQoggJCDXNlYXJjaF9hcmllZ2VIDVgEaE2IAQGYAQ24AQrIAQXYAQHoAQH4AQOIAgGoAgO4AruAtsEGwAIB0gIkZGFkY2M4NDEtNTJjNy00YjEwLWFmYzMtOTJhOWM5YTEzODlj2AIF4AIB&ucfs=1&arphpl=1&group_adults=2&req_adults=2&no_rooms=1&group_children=0&req_children=0&hpos=3&hapos=3&sr_order=popularity&srpvid=38a4345d81260c77&srepoch=1747812412&from=searchresults,43.087540393135015,1.8713553085983676,"Implantée à Mirepoix, en Midi-Pyrénées, la Demeure de la Carmine, sejour bien-etre d'exception, piscine, hammam, champagne se situe à 41 km de Carcassonne. ",,9.6
346,29,Tarascon-sur-Ariège,16.46,1.92,0.98,13.56,Chalet Pyrénéen,https://www.booking.com/hotel/fr/chalet-pyreneen.fr.html?aid=304142&label=gen173nr-1FCAQoggJCDXNlYXJjaF9hcmllZ2VIDVgEaE2IAQGYAQ24AQrIAQXYAQHoAQH4AQOIAgGoAgO4AruAtsEGwAIB0gIkZGFkY2M4NDEtNTJjNy00YjEwLWFmYzMtOTJhOWM5YTEzODlj2AIF4AIB&ucfs=1&arphpl=1&group_adults=2&req_adults=2&no_rooms=1&group_children=0&req_children=0&hpos=1&hapos=1&sr_order=popularity&srpvid=38a4345d81260c77&srepoch=1747812412&from=searchresults,43.221838,1.3976962,"Situé à Saint-Ybars, l’hébergement Chalet Pyrénéen propose un jardin, une terrasse et un restaurant. ",,8.0
347,29,Tarascon-sur-Ariège,16.46,1.92,0.98,13.56,Le sapin rouge - Restaurant - bar - chambres d'hôtes,https://www.booking.com/hotel/fr/le-sapin-rouge-artigues.fr.html?aid=304142&label=gen173nr-1FCAQoggJCDXNlYXJjaF9hcmllZ2VIDVgEaE2IAQGYAQ24AQrIAQXYAQHoAQH4AQOIAgGoAgO4AruAtsEGwAIB0gIkZGFkY2M4NDEtNTJjNy00YjEwLWFmYzMtOTJhOWM5YTEzODlj2AIF4AIB&ucfs=1&arphpl=1&group_adults=2&req_adults=2&no_rooms=1&group_children=0&req_children=0&hpos=6&hapos=6&sr_order=popularity&srpvid=38a4345d81260c77&srepoch=1747812412&from=searchresults,42.718088468533,2.070146751106,"Situé à Artigues, l’établissement Le sapin rouge - Restaurant - bar - chambres d'hôtes comprend un jardin, un salon commun, une terrasse et un restaurant. ",,8.9
348,29,Tarascon-sur-Ariège,16.46,1.92,0.98,13.56,Le Nopal Bleu,https://www.booking.com/hotel/fr/le-nopal-bleu.fr.html?aid=304142&label=gen173nr-1FCAQoggJCDXNlYXJjaF9hcmllZ2VIDVgEaE2IAQGYAQ24AQrIAQXYAQHoAQH4AQOIAgGoAgO4AruAtsEGwAIB0gIkZGFkY2M4NDEtNTJjNy00YjEwLWFmYzMtOTJhOWM5YTEzODlj2AIF4AIB&ucfs=1&arphpl=1&group_adults=2&req_adults=2&no_rooms=1&group_children=0&req_children=0&hpos=4&hapos=4&sr_order=popularity&srpvid=38a4345d81260c77&srepoch=1747812412&from=searchresults,42.8485793,1.6071044,Hébergement géré par un particulier,,9.4
349,29,Tarascon-sur-Ariège,16.46,1.92,0.98,13.56,Malepère,https://www.booking.com/hotel/fr/malepere.fr.html?aid=304142&label=gen173nr-1FCAQoggJCDXNlYXJjaF9hcmllZ2VIDVgEaE2IAQGYAQ24AQrIAQXYAQHoAQH4AQOIAgGoAgO4AruAtsEGwAIB0gIkZGFkY2M4NDEtNTJjNy00YjEwLWFmYzMtOTJhOWM5YTEzODlj2AIF4AIB&ucfs=1&arphpl=1&group_adults=2&req_adults=2&no_rooms=1&group_children=0&req_children=0&hpos=2&hapos=2&sr_order=popularity&srpvid=38a4345d81260c77&srepoch=1747812412&from=searchresults,43.05318016042,1.848653033064,"Situé à La Bastide-de-Bousignac, l’hébergement Malepère offre une vue sur le jardin. Il comprend une piscine extérieure ouverte en saison, un jardin, un barbecue et une connexion Wi-Fi gratuite. ",,9.1
350,30,Toulouse,15.88,0.53,1.88,13.47,Hôtel Croix Baragnon,https://www.booking.com/hotel/fr/ha-tel-croix-baragnon.fr.html?aid=304142&label=gen173nr-1FCAQoggJCD3NlYXJjaF90b3Vsb3VzZUgNWARoTYgBAZgBDbgBCsgBBdgBAegBAfgBA4gCAagCA7gCu4C2wQbAAgHSAiQyMWNhNDdjMS0xN2U3LTQ4NmYtYWE3My03OTlhODc2NDgxMmTYAgXgAgE&ucfs=1&arphpl=1&group_adults=2&req_adults=2&no_rooms=1&group_children=0&req_children=0&hpos=24&hapos=24&sr_order=popularity&srpvid=dd98345d737c0fcc&srepoch=1747812412&from=searchresults,43.59964198976927,1.4466048404574394,"Situé au cœur de Toulouse, à 20 minutes en voiture de l'aéroport de Toulouse-Blagnac et à 2 km du stade de Toulouse, l'Hôtel Croix Baragnon propose une connexion Wi-Fi gratuite dans l'ensemble de ses...",2.0,8.8
351,30,Toulouse,15.88,0.53,1.88,13.47,Le Grand Balcon Hotel,https://www.booking.com/hotel/fr/le-grand-balcon-toulouse.fr.html?aid=304142&label=gen173nr-1FCAQoggJCD3NlYXJjaF90b3Vsb3VzZUgNWARoTYgBAZgBDbgBCsgBBdgBAegBAfgBA4gCAagCA7gCu4C2wQbAAgHSAiQyMWNhNDdjMS0xN2U3LTQ4NmYtYWE3My03OTlhODc2NDgxMmTYAgXgAgE&ucfs=1&arphpl=1&group_adults=2&req_adults=2&no_rooms=1&group_children=0&req_children=0&hpos=25&hapos=25&sr_order=popularity&srpvid=dd98345d737c0fcc&srepoch=1747812412&from=searchresults,43.60487367143625,1.4424946904182434,"Situé dans le centre de Toulouse, à 4 km du Stadium, Le Grand Balcon Hotel est un établissement 4 étoiles doté d'une décoration des années 1930 et d'une réception ouverte 24h/24. ",4.0,8.8
352,30,Toulouse,15.88,0.53,1.88,13.47,Appart Hotel Odalys City Toulouse Centre Compans Caffarelli,https://www.booking.com/hotel/fr/odalys-city-centre-compans-caffarelli.fr.html?aid=304142&label=gen173nr-1FCAQoggJCD3NlYXJjaF90b3Vsb3VzZUgNWARoTYgBAZgBDbgBCsgBBdgBAegBAfgBA4gCAagCA7gCu4C2wQbAAgHSAiQyMWNhNDdjMS0xN2U3LTQ4NmYtYWE3My03OTlhODc2NDgxMmTYAgXgAgE&ucfs=1&arphpl=1&group_adults=2&req_adults=2&no_rooms=1&group_children=0&req_children=0&hpos=23&hapos=23&sr_order=popularity&srpvid=dd98345d737c0fcc&srepoch=1747812412&from=searchresults,43.6090789,1.4274835000000001,"Proposant un jardin, un salon commun et une terrasse, l’établissement Appart Hotel Odalys City Toulouse Centre Compans Caffarelli se trouve dans le centre de Toulouse, non loin de ces lieux d’intérêt...",3.0,8.8
353,30,Toulouse,15.88,0.53,1.88,13.47,Appartement centre ville et Parking,https://www.booking.com/hotel/fr/appartement-centre-ville-et-parking.fr.html?aid=304142&label=gen173nr-1FCAQoggJCD3NlYXJjaF90b3Vsb3VzZUgNWARoTYgBAZgBDbgBCsgBBdgBAegBAfgBA4gCAagCA7gCu4C2wQbAAgHSAiQyMWNhNDdjMS0xN2U3LTQ4NmYtYWE3My03OTlhODc2NDgxMmTYAgXgAgE&ucfs=1&arphpl=1&group_adults=2&req_adults=2&no_rooms=1&group_children=0&req_children=0&hpos=22&hapos=22&sr_order=popularity&srpvid=dd98345d737c0fcc&srepoch=1747812412&from=searchresults,43.6120893,1.4297739,Hébergement géré par un particulier,,7.5
354,30,Toulouse,15.88,0.53,1.88,13.47,Cœur Capitole 122m2- Clim - Parking - Ascenseur- Métro,https://www.booking.com/hotel/fr/coeur-capitole-clim-parking-ascenseur.fr.html?aid=304142&label=gen173nr-1FCAQoggJCD3NlYXJjaF90b3Vsb3VzZUgNWARoTYgBAZgBDbgBCsgBBdgBAegBAfgBA4gCAagCA7gCu4C2wQbAAgHSAiQyMWNhNDdjMS0xN2U3LTQ4NmYtYWE3My03OTlhODc2NDgxMmTYAgXgAgE&ucfs=1&arphpl=1&group_adults=2&req_adults=2&no_rooms=1&group_children=0&req_children=0&hpos=21&hapos=21&sr_order=popularity&srpvid=dd98345d737c0fcc&srepoch=1747812412&from=searchresults,43.6051128,1.4458096999999999,Hébergement géré par un particulier,,9.6
355,30,Toulouse,15.88,0.53,1.88,13.47,Appartement de prestige – rue des Arts,https://www.booking.com/hotel/fr/appartement-de-prestige-rue-des-arts-toulouse.fr.html?aid=304142&label=gen173nr-1FCAQoggJCD3NlYXJjaF90b3Vsb3VzZUgNWARoTYgBAZgBDbgBCsgBBdgBAegBAfgBA4gCAagCA7gCu4C2wQbAAgHSAiQyMWNhNDdjMS0xN2U3LTQ4NmYtYWE3My03OTlhODc2NDgxMmTYAgXgAgE&ucfs=1&arphpl=1&group_adults=2&req_adults=2&no_rooms=1&group_children=0&req_children=0&hpos=20&hapos=20&sr_order=popularity&srpvid=dd98345d737c0fcc&srepoch=1747812412&from=searchresults,43.5999961,1.4472635999999999,Hébergement géré par un particulier,,9.6
356,30,Toulouse,15.88,0.53,1.88,13.47,L'Elegant Paradoux - 3 sdb - 2 wc - Ascenseur - Parking - Plein Centre,https://www.booking.com/hotel/fr/elegant-paradoux-centre-historique-esquirol.fr.html?aid=304142&label=gen173nr-1FCAQoggJCD3NlYXJjaF90b3Vsb3VzZUgNWARoTYgBAZgBDbgBCsgBBdgBAegBAfgBA4gCAagCA7gCu4C2wQbAAgHSAiQyMWNhNDdjMS0xN2U3LTQ4NmYtYWE3My03OTlhODc2NDgxMmTYAgXgAgE&ucfs=1&arphpl=1&group_adults=2&req_adults=2&no_rooms=1&group_children=0&req_children=0&hpos=19&hapos=19&sr_order=popularity&srpvid=dd98345d737c0fcc&srepoch=1747812412&from=searchresults,43.599982861861,1.442489363195,Hébergement géré par un particulier,,8.4
357,30,Toulouse,15.88,0.53,1.88,13.47,Hôtel des Beaux-Arts Toulouse,https://www.booking.com/hotel/fr/des-beaux-arts.fr.html?aid=304142&label=gen173nr-1FCAQoggJCD3NlYXJjaF90b3Vsb3VzZUgNWARoTYgBAZgBDbgBCsgBBdgBAegBAfgBA4gCAagCA7gCu4C2wQbAAgHSAiQyMWNhNDdjMS0xN2U3LTQ4NmYtYWE3My03OTlhODc2NDgxMmTYAgXgAgE&ucfs=1&arphpl=1&group_adults=2&req_adults=2&no_rooms=1&group_children=0&req_children=0&hpos=18&hapos=18&sr_order=popularity&srpvid=dd98345d737c0fcc&srepoch=1747812412&from=searchresults,43.59974549873166,1.4406707882881165,"Situé dans le centre historique de Toulouse, l'Hôtel des Beaux Arts vous accueille à seulement 5 minutes à pied du Capitole et à 3 km du Stadium de Toulouse. ",,8.2
358,30,Toulouse,15.88,0.53,1.88,13.47,Hotel Mercure Toulouse Centre Compans,https://www.booking.com/hotel/fr/toulouse-atria-compans-caffarelli.fr.html?aid=304142&label=gen173nr-1FCAQoggJCD3NlYXJjaF90b3Vsb3VzZUgNWARoTYgBAZgBDbgBCsgBBdgBAegBAfgBA4gCAagCA7gCu4C2wQbAAgHSAiQyMWNhNDdjMS0xN2U3LTQ4NmYtYWE3My03OTlhODc2NDgxMmTYAgXgAgE&ucfs=1&arphpl=1&group_adults=2&req_adults=2&no_rooms=1&group_children=0&req_children=0&hpos=17&hapos=17&sr_order=popularity&srpvid=dd98345d737c0fcc&srepoch=1747812412&from_sustainable_property_sr=1&from=searchresults,43.61064762313755,1.4349442720413208,"L'Hotel Mercure Toulouse Compans Caffarelli est situé dans le centre de Toulouse, à 10 minutes à pied de la place du Capitole et à seulement 200 mètres de la station de métro Compans Caffarelli. ",4.0,8.5
359,30,Toulouse,15.88,0.53,1.88,13.47,Nemea Appart Hotel Concorde Toulouse Gare Matabiau,https://www.booking.com/hotel/fr/residence-concorde.fr.html?aid=304142&label=gen173nr-1FCAQoggJCD3NlYXJjaF90b3Vsb3VzZUgNWARoTYgBAZgBDbgBCsgBBdgBAegBAfgBA4gCAagCA7gCu4C2wQbAAgHSAiQyMWNhNDdjMS0xN2U3LTQ4NmYtYWE3My03OTlhODc2NDgxMmTYAgXgAgE&ucfs=1&arphpl=1&group_adults=2&req_adults=2&no_rooms=1&group_children=0&req_children=0&hpos=16&hapos=16&sr_order=popularity&srpvid=dd98345d737c0fcc&srepoch=1747812412&from=searchresults,43.61194052005384,1.4518066495656967,"Le Néméa Appart’Hôtel Résidence Concorde est situé dans le centre de Toulouse, à proximité du canal du Midi et en face de la gare ferroviaire de Toulouse-Matabiau. ",4.0,8.2
360,30,Toulouse,15.88,0.53,1.88,13.47,Boutique Hotel Villa du Taur,https://www.booking.com/hotel/fr/hotel-junior.fr.html?aid=304142&label=gen173nr-1FCAQoggJCD3NlYXJjaF90b3Vsb3VzZUgNWARoTYgBAZgBDbgBCsgBBdgBAegBAfgBA4gCAagCA7gCu4C2wQbAAgHSAiQyMWNhNDdjMS0xN2U3LTQ4NmYtYWE3My03OTlhODc2NDgxMmTYAgXgAgE&ucfs=1&arphpl=1&group_adults=2&req_adults=2&no_rooms=1&group_children=0&req_children=0&hpos=15&hapos=15&sr_order=popularity&srpvid=dd98345d737c0fcc&srepoch=1747812412&from=searchresults,43.607658754671235,1.4420481026172638,"Le Boutique Hotel Villa du Taur est situé dans le centre de Toulouse, à proximité de la place du Capitole et de la basilique Saint-Sernin. Il propose des hébergements avec une connexion Wi-Fi...",4.0,8.4
361,30,Toulouse,15.88,0.53,1.88,13.47,Toulouse - Alsace Lorraine - Languedoc-Place du Salin-Muséum Histoire naturelle- Jardin des plantes-Musée Augustins- Palais de Justice station métro Carmes ligne B,https://www.booking.com/hotel/fr/t4-du-languedoc.fr.html?aid=304142&label=gen173nr-1FCAQoggJCD3NlYXJjaF90b3Vsb3VzZUgNWARoTYgBAZgBDbgBCsgBBdgBAegBAfgBA4gCAagCA7gCu4C2wQbAAgHSAiQyMWNhNDdjMS0xN2U3LTQ4NmYtYWE3My03OTlhODc2NDgxMmTYAgXgAgE&ucfs=1&arphpl=1&group_adults=2&req_adults=2&no_rooms=1&group_children=0&req_children=0&hpos=14&hapos=14&sr_order=popularity&srpvid=dd98345d737c0fcc&srepoch=1747812412&from=searchresults,43.595973,1.445822,"Situé en plein cœur de Toulouse, l’hébergement Toulouse - Alsace Lorraine - Languedoc-Place du Salin-Muséum Histoire naturelle- Jardin des plantes-Musée Augustins- Palais de Justice station métro...",,8.0
362,30,Toulouse,15.88,0.53,1.88,13.47,Quality Hotel Toulouse Centre,https://www.booking.com/hotel/fr/albiontoulouse.fr.html?aid=304142&label=gen173nr-1FCAQoggJCD3NlYXJjaF90b3Vsb3VzZUgNWARoTYgBAZgBDbgBCsgBBdgBAegBAfgBA4gCAagCA7gCu4C2wQbAAgHSAiQyMWNhNDdjMS0xN2U3LTQ4NmYtYWE3My03OTlhODc2NDgxMmTYAgXgAgE&ucfs=1&arphpl=1&group_adults=2&req_adults=2&no_rooms=1&group_children=0&req_children=0&hpos=12&hapos=12&sr_order=popularity&srpvid=dd98345d737c0fcc&srepoch=1747812412&from=searchresults,43.606948,1.451881,L’établissement Quality Hotel Toulouse Centre bénéficie d’un emplacement stratégique à Toulouse. ,3.0,8.4
363,30,Toulouse,15.88,0.53,1.88,13.47,Citadines Wilson Toulouse,https://www.booking.com/hotel/fr/citadines-aparthotel-toulouse-wilson.fr.html?aid=304142&label=gen173nr-1FCAQoggJCD3NlYXJjaF90b3Vsb3VzZUgNWARoTYgBAZgBDbgBCsgBBdgBAegBAfgBA4gCAagCA7gCu4C2wQbAAgHSAiQyMWNhNDdjMS0xN2U3LTQ4NmYtYWE3My03OTlhODc2NDgxMmTYAgXgAgE&ucfs=1&arphpl=1&group_adults=2&req_adults=2&no_rooms=1&group_children=0&req_children=0&hpos=11&hapos=11&sr_order=popularity&srpvid=dd98345d737c0fcc&srepoch=1747812412&from=searchresults,43.606533763595266,1.4481253176927567,"L'appart'hôtel Citadines Wilson Toulouse est situé dans le centre de Toulouse, à seulement 5 minutes à pied de la place du Capitole. ",3.0,8.0
364,30,Toulouse,15.88,0.53,1.88,13.47,The Social Hub Toulouse,https://www.booking.com/hotel/fr/the-social-hub-toulouse.fr.html?aid=304142&label=gen173nr-1FCAQoggJCD3NlYXJjaF90b3Vsb3VzZUgNWARoTYgBAZgBDbgBCsgBBdgBAegBAfgBA4gCAagCA7gCu4C2wQbAAgHSAiQyMWNhNDdjMS0xN2U3LTQ4NmYtYWE3My03OTlhODc2NDgxMmTYAgXgAgE&ucfs=1&arphpl=1&group_adults=2&req_adults=2&no_rooms=1&group_children=0&req_children=0&hpos=10&hapos=10&sr_order=popularity&srpvid=dd98345d737c0fcc&srepoch=1747812412&from=searchresults,43.610053,1.43037,"Situé à Toulouse, l’établissement The Social Hub Toulouse possède une piscine extérieure ouverte en saison, une salle de sport, un salon commun et une terrasse. ",4.0,8.7
365,30,Toulouse,15.88,0.53,1.88,13.47,L'INOX,https://www.booking.com/hotel/fr/couteliers.fr.html?aid=304142&label=gen173nr-1FCAQoggJCD3NlYXJjaF90b3Vsb3VzZUgNWARoTYgBAZgBDbgBCsgBBdgBAegBAfgBA4gCAagCA7gCu4C2wQbAAgHSAiQyMWNhNDdjMS0xN2U3LTQ4NmYtYWE3My03OTlhODc2NDgxMmTYAgXgAgE&ucfs=1&arphpl=1&group_adults=2&req_adults=2&no_rooms=1&group_children=0&req_children=0&hpos=13&hapos=13&sr_order=popularity&srpvid=dd98345d737c0fcc&srepoch=1747812412&from=searchresults,43.5984956,1.4413915,"Situé à 400 mètres du centre de Toulouse, l’établissement L'INOX comprend des hébergements avec une connexion Wi-Fi gratuite ainsi qu'une cuisine pourvue d’un réfrigérateur, d’un lave-vaisselle et...",,8.2
366,30,Toulouse,15.88,0.53,1.88,13.47,Hotel Les Capitouls Toulouse Centre - Handwritten Collection,https://www.booking.com/hotel/fr/hotellescapitoulstoulousecentre.fr.html?aid=304142&label=gen173nr-1FCAQoggJCD3NlYXJjaF90b3Vsb3VzZUgNWARoTYgBAZgBDbgBCsgBBdgBAegBAfgBA4gCAagCA7gCu4C2wQbAAgHSAiQyMWNhNDdjMS0xN2U3LTQ4NmYtYWE3My03OTlhODc2NDgxMmTYAgXgAgE&ucfs=1&arphpl=1&group_adults=2&req_adults=2&no_rooms=1&group_children=0&req_children=0&hpos=9&hapos=9&sr_order=popularity&srpvid=dd98345d737c0fcc&srepoch=1747812412&from_sustainable_property_sr=1&from=searchresults,43.60692850822045,1.4499284327030182,"Ancien hôtel particulier, l’Hôtel Les Capitouls Toulouse Centre - Handwritten Collection vous ouvre ses portes. ",4.0,8.7
367,30,Toulouse,15.88,0.53,1.88,13.47,OVYO Hôtel,https://www.booking.com/hotel/fr/ovyo.fr.html?aid=304142&label=gen173nr-1FCAQoggJCD3NlYXJjaF90b3Vsb3VzZUgNWARoTYgBAZgBDbgBCsgBBdgBAegBAfgBA4gCAagCA7gCu4C2wQbAAgHSAiQyMWNhNDdjMS0xN2U3LTQ4NmYtYWE3My03OTlhODc2NDgxMmTYAgXgAgE&ucfs=1&arphpl=1&group_adults=2&req_adults=2&no_rooms=1&group_children=0&req_children=0&hpos=7&hapos=7&sr_order=popularity&srpvid=dd98345d737c0fcc&srepoch=1747812412&from=searchresults,43.599365284802,1.441050142328,L’établissement OVYO Hôtel est idéalement placé dans le centre de Toulouse. ,4.0,8.5
368,30,Toulouse,15.88,0.53,1.88,13.47,Ibis Styles Toulouse Capitole,https://www.booking.com/hotel/fr/du-taur.fr.html?aid=304142&label=gen173nr-1FCAQoggJCD3NlYXJjaF90b3Vsb3VzZUgNWARoTYgBAZgBDbgBCsgBBdgBAegBAfgBA4gCAagCA7gCu4C2wQbAAgHSAiQyMWNhNDdjMS0xN2U3LTQ4NmYtYWE3My03OTlhODc2NDgxMmTYAgXgAgE&ucfs=1&arphpl=1&group_adults=2&req_adults=2&no_rooms=1&group_children=0&req_children=0&hpos=8&hapos=8&sr_order=popularity&srpvid=dd98345d737c0fcc&srepoch=1747812412&from=searchresults,43.60490588615922,1.4431337267160416,"L'Ibis Styles Toulouse Capitole est situé dans le centre historique de Toulouse, sur la place du Capitole. Les chambres ont été rénovées en 2017. ",3.0,8.8
369,30,Toulouse,15.88,0.53,1.88,13.47,Aparthotel Adagio Original Toulouse Centre La Grave,https://www.booking.com/hotel/fr/aparthotel-adagio-original-toulouse-centre-la-grave.fr.html?aid=304142&label=gen173nr-1FCAQoggJCD3NlYXJjaF90b3Vsb3VzZUgNWARoTYgBAZgBDbgBCsgBBdgBAegBAfgBA4gCAagCA7gCu4C2wQbAAgHSAiQyMWNhNDdjMS0xN2U3LTQ4NmYtYWE3My03OTlhODc2NDgxMmTYAgXgAgE&ucfs=1&arphpl=1&group_adults=2&req_adults=2&no_rooms=1&group_children=0&req_children=0&hpos=6&hapos=6&sr_order=popularity&srpvid=dd98345d737c0fcc&srepoch=1747812412&from=searchresults,43.599713382634,1.432899819049,"L’établissement Aparthotel Adagio Original Toulouse Centre La Grave se situe à Toulouse, à respectivement 2,2 km et 2,9 km de ces lieux d’intérêt : Zénith de Toulouse et Stadium de Toulouse. ",4.0,9.2
370,30,Toulouse,15.88,0.53,1.88,13.47,Hôtel Ours Blanc - Wilson,https://www.booking.com/hotel/fr/ours-blanc-wilson.fr.html?aid=304142&label=gen173nr-1FCAQoggJCD3NlYXJjaF90b3Vsb3VzZUgNWARoTYgBAZgBDbgBCsgBBdgBAegBAfgBA4gCAagCA7gCu4C2wQbAAgHSAiQyMWNhNDdjMS0xN2U3LTQ4NmYtYWE3My03OTlhODc2NDgxMmTYAgXgAgE&ucfs=1&arphpl=1&group_adults=2&req_adults=2&no_rooms=1&group_children=0&req_children=0&hpos=4&hapos=4&sr_order=popularity&srpvid=dd98345d737c0fcc&srepoch=1747812412&from=searchresults,43.60571950358412,1.4473287016153336,"L'Hôtel Ours Blanc - Wilson est situé en plein cœur de Toulouse, juste à côté des places Wilson, Victor Hugo et du Capitole. Le Stadium municipal de Toulouse se trouve à 3,5 km. ",4.0,8.0
371,30,Toulouse,15.88,0.53,1.88,13.47,Savana - apt à 10min du Capitole,https://www.booking.com/hotel/fr/casamance-apt-a-10min-du-capitole.fr.html?aid=304142&label=gen173nr-1FCAQoggJCD3NlYXJjaF90b3Vsb3VzZUgNWARoTYgBAZgBDbgBCsgBBdgBAegBAfgBA4gCAagCA7gCu4C2wQbAAgHSAiQyMWNhNDdjMS0xN2U3LTQ4NmYtYWE3My03OTlhODc2NDgxMmTYAgXgAgE&ucfs=1&arphpl=1&group_adults=2&req_adults=2&no_rooms=1&group_children=0&req_children=0&hpos=5&hapos=5&sr_order=popularity&srpvid=dd98345d737c0fcc&srepoch=1747812412&from=searchresults,43.6025107,1.4500017,"Doté d’une connexion Wi-Fi gratuite, l’hébergement Savana - apt à 10min du Capitole vous accueille dans le centre de Toulouse, à respectivement 3,8 km et 6,7 km de ces lieux d’intérêt : Zénith de...",,8.2
372,30,Toulouse,15.88,0.53,1.88,13.47,Plaza Hotel Capitole Toulouse,https://www.booking.com/hotel/fr/crowne-plaza-toulouse-toulouse.fr.html?aid=304142&label=gen173nr-1FCAQoggJCD3NlYXJjaF90b3Vsb3VzZUgNWARoTYgBAZgBDbgBCsgBBdgBAegBAfgBA4gCAagCA7gCu4C2wQbAAgHSAiQyMWNhNDdjMS0xN2U3LTQ4NmYtYWE3My03OTlhODc2NDgxMmTYAgXgAgE&ucfs=1&arphpl=1&group_adults=2&req_adults=2&no_rooms=1&group_children=0&req_children=0&hpos=1&hapos=1&sr_order=popularity&srpvid=dd98345d737c0fcc&srepoch=1747812412&from=searchresults,43.60373648915114,1.4427535235881805,"Le Plaza Hotel Capitole Toulouse - Anciennement-formerly CROWNE PLAZA) est idéalement situé au cœur de la ville, à 200 mètres de la station de métro Capitole, à 10 km de l'aéroport de Blagnac ainsi...",4.0,8.2
373,30,Toulouse,15.88,0.53,1.88,13.47,Mercure Toulouse Centre Saint-Georges,https://www.booking.com/hotel/fr/mercure-toulouse-saint-georges.fr.html?aid=304142&label=gen173nr-1FCAQoggJCD3NlYXJjaF90b3Vsb3VzZUgNWARoTYgBAZgBDbgBCsgBBdgBAegBAfgBA4gCAagCA7gCu4C2wQbAAgHSAiQyMWNhNDdjMS0xN2U3LTQ4NmYtYWE3My03OTlhODc2NDgxMmTYAgXgAgE&ucfs=1&arphpl=1&group_adults=2&req_adults=2&no_rooms=1&group_children=0&req_children=0&hpos=3&hapos=3&sr_order=popularity&srpvid=dd98345d737c0fcc&srepoch=1747812412&from_sustainable_property_sr=1&from=searchresults,43.60332861323894,1.448235958814621,"Le Mercure Toulouse Centre Saint-Georges se trouve dans le centre historique de Toulouse, à seulement 50 mètres de la place Wilson et à 3,5 km du Stadium de Toulouse. ",4.0,8.1
374,30,Toulouse,15.88,0.53,1.88,13.47,Mama Shelter Toulouse,https://www.booking.com/hotel/fr/mama-shelter-toulouse.fr.html?aid=304142&label=gen173nr-1FCAQoggJCD3NlYXJjaF90b3Vsb3VzZUgNWARoTYgBAZgBDbgBCsgBBdgBAegBAfgBA4gCAagCA7gCu4C2wQbAAgHSAiQyMWNhNDdjMS0xN2U3LTQ4NmYtYWE3My03OTlhODc2NDgxMmTYAgXgAgE&ucfs=1&arphpl=1&group_adults=2&req_adults=2&no_rooms=1&group_children=0&req_children=0&hpos=2&hapos=2&sr_order=popularity&srpvid=dd98345d737c0fcc&srepoch=1747812412&from=searchresults,43.605414,1.449934,"Le Mama Shelter Toulouse propose des logements à Toulouse, à 2,2 km du parc des expositons, à 2,8 km du Stadium et à 3,3 km du Zénith. ",4.0,8.5
375,10,Colmar,16.21,2.54,0.98,12.69,LE 17,https://www.booking.com/hotel/fr/le-17-colmar.fr.html?aid=304142&label=gen173nr-1FCAQoggJCDXNlYXJjaF9jb2xtYXJIDVgEaE2IAQGYAQ24AQrIAQXYAQHoAQH4AQOIAgGoAgO4AvD_tcEGwAIB0gIkMjM1OTcxYTItZmZkYS00NWZiLThiY2UtMzI5NWVjOTJmOTU12AIF4AIB&ucfs=1&arphpl=1&group_adults=2&req_adults=2&no_rooms=1&group_children=0&req_children=0&hpos=25&hapos=25&sr_order=popularity&srpvid=e6823438bcbe05c3&srepoch=1747812337&from=searchresults,48.078654,7.355786,Hébergement géré par un particulier,4.0,9.5
376,10,Colmar,16.21,2.54,0.98,12.69,Appartement Magnîolia proche centre Ville,https://www.booking.com/hotel/fr/gite-magniolia-colmar1.fr.html?aid=304142&label=gen173nr-1FCAQoggJCDXNlYXJjaF9jb2xtYXJIDVgEaE2IAQGYAQ24AQrIAQXYAQHoAQH4AQOIAgGoAgO4AvD_tcEGwAIB0gIkMjM1OTcxYTItZmZkYS00NWZiLThiY2UtMzI5NWVjOTJmOTU12AIF4AIB&ucfs=1&arphpl=1&group_adults=2&req_adults=2&no_rooms=1&group_children=0&req_children=0&hpos=22&hapos=22&sr_order=popularity&srpvid=e6823438bcbe05c3&srepoch=1747812337&from=searchresults,48.079894192905,7.366032003704,Hébergement géré par un particulier,,9.4
377,10,Colmar,16.21,2.54,0.98,12.69,Résidence Pierre & Vacances La Petite Venise,https://www.booking.com/hotel/fr/la-petite-venise.fr.html?aid=304142&label=gen173nr-1FCAQoggJCDXNlYXJjaF9jb2xtYXJIDVgEaE2IAQGYAQ24AQrIAQXYAQHoAQH4AQOIAgGoAgO4AvD_tcEGwAIB0gIkMjM1OTcxYTItZmZkYS00NWZiLThiY2UtMzI5NWVjOTJmOTU12AIF4AIB&ucfs=1&arphpl=1&group_adults=2&req_adults=2&no_rooms=1&group_children=0&req_children=0&hpos=24&hapos=24&sr_order=popularity&srpvid=e6823438bcbe05c3&srepoch=1747812337&from_sustainable_property_sr=1&from=searchresults,48.070939860424986,7.3538655640004436,"Située au cœur de Colmar, dans le quartier de la Petite Venise, la résidence Pierre & Vacances La Petite Venise possède une piscine intérieure avec une pataugeoire et un jardin avec une aire de jeux. ",3.0,8.3
378,10,Colmar,16.21,2.54,0.98,12.69,Appart'Heim,https://www.booking.com/hotel/fr/appart-39-heim.fr.html?aid=304142&label=gen173nr-1FCAQoggJCDXNlYXJjaF9jb2xtYXJIDVgEaE2IAQGYAQ24AQrIAQXYAQHoAQH4AQOIAgGoAgO4AvD_tcEGwAIB0gIkMjM1OTcxYTItZmZkYS00NWZiLThiY2UtMzI5NWVjOTJmOTU12AIF4AIB&ucfs=1&arphpl=1&group_adults=2&req_adults=2&no_rooms=1&group_children=0&req_children=0&hpos=23&hapos=23&sr_order=popularity&srpvid=e6823438bcbe05c3&srepoch=1747812337&from=searchresults,48.073339,7.3581052,Hébergement géré par un particulier,3.0,9.4
379,10,Colmar,16.21,2.54,0.98,12.69,Hôtel Le Rapp,https://www.booking.com/hotel/fr/le-rapp.fr.html?aid=304142&label=gen173nr-1FCAQoggJCDXNlYXJjaF9jb2xtYXJIDVgEaE2IAQGYAQ24AQrIAQXYAQHoAQH4AQOIAgGoAgO4AvD_tcEGwAIB0gIkMjM1OTcxYTItZmZkYS00NWZiLThiY2UtMzI5NWVjOTJmOTU12AIF4AIB&ucfs=1&arphpl=1&group_adults=2&req_adults=2&no_rooms=1&group_children=0&req_children=0&hpos=20&hapos=20&sr_order=popularity&srpvid=e6823438bcbe05c3&srepoch=1747812337&from=searchresults,48.07641860074517,7.355968952178955,"L’établissement Le Rapp bénéficie d’un emplacement privilégié, au cœur du vieux Colmar, à 290 mètres du marché de Noël de la place des Dominicains. ",4.0,8.1
380,10,Colmar,16.21,2.54,0.98,12.69,Hôtel Turenne,https://www.booking.com/hotel/fr/turenne-colmar.fr.html?aid=304142&label=gen173nr-1FCAQoggJCDXNlYXJjaF9jb2xtYXJIDVgEaE2IAQGYAQ24AQrIAQXYAQHoAQH4AQOIAgGoAgO4AvD_tcEGwAIB0gIkMjM1OTcxYTItZmZkYS00NWZiLThiY2UtMzI5NWVjOTJmOTU12AIF4AIB&ucfs=1&arphpl=1&group_adults=2&req_adults=2&no_rooms=1&group_children=0&req_children=0&hpos=21&hapos=21&sr_order=popularity&srpvid=e6823438bcbe05c3&srepoch=1747812337&from_sustainable_property_sr=1&from=searchresults,48.07192026320514,7.360539436340332,"L’Hôtel Turenne est situé à l’entrée du vieux quartier de Colmar, à 750 mètres de l’église Saint-Martin. Il propose des chambres climatisées avec une connexion Wi-Fi gratuite. ",3.0,8.5
381,10,Colmar,16.21,2.54,0.98,12.69,Ibis Styles Colmar Centre,https://www.booking.com/hotel/fr/all-seasons.fr.html?aid=304142&label=gen173nr-1FCAQoggJCDXNlYXJjaF9jb2xtYXJIDVgEaE2IAQGYAQ24AQrIAQXYAQHoAQH4AQOIAgGoAgO4AvD_tcEGwAIB0gIkMjM1OTcxYTItZmZkYS00NWZiLThiY2UtMzI5NWVjOTJmOTU12AIF4AIB&ucfs=1&arphpl=1&group_adults=2&req_adults=2&no_rooms=1&group_children=0&req_children=0&hpos=18&hapos=18&sr_order=popularity&srpvid=e6823438bcbe05c3&srepoch=1747812337&from=searchresults,48.076817,7.3551989999999705,"The Ibis Styles Colmar Centre hotel is set an 18th-century brewery in the historic centre, just 200 metres from the Gothic St Martin's Church. It has a 24-hour reception. ",3.0,8.5
382,10,Colmar,16.21,2.54,0.98,12.69,Novotel Suites Colmar Centre,https://www.booking.com/hotel/fr/novotel-suites-colmar-centre.fr.html?aid=304142&label=gen173nr-1FCAQoggJCDXNlYXJjaF9jb2xtYXJIDVgEaE2IAQGYAQ24AQrIAQXYAQHoAQH4AQOIAgGoAgO4AvD_tcEGwAIB0gIkMjM1OTcxYTItZmZkYS00NWZiLThiY2UtMzI5NWVjOTJmOTU12AIF4AIB&ucfs=1&arphpl=1&group_adults=2&req_adults=2&no_rooms=1&group_children=0&req_children=0&hpos=19&hapos=19&sr_order=popularity&srpvid=e6823438bcbe05c3&srepoch=1747812337&from=searchresults,48.07161741558895,7.3599910552253505,"L’établissement Novotel Suites Colmar Centre vous accueille à Colmar, à 1,1 km de ce lieu d’intérêt : Gare de Colmar. Il comprend un salon commun, une terrasse, un bar et un parking privé. ",4.0,9.0
383,10,Colmar,16.21,2.54,0.98,12.69,Relais & Châteaux La Maison Des Têtes,https://www.booking.com/hotel/fr/la-maison-des-tetes.fr.html?aid=304142&label=gen173nr-1FCAQoggJCDXNlYXJjaF9jb2xtYXJIDVgEaE2IAQGYAQ24AQrIAQXYAQHoAQH4AQOIAgGoAgO4AvD_tcEGwAIB0gIkMjM1OTcxYTItZmZkYS00NWZiLThiY2UtMzI5NWVjOTJmOTU12AIF4AIB&ucfs=1&arphpl=1&group_adults=2&req_adults=2&no_rooms=1&group_children=0&req_children=0&hpos=17&hapos=17&sr_order=popularity&srpvid=e6823438bcbe05c3&srepoch=1747812337&from=searchresults,48.07859549360517,7.3555270582437515,L'établissement La Maison Des Têtes se trouve dans la ville alsacienne historique de Colmar. ,5.0,9.2
384,10,Colmar,16.21,2.54,0.98,12.69,ThannT3-Centre Ville-Garage privé,https://www.booking.com/hotel/fr/thannt3-centre-ville-garage-prive.fr.html?aid=304142&label=gen173nr-1FCAQoggJCDXNlYXJjaF9jb2xtYXJIDVgEaE2IAQGYAQ24AQrIAQXYAQHoAQH4AQOIAgGoAgO4AvD_tcEGwAIB0gIkMjM1OTcxYTItZmZkYS00NWZiLThiY2UtMzI5NWVjOTJmOTU12AIF4AIB&ucfs=1&arphpl=1&group_adults=2&req_adults=2&no_rooms=1&group_children=0&req_children=0&hpos=16&hapos=16&sr_order=popularity&srpvid=e6823438bcbe05c3&srepoch=1747812337&from=searchresults,48.0810671,7.3617393,Hébergement géré par un particulier,,9.2
385,10,Colmar,16.21,2.54,0.98,12.69,L'Atelier du Photographe - Free Parking - Hypercentre,https://www.booking.com/hotel/fr/atelier-du-photographe-parking-hypercentre.fr.html?aid=304142&label=gen173nr-1FCAQoggJCDXNlYXJjaF9jb2xtYXJIDVgEaE2IAQGYAQ24AQrIAQXYAQHoAQH4AQOIAgGoAgO4AvD_tcEGwAIB0gIkMjM1OTcxYTItZmZkYS00NWZiLThiY2UtMzI5NWVjOTJmOTU12AIF4AIB&ucfs=1&arphpl=1&group_adults=2&req_adults=2&no_rooms=1&group_children=0&req_children=0&hpos=14&hapos=14&sr_order=popularity&srpvid=e6823438bcbe05c3&srepoch=1747812337&from=searchresults,48.0778772,7.3549317,Hébergement géré par un particulier,,9.7
386,10,Colmar,16.21,2.54,0.98,12.69,Chez Nat&Mat- Colmar gare- Parking gratuit,https://www.booking.com/hotel/fr/chez-nat-amp-mat-colmar-gare-parking-gratuit.fr.html?aid=304142&label=gen173nr-1FCAQoggJCDXNlYXJjaF9jb2xtYXJIDVgEaE2IAQGYAQ24AQrIAQXYAQHoAQH4AQOIAgGoAgO4AvD_tcEGwAIB0gIkMjM1OTcxYTItZmZkYS00NWZiLThiY2UtMzI5NWVjOTJmOTU12AIF4AIB&ucfs=1&arphpl=1&group_adults=2&req_adults=2&no_rooms=1&group_children=0&req_children=0&hpos=15&hapos=15&sr_order=popularity&srpvid=e6823438bcbe05c3&srepoch=1747812337&from=searchresults,48.0740904,7.3459336,Hébergement géré par un particulier,,9.0
387,10,Colmar,16.21,2.54,0.98,12.69,Hotel L'Europe,https://www.booking.com/hotel/fr/l-europe.fr.html?aid=304142&label=gen173nr-1FCAQoggJCDXNlYXJjaF9jb2xtYXJIDVgEaE2IAQGYAQ24AQrIAQXYAQHoAQH4AQOIAgGoAgO4AvD_tcEGwAIB0gIkMjM1OTcxYTItZmZkYS00NWZiLThiY2UtMzI5NWVjOTJmOTU12AIF4AIB&ucfs=1&arphpl=1&group_adults=2&req_adults=2&no_rooms=1&group_children=0&req_children=0&hpos=12&hapos=12&sr_order=popularity&srpvid=e6823438bcbe05c3&srepoch=1747812337&from=searchresults,48.0772062173984,7.403871864080429,L'Hotel L'Europe est un pied-à-terre idéal situé à seulement 3 km de la jolie ville de Colmar et de son quartier de la Petite Venise. ,4.0,8.4
388,10,Colmar,16.21,2.54,0.98,12.69,Le Nid Cosy + 1 Garage,https://www.booking.com/hotel/fr/le-nid-cosy-1-garage.fr.html?aid=304142&label=gen173nr-1FCAQoggJCDXNlYXJjaF9jb2xtYXJIDVgEaE2IAQGYAQ24AQrIAQXYAQHoAQH4AQOIAgGoAgO4AvD_tcEGwAIB0gIkMjM1OTcxYTItZmZkYS00NWZiLThiY2UtMzI5NWVjOTJmOTU12AIF4AIB&ucfs=1&arphpl=1&group_adults=2&req_adults=2&no_rooms=1&group_children=0&req_children=0&hpos=11&hapos=11&sr_order=popularity&srpvid=e6823438bcbe05c3&srepoch=1747812337&from=searchresults,48.0788673,7.3525561,"L’hébergement Le Nid Cosy + 1 Garage se situe dans le centre de Colmar, à respectivement 200 mètres et 1 km de ces lieux d’intérêt : Maison des Têtes et Gare de Colmar. ",,9.1
389,10,Colmar,16.21,2.54,0.98,12.69,Mercure Colmar Centre Unterlinden,https://www.booking.com/hotel/fr/colmar-centre-unterlinden.fr.html?aid=304142&label=gen173nr-1FCAQoggJCDXNlYXJjaF9jb2xtYXJIDVgEaE2IAQGYAQ24AQrIAQXYAQHoAQH4AQOIAgGoAgO4AvD_tcEGwAIB0gIkMjM1OTcxYTItZmZkYS00NWZiLThiY2UtMzI5NWVjOTJmOTU12AIF4AIB&ucfs=1&arphpl=1&group_adults=2&req_adults=2&no_rooms=1&group_children=0&req_children=0&hpos=13&hapos=13&sr_order=popularity&srpvid=e6823438bcbe05c3&srepoch=1747812337&from_sustainable_property_sr=1&from=searchresults,48.081060795303706,7.357177287340164,"Installé à 2 minutes à pied du musée Unterlinden et à 13 minutes de marche de la petite Venise, dans le centre-ville de Colmar, le Mercure Colmar Centre Unterlinden propose des suites et chambres...",4.0,8.2
390,10,Colmar,16.21,2.54,0.98,12.69,"""L'Evasion"" Maison avec jardin, Climatisation, Parkings privés, à 5mn à pied du centre Ville",https://www.booking.com/hotel/fr/evasion-colmar.fr.html?aid=304142&label=gen173nr-1FCAQoggJCDXNlYXJjaF9jb2xtYXJIDVgEaE2IAQGYAQ24AQrIAQXYAQHoAQH4AQOIAgGoAgO4AvD_tcEGwAIB0gIkMjM1OTcxYTItZmZkYS00NWZiLThiY2UtMzI5NWVjOTJmOTU12AIF4AIB&ucfs=1&arphpl=1&group_adults=2&req_adults=2&no_rooms=1&group_children=0&req_children=0&hpos=9&hapos=9&sr_order=popularity&srpvid=e6823438bcbe05c3&srepoch=1747812337&from=searchresults,48.077279,7.3483307,Hébergement géré par un particulier,,9.5
391,10,Colmar,16.21,2.54,0.98,12.69,Appartements centre ville Colmar 4 familles,https://www.booking.com/hotel/fr/appartement-centre-ville-colmar-2-colmar.fr.html?aid=304142&label=gen173nr-1FCAQoggJCDXNlYXJjaF9jb2xtYXJIDVgEaE2IAQGYAQ24AQrIAQXYAQHoAQH4AQOIAgGoAgO4AvD_tcEGwAIB0gIkMjM1OTcxYTItZmZkYS00NWZiLThiY2UtMzI5NWVjOTJmOTU12AIF4AIB&ucfs=1&arphpl=1&group_adults=2&req_adults=2&no_rooms=1&group_children=0&req_children=0&hpos=10&hapos=10&sr_order=popularity&srpvid=e6823438bcbe05c3&srepoch=1747812337&from=searchresults,48.0761344,7.36387949999994,"L’établissement Appartements centre ville Colmar 4 familles se situe dans le centre de Colmar, à respectivement 800 mètres et 400 mètres de ces lieux d’intérêt : Maison des Têtes et Collégiale...",3.0,9.6
392,10,Colmar,16.21,2.54,0.98,12.69,Villa Élyane,https://www.booking.com/hotel/fr/villa-elyane.fr.html?aid=304142&label=gen173nr-1FCAQoggJCDXNlYXJjaF9jb2xtYXJIDVgEaE2IAQGYAQ24AQrIAQXYAQHoAQH4AQOIAgGoAgO4AvD_tcEGwAIB0gIkMjM1OTcxYTItZmZkYS00NWZiLThiY2UtMzI5NWVjOTJmOTU12AIF4AIB&ucfs=1&arphpl=1&group_adults=2&req_adults=2&no_rooms=1&group_children=0&req_children=0&hpos=8&hapos=8&sr_order=popularity&srpvid=e6823438bcbe05c3&srepoch=1747812337&from=searchresults,48.070155768058676,7.34875850379467,"Construite en 1920, la Villa Elyane se trouve dans le centre de Colmar, à seulement 300 mètres de la gare de Colmar. Un service de prêt de vélos et un sauna pour se détendre sont disponibles sur...",,9.4
393,10,Colmar,16.21,2.54,0.98,12.69,Castelnau,https://www.booking.com/hotel/fr/chambres-d-39-hotes-castelnau.fr.html?aid=304142&label=gen173nr-1FCAQoggJCDXNlYXJjaF9jb2xtYXJIDVgEaE2IAQGYAQ24AQrIAQXYAQHoAQH4AQOIAgGoAgO4AvD_tcEGwAIB0gIkMjM1OTcxYTItZmZkYS00NWZiLThiY2UtMzI5NWVjOTJmOTU12AIF4AIB&ucfs=1&arphpl=1&group_adults=2&req_adults=2&no_rooms=1&group_children=0&req_children=0&hpos=7&hapos=7&sr_order=popularity&srpvid=e6823438bcbe05c3&srepoch=1747812337&from=searchresults,48.0704995490832,7.35058363313522,Hébergement géré par un particulier,,9.8
394,10,Colmar,16.21,2.54,0.98,12.69,Le Cathedral View Colmar - Centre Historique - Parking privé gratuit,https://www.booking.com/hotel/fr/le-cathedral-view-au-centre-historique.fr.html?aid=304142&label=gen173nr-1FCAQoggJCDXNlYXJjaF9jb2xtYXJIDVgEaE2IAQGYAQ24AQrIAQXYAQHoAQH4AQOIAgGoAgO4AvD_tcEGwAIB0gIkMjM1OTcxYTItZmZkYS00NWZiLThiY2UtMzI5NWVjOTJmOTU12AIF4AIB&ucfs=1&arphpl=1&group_adults=2&req_adults=2&no_rooms=1&group_children=0&req_children=0&hpos=5&hapos=5&sr_order=popularity&srpvid=e6823438bcbe05c3&srepoch=1747812337&from=searchresults,48.0774918,7.3593952,Hébergement géré par un particulier,,9.7
395,10,Colmar,16.21,2.54,0.98,12.69,Le Grand Lion Colmar Centre Parking Gratuit,https://www.booking.com/hotel/fr/le-grand-lion-colmar-centre-parking-gratuit.fr.html?aid=304142&label=gen173nr-1FCAQoggJCDXNlYXJjaF9jb2xtYXJIDVgEaE2IAQGYAQ24AQrIAQXYAQHoAQH4AQOIAgGoAgO4AvD_tcEGwAIB0gIkMjM1OTcxYTItZmZkYS00NWZiLThiY2UtMzI5NWVjOTJmOTU12AIF4AIB&ucfs=1&arphpl=1&group_adults=2&req_adults=2&no_rooms=1&group_children=0&req_children=0&hpos=6&hapos=6&sr_order=popularity&srpvid=e6823438bcbe05c3&srepoch=1747812337&from=searchresults,48.0757023,7.3566438,Hébergement géré par un particulier,,8.8
396,10,Colmar,16.21,2.54,0.98,12.69,L'esquisse Hotel & Spa Colmar - MGallery,https://www.booking.com/hotel/fr/colmar-champ-de-mars.fr.html?aid=304142&label=gen173nr-1FCAQoggJCDXNlYXJjaF9jb2xtYXJIDVgEaE2IAQGYAQ24AQrIAQXYAQHoAQH4AQOIAgGoAgO4AvD_tcEGwAIB0gIkMjM1OTcxYTItZmZkYS00NWZiLThiY2UtMzI5NWVjOTJmOTU12AIF4AIB&ucfs=1&arphpl=1&group_adults=2&req_adults=2&no_rooms=1&group_children=0&req_children=0&hpos=4&hapos=4&sr_order=popularity&srpvid=e6823438bcbe05c3&srepoch=1747812337&from_sustainable_property_sr=1&from=searchresults,48.07545713654288,7.353532165288925,Vous avez trouvé votre station balnéaire à Colmar : L'Esquisse Hotel & Spa Colmar - Mgallery est un hôtel 5 étoiles situé au cœur du centre historique. ,5.0,9.1
397,10,Colmar,16.21,2.54,0.98,12.69,Colmar Hotel,https://www.booking.com/hotel/fr/colmar.fr.html?aid=304142&label=gen173nr-1FCAQoggJCDXNlYXJjaF9jb2xtYXJIDVgEaE2IAQGYAQ24AQrIAQXYAQHoAQH4AQOIAgGoAgO4AvD_tcEGwAIB0gIkMjM1OTcxYTItZmZkYS00NWZiLThiY2UtMzI5NWVjOTJmOTU12AIF4AIB&ucfs=1&arphpl=1&group_adults=2&req_adults=2&no_rooms=1&group_children=0&req_children=0&hpos=2&hapos=2&sr_order=popularity&srpvid=e6823438bcbe05c3&srepoch=1747812337&from=searchresults,48.070800737248675,7.346389726389361,"Le Colmar Hotel vous accueille à Colmar, à 1 km de la Maison des Têtes et à 1,2 km de la place des Dominicains, où se déroule le marché de Noël. Il possède une réception ouverte 24h/24 et un bar. ",3.0,9.0
398,10,Colmar,16.21,2.54,0.98,12.69,i-love-colmar - Le 8 de Coeur - Garage gratuit,https://www.booking.com/hotel/fr/le-8-de-coeur.fr.html?aid=304142&label=gen173nr-1FCAQoggJCDXNlYXJjaF9jb2xtYXJIDVgEaE2IAQGYAQ24AQrIAQXYAQHoAQH4AQOIAgGoAgO4AvD_tcEGwAIB0gIkMjM1OTcxYTItZmZkYS00NWZiLThiY2UtMzI5NWVjOTJmOTU12AIF4AIB&ucfs=1&arphpl=1&group_adults=2&req_adults=2&no_rooms=1&group_children=0&req_children=0&hpos=3&hapos=3&sr_order=popularity&srpvid=e6823438bcbe05c3&srepoch=1747812337&from=searchresults,48.0774007,7.3610058,Hébergement géré par un particulier,,9.4
399,10,Colmar,16.21,2.54,0.98,12.69,Hotel Le Colombier,https://www.booking.com/hotel/fr/colombiercolmar.fr.html?aid=304142&label=gen173nr-1FCAQoggJCDXNlYXJjaF9jb2xtYXJIDVgEaE2IAQGYAQ24AQrIAQXYAQHoAQH4AQOIAgGoAgO4AvD_tcEGwAIB0gIkMjM1OTcxYTItZmZkYS00NWZiLThiY2UtMzI5NWVjOTJmOTU12AIF4AIB&ucfs=1&arphpl=1&group_adults=2&req_adults=2&no_rooms=1&group_children=0&req_children=0&hpos=1&hapos=1&sr_order=popularity&srpvid=e6823438bcbe05c3&srepoch=1747812337&from_sustainable_property_sr=1&from=searchresults,48.073768034303555,7.358293756842613,"L'hôtel Hotel Le Colombier est situé dans le quartier de la Petite Venise, dans le centre-ville de Colmar. ",4.0,8.8
400,31,Montauban,15.09,0.91,1.58,12.6,Dali Hôtel Montauban,https://www.booking.com/hotel/fr/dali-montauban.fr.html?aid=304142&label=gen173nr-1FCAQoggJCEHNlYXJjaF9tb250YXViYW5IDVgEaE2IAQGYAQ24AQrIAQXYAQHoAQH4AQOIAgGoAgO4AruAtsEGwAIB0gIkZWU2OGQxOTktNDJhYy00NDY5LThmZGItMjI2YWI3OGM4Nzlm2AIF4AIB&ucfs=1&arphpl=1&group_adults=2&req_adults=2&no_rooms=1&group_children=0&req_children=0&hpos=1&hapos=1&sr_order=popularity&srpvid=947b345d4c990e3f&srepoch=1747812412&from=searchresults,44.020995559797,1.349240014017,"Situé à Montauban, l’établissement Dali Hôtel Montauban propose une terrasse, un restaurant, un spa et centre de bien-être et des hébergements. ",4.0,9.0
401,31,Montauban,15.09,0.91,1.58,12.6,Kyriad Direct Montauban Centre,https://www.booking.com/hotel/fr/kyriad-direct-montauban-centre.fr.html?aid=304142&label=gen173nr-1FCAQoggJCEHNlYXJjaF9tb250YXViYW5IDVgEaE2IAQGYAQ24AQrIAQXYAQHoAQH4AQOIAgGoAgO4AruAtsEGwAIB0gIkZWU2OGQxOTktNDJhYy00NDY5LThmZGItMjI2YWI3OGM4Nzlm2AIF4AIB&ucfs=1&arphpl=1&group_adults=2&req_adults=2&no_rooms=1&group_children=0&req_children=0&hpos=24&hapos=24&sr_order=popularity&srpvid=947b345d4c990e3f&srepoch=1747812412&from=searchresults,44.022460075228885,1.3581660389900208,"Situé à Montauban, à 12 minutes en voiture du musée Ingres, l’Hôtel Villenouvelle propose une connexion Wi-Fi gratuite et une réception ouverte 24h/24. ",2.0,7.2
402,31,Montauban,15.09,0.91,1.58,12.6,"Castel Bois Marie, Maison d'hôtes",https://www.booking.com/hotel/fr/castel-bois-marie.fr.html?aid=304142&label=gen173nr-1FCAQoggJCEHNlYXJjaF9tb250YXViYW5IDVgEaE2IAQGYAQ24AQrIAQXYAQHoAQH4AQOIAgGoAgO4AruAtsEGwAIB0gIkZWU2OGQxOTktNDJhYy00NDY5LThmZGItMjI2YWI3OGM4Nzlm2AIF4AIB&ucfs=1&arphpl=1&group_adults=2&req_adults=2&no_rooms=1&group_children=0&req_children=0&hpos=25&hapos=25&sr_order=popularity&srpvid=947b345d4c990e3f&srepoch=1747812412&from=searchresults,43.979174,1.309142,"L’établissement Castel Bois Marie, Maison d'hôtes se situe à Montauban, à 50 km de ce lieu d’intérêt : Amphithéâtre romain de Purpan-Ancely. ",,8.9
403,31,Montauban,15.09,0.91,1.58,12.6,hotelF1 Montauban,https://www.booking.com/hotel/fr/hotelf1-montauban.fr.html?aid=304142&label=gen173nr-1FCAQoggJCEHNlYXJjaF9tb250YXViYW5IDVgEaE2IAQGYAQ24AQrIAQXYAQHoAQH4AQOIAgGoAgO4AruAtsEGwAIB0gIkZWU2OGQxOTktNDJhYy00NDY5LThmZGItMjI2YWI3OGM4Nzlm2AIF4AIB&ucfs=1&arphpl=1&group_adults=2&req_adults=2&no_rooms=1&group_children=0&req_children=0&hpos=23&hapos=23&sr_order=popularity&srpvid=947b345d4c990e3f&srepoch=1747812412&from=searchresults,44.007347,1.3851290000000063,"hotelF1 Le Montauban est situé à Montauban, à 45 km de Toulouse. Les chambres disposent d'une télévision. Toutes les chambres donnent accès à une salle de bains commune. ",,5.9
404,31,Montauban,15.09,0.91,1.58,12.6,Centre Louis Ormières,https://www.booking.com/hotel/fr/centre-louis-ormieres.fr.html?aid=304142&label=gen173nr-1FCAQoggJCEHNlYXJjaF9tb250YXViYW5IDVgEaE2IAQGYAQ24AQrIAQXYAQHoAQH4AQOIAgGoAgO4AruAtsEGwAIB0gIkZWU2OGQxOTktNDJhYy00NDY5LThmZGItMjI2YWI3OGM4Nzlm2AIF4AIB&ucfs=1&arphpl=1&group_adults=2&req_adults=2&no_rooms=1&group_children=0&req_children=0&hpos=22&hapos=22&sr_order=popularity&srpvid=947b345d4c990e3f&srepoch=1747812412&from=searchresults,43.990284,1.338824,"Occupant un ancien couvent à Montauban, à côté du Tarn, le Centre Louis Ormières vous propose un restaurant, un jardin, des salles de réception et une connexion Wi-Fi gratuite dans l’ensemble de ses...",,8.5
405,31,Montauban,15.09,0.91,1.58,12.6,LeBonappart,https://www.booking.com/hotel/fr/lebonappart.fr.html?aid=304142&label=gen173nr-1FCAQoggJCEHNlYXJjaF9tb250YXViYW5IDVgEaE2IAQGYAQ24AQrIAQXYAQHoAQH4AQOIAgGoAgO4AruAtsEGwAIB0gIkZWU2OGQxOTktNDJhYy00NDY5LThmZGItMjI2YWI3OGM4Nzlm2AIF4AIB&ucfs=1&arphpl=1&group_adults=2&req_adults=2&no_rooms=1&group_children=0&req_children=0&hpos=20&hapos=20&sr_order=popularity&srpvid=947b345d4c990e3f&srepoch=1747812412&from=searchresults,44.0163777,1.3551567,Hébergement géré par un particulier,,8.6
406,31,Montauban,15.09,0.91,1.58,12.6,"Manoir de la Gravette, Manoir et table d'Hôtes",https://www.booking.com/hotel/fr/le-manoir-de-la-gravette.fr.html?aid=304142&label=gen173nr-1FCAQoggJCEHNlYXJjaF9tb250YXViYW5IDVgEaE2IAQGYAQ24AQrIAQXYAQHoAQH4AQOIAgGoAgO4AruAtsEGwAIB0gIkZWU2OGQxOTktNDJhYy00NDY5LThmZGItMjI2YWI3OGM4Nzlm2AIF4AIB&ucfs=1&arphpl=1&group_adults=2&req_adults=2&no_rooms=1&group_children=0&req_children=0&hpos=21&hapos=21&sr_order=popularity&srpvid=947b345d4c990e3f&srepoch=1747812412&from=searchresults,44.04904336668601,1.343883523803724,"L’établissement Manoir de la Gravette, Manoir et table d'Hôtes se trouve à Montauban, à 4 km de ce lieu d’intérêt : Golf les Aiguillons. ",,9.4
407,31,Montauban,15.09,0.91,1.58,12.6,Domaine de Belcayre,https://www.booking.com/hotel/fr/domaine-de-belcayre.fr.html?aid=304142&label=gen173nr-1FCAQoggJCEHNlYXJjaF9tb250YXViYW5IDVgEaE2IAQGYAQ24AQrIAQXYAQHoAQH4AQOIAgGoAgO4AruAtsEGwAIB0gIkZWU2OGQxOTktNDJhYy00NDY5LThmZGItMjI2YWI3OGM4Nzlm2AIF4AIB&ucfs=1&arphpl=1&group_adults=2&req_adults=2&no_rooms=1&group_children=0&req_children=0&hpos=19&hapos=19&sr_order=popularity&srpvid=947b345d4c990e3f&srepoch=1747812412&from=searchresults,43.99404174733057,1.3753630220890045,Hébergement géré par un particulier,,9.1
408,31,Montauban,15.09,0.91,1.58,12.6,Studio plein Sud au calme,https://www.booking.com/hotel/fr/studios-plein-sud-au-calme.fr.html?aid=304142&label=gen173nr-1FCAQoggJCEHNlYXJjaF9tb250YXViYW5IDVgEaE2IAQGYAQ24AQrIAQXYAQHoAQH4AQOIAgGoAgO4AruAtsEGwAIB0gIkZWU2OGQxOTktNDJhYy00NDY5LThmZGItMjI2YWI3OGM4Nzlm2AIF4AIB&ucfs=1&arphpl=1&group_adults=2&req_adults=2&no_rooms=1&group_children=0&req_children=0&hpos=16&hapos=16&sr_order=popularity&srpvid=947b345d4c990e3f&srepoch=1747812412&from=searchresults,44.0077748,1.3266783,Hébergement géré par un particulier,,9.2
409,31,Montauban,15.09,0.91,1.58,12.6,"Chez Juliette, proche Place Nationale avec parking",https://www.booking.com/hotel/fr/chez-juliette-close-to-place-nationale-amp-parking.fr.html?aid=304142&label=gen173nr-1FCAQoggJCEHNlYXJjaF9tb250YXViYW5IDVgEaE2IAQGYAQ24AQrIAQXYAQHoAQH4AQOIAgGoAgO4AruAtsEGwAIB0gIkZWU2OGQxOTktNDJhYy00NDY5LThmZGItMjI2YWI3OGM4Nzlm2AIF4AIB&ucfs=1&arphpl=1&group_adults=2&req_adults=2&no_rooms=1&group_children=0&req_children=0&hpos=18&hapos=18&sr_order=popularity&srpvid=947b345d4c990e3f&srepoch=1747812412&from=searchresults,44.0180363,1.3548583,Hébergement géré par un particulier,,9.3
410,31,Montauban,15.09,0.91,1.58,12.6,DORMIR A MONTAUBAN Logements Carreyrat Calme et Verdoyant,https://www.booking.com/hotel/fr/studio-carreyrat-cadre-calme-et-verdoyant.fr.html?aid=304142&label=gen173nr-1FCAQoggJCEHNlYXJjaF9tb250YXViYW5IDVgEaE2IAQGYAQ24AQrIAQXYAQHoAQH4AQOIAgGoAgO4AruAtsEGwAIB0gIkZWU2OGQxOTktNDJhYy00NDY5LThmZGItMjI2YWI3OGM4Nzlm2AIF4AIB&ucfs=1&arphpl=1&group_adults=2&req_adults=2&no_rooms=1&group_children=0&req_children=0&hpos=17&hapos=17&sr_order=popularity&srpvid=947b345d4c990e3f&srepoch=1747812412&from=searchresults,43.9809868628093,1.38958597170131,L’établissement DORMIR A MONTAUBAN Logements Carreyrat Calme et Verdoyant vous accueille à Montauban. ,,8.6
411,31,Montauban,15.09,0.91,1.58,12.6,B&B HOTEL Montauban,https://www.booking.com/hotel/fr/b-amp-b-montauban.fr.html?aid=304142&label=gen173nr-1FCAQoggJCEHNlYXJjaF9tb250YXViYW5IDVgEaE2IAQGYAQ24AQrIAQXYAQHoAQH4AQOIAgGoAgO4AruAtsEGwAIB0gIkZWU2OGQxOTktNDJhYy00NDY5LThmZGItMjI2YWI3OGM4Nzlm2AIF4AIB&ucfs=1&arphpl=1&group_adults=2&req_adults=2&no_rooms=1&group_children=0&req_children=0&hpos=15&hapos=15&sr_order=popularity&srpvid=947b345d4c990e3f&srepoch=1747812412&from_sustainable_property_sr=1&from=searchresults,44.040119650175065,1.3860239000000547,"Le B&B HOTEL Montauban propose des hébergements au nord de Montauban, à respectivement 45 et 50 minutes de route de Cahors et du centre de Toulouse. ",2.0,7.9
412,31,Montauban,15.09,0.91,1.58,12.6,Premiere Classe Montauban,https://www.booking.com/hotel/fr/hotelpremiereclasse.fr.html?aid=304142&label=gen173nr-1FCAQoggJCEHNlYXJjaF9tb250YXViYW5IDVgEaE2IAQGYAQ24AQrIAQXYAQHoAQH4AQOIAgGoAgO4AruAtsEGwAIB0gIkZWU2OGQxOTktNDJhYy00NDY5LThmZGItMjI2YWI3OGM4Nzlm2AIF4AIB&ucfs=1&arphpl=1&group_adults=2&req_adults=2&no_rooms=1&group_children=0&req_children=0&hpos=14&hapos=14&sr_order=popularity&srpvid=947b345d4c990e3f&srepoch=1747812412&from=searchresults,43.98291262323651,1.334015429019928,Le Première Classe Montauban est situé à 10 minutes en voiture du centre de Montauban. L’hôtel dispose d'une réception ouverte 24h/24 et d'une connexion Wi-Fi gratuite. ,1.0,6.1
413,31,Montauban,15.09,0.91,1.58,12.6,Vanille Bourbon,https://www.booking.com/hotel/fr/vanille-bourbon.fr.html?aid=304142&label=gen173nr-1FCAQoggJCEHNlYXJjaF9tb250YXViYW5IDVgEaE2IAQGYAQ24AQrIAQXYAQHoAQH4AQOIAgGoAgO4AruAtsEGwAIB0gIkZWU2OGQxOTktNDJhYy00NDY5LThmZGItMjI2YWI3OGM4Nzlm2AIF4AIB&ucfs=1&arphpl=1&group_adults=2&req_adults=2&no_rooms=1&group_children=0&req_children=0&hpos=10&hapos=10&sr_order=popularity&srpvid=947b345d4c990e3f&srepoch=1747812412&from=searchresults,44.01324,1.344591,Hébergement géré par un particulier,,9.1
414,31,Montauban,15.09,0.91,1.58,12.6,L'authentique,https://www.booking.com/hotel/fr/authentique-montauban1.fr.html?aid=304142&label=gen173nr-1FCAQoggJCEHNlYXJjaF9tb250YXViYW5IDVgEaE2IAQGYAQ24AQrIAQXYAQHoAQH4AQOIAgGoAgO4AruAtsEGwAIB0gIkZWU2OGQxOTktNDJhYy00NDY5LThmZGItMjI2YWI3OGM4Nzlm2AIF4AIB&ucfs=1&arphpl=1&group_adults=2&req_adults=2&no_rooms=1&group_children=0&req_children=0&hpos=13&hapos=13&sr_order=popularity&srpvid=947b345d4c990e3f&srepoch=1747812412&from=searchresults,44.017519950789,1.355708791402,L’hébergement L'authentique se trouve à Montauban. Vous bénéficierez également d’une connexion Wi-Fi gratuite dans tout l'hébergement. ,,9.8
415,31,Montauban,15.09,0.91,1.58,12.6,Brit Hotel Confort Montauban,https://www.booking.com/hotel/fr/deltour-montauban-city.fr.html?aid=304142&label=gen173nr-1FCAQoggJCEHNlYXJjaF9tb250YXViYW5IDVgEaE2IAQGYAQ24AQrIAQXYAQHoAQH4AQOIAgGoAgO4AruAtsEGwAIB0gIkZWU2OGQxOTktNDJhYy00NDY5LThmZGItMjI2YWI3OGM4Nzlm2AIF4AIB&ucfs=1&arphpl=1&group_adults=2&req_adults=2&no_rooms=1&group_children=0&req_children=0&hpos=12&hapos=12&sr_order=popularity&srpvid=947b345d4c990e3f&srepoch=1747812412&from=searchresults,43.980810842951904,1.330394446849823,"L’établissement Brit Hotel Confort Montauban se situe à Montauban, à respectivement 49 km et 48 km de ces lieux d’intérêt : Zénith de Toulouse et Pierre Baudis Japanese Garden. ",3.0,8.3
416,31,Montauban,15.09,0.91,1.58,12.6,ibis Montauban,https://www.booking.com/hotel/fr/ha-tel-ibis-montauban.fr.html?aid=304142&label=gen173nr-1FCAQoggJCEHNlYXJjaF9tb250YXViYW5IDVgEaE2IAQGYAQ24AQrIAQXYAQHoAQH4AQOIAgGoAgO4AruAtsEGwAIB0gIkZWU2OGQxOTktNDJhYy00NDY5LThmZGItMjI2YWI3OGM4Nzlm2AIF4AIB&ucfs=1&arphpl=1&group_adults=2&req_adults=2&no_rooms=1&group_children=0&req_children=0&hpos=11&hapos=11&sr_order=popularity&srpvid=947b345d4c990e3f&srepoch=1747812412&from_sustainable_property_sr=1&from=searchresults,44.005367497284546,1.3837341964244843,"Situé à la sortie de l'autoroute A20, à 5 minutes en voiture de Montauban, cet hôtel ibis possède un bar, une piscine extérieure et une salle de réunion. ",3.0,8.4
417,31,Montauban,15.09,0.91,1.58,12.6,Sure Hotel by Best Western Les Portes de Montauban,https://www.booking.com/hotel/fr/sure-by-best-western-les-portes-de-montauban.fr.html?aid=304142&label=gen173nr-1FCAQoggJCEHNlYXJjaF9tb250YXViYW5IDVgEaE2IAQGYAQ24AQrIAQXYAQHoAQH4AQOIAgGoAgO4AruAtsEGwAIB0gIkZWU2OGQxOTktNDJhYy00NDY5LThmZGItMjI2YWI3OGM4Nzlm2AIF4AIB&ucfs=1&arphpl=1&group_adults=2&req_adults=2&no_rooms=1&group_children=0&req_children=0&hpos=9&hapos=9&sr_order=popularity&srpvid=947b345d4c990e3f&srepoch=1747812412&from_sustainable_property_sr=1&from=searchresults,43.9362872066926,1.32209782791136,"L’établissement Sure Hotel by Best Western Les Portes de Montauban se situe à Montauban, à 42 km de ce lieu d’intérêt : Amphithéâtre romain de Purpan-Ancely. ",3.0,8.8
418,31,Montauban,15.09,0.91,1.58,12.6,COSYment parfait,https://www.booking.com/hotel/fr/cosyment-parfait.fr.html?aid=304142&label=gen173nr-1FCAQoggJCEHNlYXJjaF9tb250YXViYW5IDVgEaE2IAQGYAQ24AQrIAQXYAQHoAQH4AQOIAgGoAgO4AruAtsEGwAIB0gIkZWU2OGQxOTktNDJhYy00NDY5LThmZGItMjI2YWI3OGM4Nzlm2AIF4AIB&ucfs=1&arphpl=1&group_adults=2&req_adults=2&no_rooms=1&group_children=0&req_children=0&hpos=7&hapos=7&sr_order=popularity&srpvid=947b345d4c990e3f&srepoch=1747812412&from=searchresults,44.017919458393,1.351804714715,Hébergement géré par un particulier,,8.2
419,31,Montauban,15.09,0.91,1.58,12.6,Kyriad Montauban Sud - Albasud,https://www.booking.com/hotel/fr/hoteletrestaurantcampanilemontauban.fr.html?aid=304142&label=gen173nr-1FCAQoggJCEHNlYXJjaF9tb250YXViYW5IDVgEaE2IAQGYAQ24AQrIAQXYAQHoAQH4AQOIAgGoAgO4AruAtsEGwAIB0gIkZWU2OGQxOTktNDJhYy00NDY5LThmZGItMjI2YWI3OGM4Nzlm2AIF4AIB&ucfs=1&arphpl=1&group_adults=2&req_adults=2&no_rooms=1&group_children=0&req_children=0&hpos=8&hapos=8&sr_order=popularity&srpvid=947b345d4c990e3f&srepoch=1747812412&from=searchresults,43.98204026800024,1.3326984643936157,"Situé à proximité de l'autoroute A20, le Kyriad Montauban Sud - Albasud se trouve à seulement 8 km du centre-ville et de la gare de Montauban. ",3.0,7.3
420,31,Montauban,15.09,0.91,1.58,12.6,ibis budget Montauban Les Chaumes,https://www.booking.com/hotel/fr/ibis-budget-montauban-les-chaumes.fr.html?aid=304142&label=gen173nr-1FCAQoggJCEHNlYXJjaF9tb250YXViYW5IDVgEaE2IAQGYAQ24AQrIAQXYAQHoAQH4AQOIAgGoAgO4AruAtsEGwAIB0gIkZWU2OGQxOTktNDJhYy00NDY5LThmZGItMjI2YWI3OGM4Nzlm2AIF4AIB&ucfs=1&arphpl=1&group_adults=2&req_adults=2&no_rooms=1&group_children=0&req_children=0&hpos=6&hapos=6&sr_order=popularity&srpvid=947b345d4c990e3f&srepoch=1747812412&from=searchresults,44.00649223653908,1.3864317836123519,L'ibis budget Montauban Les Chaumes vous accueille à 4 km du centre de Montauban et à 270 mètres de l'autoroute A20. ,2.0,7.6
421,31,Montauban,15.09,0.91,1.58,12.6,"Petit coin de paradis, calme et confort garantie ! Chambre indépendante dans une dépendance !",https://www.booking.com/hotel/fr/un-air-de-campagne-montauban1.fr.html?aid=304142&label=gen173nr-1FCAQoggJCEHNlYXJjaF9tb250YXViYW5IDVgEaE2IAQGYAQ24AQrIAQXYAQHoAQH4AQOIAgGoAgO4AruAtsEGwAIB0gIkZWU2OGQxOTktNDJhYy00NDY5LThmZGItMjI2YWI3OGM4Nzlm2AIF4AIB&ucfs=1&arphpl=1&group_adults=2&req_adults=2&no_rooms=1&group_children=0&req_children=0&hpos=5&hapos=5&sr_order=popularity&srpvid=947b345d4c990e3f&srepoch=1747812412&from=searchresults,43.9728701,1.3423631999999999,Hébergement géré par un particulier,,9.5
422,31,Montauban,15.09,0.91,1.58,12.6,Chez Amélie T3 Lumineux Montauban,https://www.booking.com/hotel/fr/chez-amelie-t3-lumineux-montauban.fr.html?aid=304142&label=gen173nr-1FCAQoggJCEHNlYXJjaF9tb250YXViYW5IDVgEaE2IAQGYAQ24AQrIAQXYAQHoAQH4AQOIAgGoAgO4AruAtsEGwAIB0gIkZWU2OGQxOTktNDJhYy00NDY5LThmZGItMjI2YWI3OGM4Nzlm2AIF4AIB&ucfs=1&arphpl=1&group_adults=2&req_adults=2&no_rooms=1&group_children=0&req_children=0&hpos=4&hapos=4&sr_order=popularity&srpvid=947b345d4c990e3f&srepoch=1747812412&from=searchresults,44.0176919369792,1.34698596338676,Hébergement géré par un particulier,,
423,31,Montauban,15.09,0.91,1.58,12.6,Hôtel du Commerce,https://www.booking.com/hotel/fr/hotel-du-commerce-montauban.fr.html?aid=304142&label=gen173nr-1FCAQoggJCEHNlYXJjaF9tb250YXViYW5IDVgEaE2IAQGYAQ24AQrIAQXYAQHoAQH4AQOIAgGoAgO4AruAtsEGwAIB0gIkZWU2OGQxOTktNDJhYy00NDY5LThmZGItMjI2YWI3OGM4Nzlm2AIF4AIB&ucfs=1&arphpl=1&group_adults=2&req_adults=2&no_rooms=1&group_children=0&req_children=0&hpos=2&hapos=2&sr_order=popularity&srpvid=947b345d4c990e3f&srepoch=1747812412&from=searchresults,44.01542572857878,1.3540729880332947,"Situé dans le centre de Montauban, l'Hôtel du Commerce propose des chambres insonorisées dans un bâtiment rénové du XVIIIe siècle avec ascenseur. ",3.0,8.5
424,31,Montauban,15.09,0.91,1.58,12.6,Abbaye des Capucins Spa & Resort,https://www.booking.com/hotel/fr/abbaye-des-capucins-spa-and-resort.fr.html?aid=304142&label=gen173nr-1FCAQoggJCEHNlYXJjaF9tb250YXViYW5IDVgEaE2IAQGYAQ24AQrIAQXYAQHoAQH4AQOIAgGoAgO4AruAtsEGwAIB0gIkZWU2OGQxOTktNDJhYy00NDY5LThmZGItMjI2YWI3OGM4Nzlm2AIF4AIB&ucfs=1&arphpl=1&group_adults=2&req_adults=2&no_rooms=1&group_children=0&req_children=0&hpos=3&hapos=3&sr_order=popularity&srpvid=947b345d4c990e3f&srepoch=1747812412&from=searchresults,44.020542927203735,1.3495668768882751,"L’Abbaye des Capucins Spa & Resort vous accueille à Montauban, à 30 minutes en voiture de Toulouse. ",4.0,8.6
425,11,Eguisheim,15.91,2.62,0.98,12.31,Eguisheim village préféré des français grand studio,https://www.booking.com/hotel/fr/studio-eguisheim.fr.html?aid=304142&label=gen173nr-1FCAQoggJCEHNlYXJjaF9lZ3Vpc2hlaW1IDVgEaE2IAQGYAQ24AQrIAQXYAQHoAQH4AQOIAgGoAgO4AvD_tcEGwAIB0gIkZDU5MDVkZjktOTc0MS00ZDgwLThmYWQtZDU2MjQ3OTkxMzU12AIF4AIB&ucfs=1&arphpl=1&group_adults=2&req_adults=2&no_rooms=1&group_children=0&req_children=0&hpos=25&hapos=25&sr_order=popularity&srpvid=d2b93438e9720685&srepoch=1747812337&from=searchresults,48.0476831,7.31329149999999,Hébergement géré par un particulier,,9.2
426,11,Eguisheim,15.91,2.62,0.98,12.31,Chez Jade et Ambre,https://www.booking.com/hotel/fr/chez-jade-et-ambre.fr.html?aid=304142&label=gen173nr-1FCAQoggJCEHNlYXJjaF9lZ3Vpc2hlaW1IDVgEaE2IAQGYAQ24AQrIAQXYAQHoAQH4AQOIAgGoAgO4AvD_tcEGwAIB0gIkZDU5MDVkZjktOTc0MS00ZDgwLThmYWQtZDU2MjQ3OTkxMzU12AIF4AIB&ucfs=1&arphpl=1&group_adults=2&req_adults=2&no_rooms=1&group_children=0&req_children=0&hpos=24&hapos=24&sr_order=popularity&srpvid=d2b93438e9720685&srepoch=1747812337&from=searchresults,48.0437697,7.3054,Hébergement géré par un particulier,,8.5
427,11,Eguisheim,15.91,2.62,0.98,12.31,Le gîte de Ninon et Léon.,https://www.booking.com/hotel/fr/le-gite-de-ninon-et-leon.fr.html?aid=304142&label=gen173nr-1FCAQoggJCEHNlYXJjaF9lZ3Vpc2hlaW1IDVgEaE2IAQGYAQ24AQrIAQXYAQHoAQH4AQOIAgGoAgO4AvD_tcEGwAIB0gIkZDU5MDVkZjktOTc0MS00ZDgwLThmYWQtZDU2MjQ3OTkxMzU12AIF4AIB&ucfs=1&arphpl=1&group_adults=2&req_adults=2&no_rooms=1&group_children=0&req_children=0&hpos=22&hapos=22&sr_order=popularity&srpvid=d2b93438e9720685&srepoch=1747812337&from=searchresults,48.049874,7.307301,Hébergement géré par un particulier,,8.7
428,11,Eguisheim,15.91,2.62,0.98,12.31,L'Adresse - Rempart Sud - Eguisheim avec garage privé,https://www.booking.com/hotel/fr/adresse-rempart-sud.fr.html?aid=304142&label=gen173nr-1FCAQoggJCEHNlYXJjaF9lZ3Vpc2hlaW1IDVgEaE2IAQGYAQ24AQrIAQXYAQHoAQH4AQOIAgGoAgO4AvD_tcEGwAIB0gIkZDU5MDVkZjktOTc0MS00ZDgwLThmYWQtZDU2MjQ3OTkxMzU12AIF4AIB&ucfs=1&arphpl=1&group_adults=2&req_adults=2&no_rooms=1&group_children=0&req_children=0&hpos=21&hapos=21&sr_order=popularity&srpvid=d2b93438e9720685&srepoch=1747812337&from=searchresults,48.0417699,7.3063084,Hébergement géré par un particulier,,9.3
429,11,Eguisheim,15.91,2.62,0.98,12.31,Au pied des remparts à Eguisheim,https://www.booking.com/hotel/fr/elsass-design-vintage.fr.html?aid=304142&label=gen173nr-1FCAQoggJCEHNlYXJjaF9lZ3Vpc2hlaW1IDVgEaE2IAQGYAQ24AQrIAQXYAQHoAQH4AQOIAgGoAgO4AvD_tcEGwAIB0gIkZDU5MDVkZjktOTc0MS00ZDgwLThmYWQtZDU2MjQ3OTkxMzU12AIF4AIB&ucfs=1&arphpl=1&group_adults=2&req_adults=2&no_rooms=1&group_children=0&req_children=0&hpos=23&hapos=23&sr_order=popularity&srpvid=d2b93438e9720685&srepoch=1747812337&from=searchresults,48.043006,7.30431620000002,Hébergement géré par un particulier,2.0,9.1
430,11,Eguisheim,15.91,2.62,0.98,12.31,Au nid des remparts à Eguisheim,https://www.booking.com/hotel/fr/au-nid-des-remparts-a-eguisheim.fr.html?aid=304142&label=gen173nr-1FCAQoggJCEHNlYXJjaF9lZ3Vpc2hlaW1IDVgEaE2IAQGYAQ24AQrIAQXYAQHoAQH4AQOIAgGoAgO4AvD_tcEGwAIB0gIkZDU5MDVkZjktOTc0MS00ZDgwLThmYWQtZDU2MjQ3OTkxMzU12AIF4AIB&ucfs=1&arphpl=1&group_adults=2&req_adults=2&no_rooms=1&group_children=0&req_children=0&hpos=20&hapos=20&sr_order=popularity&srpvid=d2b93438e9720685&srepoch=1747812337&from=searchresults,48.0430187,7.3043542,Hébergement géré par un particulier,,9.1
431,11,Eguisheim,15.91,2.62,0.98,12.31,Le Hameau d'Eguisheim - Chambres d'hôtes & Gîtes,https://www.booking.com/hotel/fr/le-hameau-d-eguisheim.fr.html?aid=304142&label=gen173nr-1FCAQoggJCEHNlYXJjaF9lZ3Vpc2hlaW1IDVgEaE2IAQGYAQ24AQrIAQXYAQHoAQH4AQOIAgGoAgO4AvD_tcEGwAIB0gIkZDU5MDVkZjktOTc0MS00ZDgwLThmYWQtZDU2MjQ3OTkxMzU12AIF4AIB&ucfs=1&arphpl=1&group_adults=2&req_adults=2&no_rooms=1&group_children=0&req_children=0&hpos=19&hapos=19&sr_order=popularity&srpvid=d2b93438e9720685&srepoch=1747812337&from=searchresults,48.042528965197135,7.307127267122269,"Occupant une maison à colombages typiquement alsacienne, Le Hameau d'Eguisheim propose des chambres d'hôtes et des hébergements indépendants sur un domaine avec un vignoble. ",,9.0
432,11,Eguisheim,15.91,2.62,0.98,12.31,Chambre Super Broussard,https://www.booking.com/hotel/fr/chambre-super-broussard.fr.html?aid=304142&label=gen173nr-1FCAQoggJCEHNlYXJjaF9lZ3Vpc2hlaW1IDVgEaE2IAQGYAQ24AQrIAQXYAQHoAQH4AQOIAgGoAgO4AvD_tcEGwAIB0gIkZDU5MDVkZjktOTc0MS00ZDgwLThmYWQtZDU2MjQ3OTkxMzU12AIF4AIB&ucfs=1&arphpl=1&group_adults=2&req_adults=2&no_rooms=1&group_children=0&req_children=0&hpos=15&hapos=15&sr_order=popularity&srpvid=d2b93438e9720685&srepoch=1747812337&from=searchresults,48.0424275,7.308131,Hébergement géré par un particulier,,9.5
433,11,Eguisheim,15.91,2.62,0.98,12.31,"James Vignoble Hôtel, Eguisheim",https://www.booking.com/hotel/fr/james-vignoble-eguisheim.fr.html?aid=304142&label=gen173nr-1FCAQoggJCEHNlYXJjaF9lZ3Vpc2hlaW1IDVgEaE2IAQGYAQ24AQrIAQXYAQHoAQH4AQOIAgGoAgO4AvD_tcEGwAIB0gIkZDU5MDVkZjktOTc0MS00ZDgwLThmYWQtZDU2MjQ3OTkxMzU12AIF4AIB&ucfs=1&arphpl=1&group_adults=2&req_adults=2&no_rooms=1&group_children=0&req_children=0&hpos=17&hapos=17&sr_order=popularity&srpvid=d2b93438e9720685&srepoch=1747812337&from=searchresults,48.04496277423659,7.30157844722271,"Le James Vignoble Hôtel, Eguisheim se trouve au cœur des vignobles d'Éguisheim. L’établissement offre une vue spectaculaire sur la Forêt-Noire. ",4.0,8.5
434,11,Eguisheim,15.91,2.62,0.98,12.31,Fleur de Vigne,https://www.booking.com/hotel/fr/fleur-de-vignes-eguisheim.fr.html?aid=304142&label=gen173nr-1FCAQoggJCEHNlYXJjaF9lZ3Vpc2hlaW1IDVgEaE2IAQGYAQ24AQrIAQXYAQHoAQH4AQOIAgGoAgO4AvD_tcEGwAIB0gIkZDU5MDVkZjktOTc0MS00ZDgwLThmYWQtZDU2MjQ3OTkxMzU12AIF4AIB&ucfs=1&arphpl=1&group_adults=2&req_adults=2&no_rooms=1&group_children=0&req_children=0&hpos=18&hapos=18&sr_order=popularity&srpvid=d2b93438e9720685&srepoch=1747812337&from=searchresults,48.0461134,7.3051632,Hébergement géré par un particulier,,9.8
435,11,Eguisheim,15.91,2.62,0.98,12.31,Hôtel L'Auberge Alsacienne,https://www.booking.com/hotel/fr/ha-tel-restaurant-l-auberge-alsacienne.fr.html?aid=304142&label=gen173nr-1FCAQoggJCEHNlYXJjaF9lZ3Vpc2hlaW1IDVgEaE2IAQGYAQ24AQrIAQXYAQHoAQH4AQOIAgGoAgO4AvD_tcEGwAIB0gIkZDU5MDVkZjktOTc0MS00ZDgwLThmYWQtZDU2MjQ3OTkxMzU12AIF4AIB&ucfs=1&arphpl=1&group_adults=2&req_adults=2&no_rooms=1&group_children=0&req_children=0&hpos=16&hapos=16&sr_order=popularity&srpvid=d2b93438e9720685&srepoch=1747812337&from=searchresults,48.042238408346414,7.309167757630348,"Situé dans le village d'Eguisheim, en Alsace, l'Hôtel L'Auberge Alsacienne propose des chambres modernes avec salle de bains privative et un restaurant traditionnel. ",3.0,8.6
436,11,Eguisheim,15.91,2.62,0.98,12.31,Charmant studio avec parking,https://www.booking.com/hotel/fr/charmant-studio-avec-parking-eguisheim.fr.html?aid=304142&label=gen173nr-1FCAQoggJCEHNlYXJjaF9lZ3Vpc2hlaW1IDVgEaE2IAQGYAQ24AQrIAQXYAQHoAQH4AQOIAgGoAgO4AvD_tcEGwAIB0gIkZDU5MDVkZjktOTc0MS00ZDgwLThmYWQtZDU2MjQ3OTkxMzU12AIF4AIB&ucfs=1&arphpl=1&group_adults=2&req_adults=2&no_rooms=1&group_children=0&req_children=0&hpos=14&hapos=14&sr_order=popularity&srpvid=d2b93438e9720685&srepoch=1747812337&from=searchresults,48.04549308855,7.311312139649,Hébergement géré par un particulier,,9.6
437,11,Eguisheim,15.91,2.62,0.98,12.31,Chambre Pin Up Wings,https://www.booking.com/hotel/fr/chambre-pin-up-wings.fr.html?aid=304142&label=gen173nr-1FCAQoggJCEHNlYXJjaF9lZ3Vpc2hlaW1IDVgEaE2IAQGYAQ24AQrIAQXYAQHoAQH4AQOIAgGoAgO4AvD_tcEGwAIB0gIkZDU5MDVkZjktOTc0MS00ZDgwLThmYWQtZDU2MjQ3OTkxMzU12AIF4AIB&ucfs=1&arphpl=1&group_adults=2&req_adults=2&no_rooms=1&group_children=0&req_children=0&hpos=13&hapos=13&sr_order=popularity&srpvid=d2b93438e9720685&srepoch=1747812337&from=searchresults,48.0424275,7.308131,Hébergement géré par un particulier,,9.5
438,11,Eguisheim,15.91,2.62,0.98,12.31,"The Originals Boutique, Hôtel La Ferme du Pape, Eguisheim",https://www.booking.com/hotel/fr/hostellerie-du-pape.fr.html?aid=304142&label=gen173nr-1FCAQoggJCEHNlYXJjaF9lZ3Vpc2hlaW1IDVgEaE2IAQGYAQ24AQrIAQXYAQHoAQH4AQOIAgGoAgO4AvD_tcEGwAIB0gIkZDU5MDVkZjktOTc0MS00ZDgwLThmYWQtZDU2MjQ3OTkxMzU12AIF4AIB&ucfs=1&arphpl=1&group_adults=2&req_adults=2&no_rooms=1&group_children=0&req_children=0&hpos=12&hapos=12&sr_order=popularity&srpvid=d2b93438e9720685&srepoch=1747812337&from=searchresults,48.04228862011209,7.309451401233673,"Le The Originals Boutique, Hôtel La Ferme du Pape, Eguisheim vous accueille à l'entrée d'un charmant village au cœur des vignobles, dans une région gastronomique, à 8 km de Colmar. ",3.0,8.1
439,11,Eguisheim,15.91,2.62,0.98,12.31,Gite à Eguisheim proche de Colmar et Kaysergberg.,https://www.booking.com/hotel/fr/gite-a-eguisheim-proche-de-colmar-et-kaysergberg.fr.html?aid=304142&label=gen173nr-1FCAQoggJCEHNlYXJjaF9lZ3Vpc2hlaW1IDVgEaE2IAQGYAQ24AQrIAQXYAQHoAQH4AQOIAgGoAgO4AvD_tcEGwAIB0gIkZDU5MDVkZjktOTc0MS00ZDgwLThmYWQtZDU2MjQ3OTkxMzU12AIF4AIB&ucfs=1&arphpl=1&group_adults=2&req_adults=2&no_rooms=1&group_children=0&req_children=0&hpos=10&hapos=10&sr_order=popularity&srpvid=d2b93438e9720685&srepoch=1747812337&from=searchresults,48.0420202,7.3041974,Hébergement géré par un particulier,,9.2
440,11,Eguisheim,15.91,2.62,0.98,12.31,Gite St Léon à Eguisheim,https://www.booking.com/hotel/fr/gite-st-leon.fr.html?aid=304142&label=gen173nr-1FCAQoggJCEHNlYXJjaF9lZ3Vpc2hlaW1IDVgEaE2IAQGYAQ24AQrIAQXYAQHoAQH4AQOIAgGoAgO4AvD_tcEGwAIB0gIkZDU5MDVkZjktOTc0MS00ZDgwLThmYWQtZDU2MjQ3OTkxMzU12AIF4AIB&ucfs=1&arphpl=1&group_adults=2&req_adults=2&no_rooms=1&group_children=0&req_children=0&hpos=11&hapos=11&sr_order=popularity&srpvid=d2b93438e9720685&srepoch=1747812337&from=searchresults,48.0428645,7.3061238,"L’hébergement Gite St Léon à Eguisheim vous accueille à Eguisheim, à 5,6 km de ce lieu d’intérêt : Gare de Colmar. Il comprend un restaurant, une connexion Wi-Fi gratuite et un distributeur de...",,9.0
441,11,Eguisheim,15.91,2.62,0.98,12.31,Les Tuileries Eguisheim,https://www.booking.com/hotel/fr/les-tuileries-eguisheim.fr.html?aid=304142&label=gen173nr-1FCAQoggJCEHNlYXJjaF9lZ3Vpc2hlaW1IDVgEaE2IAQGYAQ24AQrIAQXYAQHoAQH4AQOIAgGoAgO4AvD_tcEGwAIB0gIkZDU5MDVkZjktOTc0MS00ZDgwLThmYWQtZDU2MjQ3OTkxMzU12AIF4AIB&ucfs=1&arphpl=1&group_adults=2&req_adults=2&no_rooms=1&group_children=0&req_children=0&hpos=9&hapos=9&sr_order=popularity&srpvid=d2b93438e9720685&srepoch=1747812337&from=searchresults,48.045572253172,7.31132003373,"L’hébergement Les Tuileries Eguisheim se trouve à Eguisheim, à seulement 5,4 km de ce lieu d’intérêt : Gare de Colmar. ",,8.4
442,11,Eguisheim,15.91,2.62,0.98,12.31,L'Adresse Studio Rempart sud - centre historique Eguisheim,https://www.booking.com/hotel/fr/adresse-studio-rempart-sud.fr.html?aid=304142&label=gen173nr-1FCAQoggJCEHNlYXJjaF9lZ3Vpc2hlaW1IDVgEaE2IAQGYAQ24AQrIAQXYAQHoAQH4AQOIAgGoAgO4AvD_tcEGwAIB0gIkZDU5MDVkZjktOTc0MS00ZDgwLThmYWQtZDU2MjQ3OTkxMzU12AIF4AIB&ucfs=1&arphpl=1&group_adults=2&req_adults=2&no_rooms=1&group_children=0&req_children=0&hpos=7&hapos=7&sr_order=popularity&srpvid=d2b93438e9720685&srepoch=1747812337&from=searchresults,48.0417699,7.3063084,Hébergement géré par un particulier,,9.8
443,11,Eguisheim,15.91,2.62,0.98,12.31,Hotel Colmar Vignes Eguisheim,https://www.booking.com/hotel/fr/auberge-des-comtes.fr.html?aid=304142&label=gen173nr-1FCAQoggJCEHNlYXJjaF9lZ3Vpc2hlaW1IDVgEaE2IAQGYAQ24AQrIAQXYAQHoAQH4AQOIAgGoAgO4AvD_tcEGwAIB0gIkZDU5MDVkZjktOTc0MS00ZDgwLThmYWQtZDU2MjQ3OTkxMzU12AIF4AIB&ucfs=1&arphpl=1&group_adults=2&req_adults=2&no_rooms=1&group_children=0&req_children=0&hpos=6&hapos=6&sr_order=popularity&srpvid=d2b93438e9720685&srepoch=1747812337&from=searchresults,48.043271326244984,7.3041218519210815,"Situé à 200 mètres du centre-ville d'Eguishein et à 10 minutes en voiture de Colmar, l'Hotel Colmar Vignes Eguisheim met gratuitement à votre disposition une connexion Wi-Fi ainsi qu'un parking privé....",2.0,8.9
444,11,Eguisheim,15.91,2.62,0.98,12.31,Les chambres du domaine,https://www.booking.com/hotel/fr/les-chambres-du-domaine.fr.html?aid=304142&label=gen173nr-1FCAQoggJCEHNlYXJjaF9lZ3Vpc2hlaW1IDVgEaE2IAQGYAQ24AQrIAQXYAQHoAQH4AQOIAgGoAgO4AvD_tcEGwAIB0gIkZDU5MDVkZjktOTc0MS00ZDgwLThmYWQtZDU2MjQ3OTkxMzU12AIF4AIB&ucfs=1&arphpl=1&group_adults=2&req_adults=2&no_rooms=1&group_children=0&req_children=0&hpos=4&hapos=4&sr_order=popularity&srpvid=d2b93438e9720685&srepoch=1747812337&from=searchresults,48.042963,7.307216,Hébergement géré par un particulier,,9.4
445,11,Eguisheim,15.91,2.62,0.98,12.31,Résidence Pierre & Vacances Le Clos d'Eguisheim,https://www.booking.com/hotel/fr/residence-pierre-et-vacances-le-clos-d-eguisheim.fr.html?aid=304142&label=gen173nr-1FCAQoggJCEHNlYXJjaF9lZ3Vpc2hlaW1IDVgEaE2IAQGYAQ24AQrIAQXYAQHoAQH4AQOIAgGoAgO4AvD_tcEGwAIB0gIkZDU5MDVkZjktOTc0MS00ZDgwLThmYWQtZDU2MjQ3OTkxMzU12AIF4AIB&ucfs=1&arphpl=1&group_adults=2&req_adults=2&no_rooms=1&group_children=0&req_children=0&hpos=8&hapos=8&sr_order=popularity&srpvid=d2b93438e9720685&srepoch=1747812337&from_sustainable_property_sr=1&from=searchresults,48.04502733567647,7.311854660511017,"La Résidence Pierre & Vacances Le Clos d’Eguisheim est située à 700 mètres du centre du village d’Eguisheim en Alsace, le long de la route des vins. ",3.0,8.0
446,11,Eguisheim,15.91,2.62,0.98,12.31,Gîte le Petit Muscat à Eguisheim,https://www.booking.com/hotel/fr/gite-et-jacuzzi.fr.html?aid=304142&label=gen173nr-1FCAQoggJCEHNlYXJjaF9lZ3Vpc2hlaW1IDVgEaE2IAQGYAQ24AQrIAQXYAQHoAQH4AQOIAgGoAgO4AvD_tcEGwAIB0gIkZDU5MDVkZjktOTc0MS00ZDgwLThmYWQtZDU2MjQ3OTkxMzU12AIF4AIB&ucfs=1&arphpl=1&group_adults=2&req_adults=2&no_rooms=1&group_children=0&req_children=0&hpos=5&hapos=5&sr_order=popularity&srpvid=d2b93438e9720685&srepoch=1747812337&from=searchresults,48.041822895723,7.305279444775,Hébergement géré par un particulier,,8.7
447,11,Eguisheim,15.91,2.62,0.98,12.31,L'Atypique d'Eguisheim,https://www.booking.com/hotel/fr/atypique-d-eguisheim.fr.html?aid=304142&label=gen173nr-1FCAQoggJCEHNlYXJjaF9lZ3Vpc2hlaW1IDVgEaE2IAQGYAQ24AQrIAQXYAQHoAQH4AQOIAgGoAgO4AvD_tcEGwAIB0gIkZDU5MDVkZjktOTc0MS00ZDgwLThmYWQtZDU2MjQ3OTkxMzU12AIF4AIB&ucfs=1&arphpl=1&group_adults=2&req_adults=2&no_rooms=1&group_children=0&req_children=0&hpos=3&hapos=3&sr_order=popularity&srpvid=d2b93438e9720685&srepoch=1747812337&from=searchresults,48.0418675,7.3053691,Hébergement géré par un particulier,,8.4
448,11,Eguisheim,15.91,2.62,0.98,12.31,Gite Le Petit Malsbach Eguisheim 3 étoiles,https://www.booking.com/hotel/fr/gite-le-petit-malsbach-eguisheim.fr.html?aid=304142&label=gen173nr-1FCAQoggJCEHNlYXJjaF9lZ3Vpc2hlaW1IDVgEaE2IAQGYAQ24AQrIAQXYAQHoAQH4AQOIAgGoAgO4AvD_tcEGwAIB0gIkZDU5MDVkZjktOTc0MS00ZDgwLThmYWQtZDU2MjQ3OTkxMzU12AIF4AIB&ucfs=1&arphpl=1&group_adults=2&req_adults=2&no_rooms=1&group_children=0&req_children=0&hpos=2&hapos=2&sr_order=popularity&srpvid=d2b93438e9720685&srepoch=1747812337&from=searchresults,48.042240543927,7.312705098669,Hébergement géré par un particulier,,9.2
449,11,Eguisheim,15.91,2.62,0.98,12.31,Hotel SPA Husseren Collections - Proche Colmar - Eguisheim,https://www.booking.com/hotel/fr/husseren-les-chateaux.fr.html?aid=304142&label=gen173nr-1FCAQoggJCEHNlYXJjaF9lZ3Vpc2hlaW1IDVgEaE2IAQGYAQ24AQrIAQXYAQHoAQH4AQOIAgGoAgO4AvD_tcEGwAIB0gIkZDU5MDVkZjktOTc0MS00ZDgwLThmYWQtZDU2MjQ3OTkxMzU12AIF4AIB&ucfs=1&arphpl=1&group_adults=2&req_adults=2&no_rooms=1&group_children=0&req_children=0&hpos=1&hapos=1&sr_order=popularity&srpvid=d2b93438e9720685&srepoch=1747812337&from=searchresults,48.0349876742797,7.27613836526871,"L'hôtel, avec terrasses orientées au sud, est situé entre vignes et forêt, au pied des ruines des trois châteaux au cœur de l'Alsace, sur la route des vins, à 6 km de Colmar, 70 km de Strasbourg. ",4.0,8.9
450,17,Rougon,13.24,0.2,0.98,12.06,La maison d'Eddy et Caro aux Portes du Verdon,https://www.booking.com/hotel/fr/la-maison-d-eddy-et-caro.fr.html?aid=304142&label=gen173nr-1FCAQoggJCDXNlYXJjaF9yb3Vnb25IDVgEaE2IAQGYAQ24AQrIAQXYAQHoAQH4AQOIAgGoAgO4AvH_tcEGwAIB0gIkNzViOWFmYjEtNDhhOC00NmJiLWE1NGMtMGI0MTM3NzMwY2Ji2AIF4AIB&ucfs=1&arphpl=1&group_adults=2&req_adults=2&no_rooms=1&group_children=0&req_children=0&hpos=24&hapos=24&sr_order=popularity&srpvid=ca84343896f8027f&srepoch=1747812338&from=searchresults,43.760941,6.4407059,Hébergement géré par un particulier,,9.5
451,17,Rougon,13.24,0.2,0.98,12.06,Château de Trigance,https://www.booking.com/hotel/fr/chateau-de-trigance.fr.html?aid=304142&label=gen173nr-1FCAQoggJCDXNlYXJjaF9yb3Vnb25IDVgEaE2IAQGYAQ24AQrIAQXYAQHoAQH4AQOIAgGoAgO4AvH_tcEGwAIB0gIkNzViOWFmYjEtNDhhOC00NmJiLWE1NGMtMGI0MTM3NzMwY2Ji2AIF4AIB&ucfs=1&arphpl=1&group_adults=2&req_adults=2&no_rooms=1&group_children=0&req_children=0&hpos=25&hapos=25&sr_order=popularity&srpvid=ca84343896f8027f&srepoch=1747812338&from=searchresults,43.76192795006577,6.444082260131836,Le château de Trigance est situé dans le village de Trigance au cœur des gorges du Verdon. ,3.0,9.4
452,17,Rougon,13.24,0.2,0.98,12.06,"Gaïa, maison d'hôtes Verdon, vue féerique",https://www.booking.com/hotel/fr/gaia-maison-d-39-hotes-verdon-vue-feerique.fr.html?aid=304142&label=gen173nr-1FCAQoggJCDXNlYXJjaF9yb3Vnb25IDVgEaE2IAQGYAQ24AQrIAQXYAQHoAQH4AQOIAgGoAgO4AvH_tcEGwAIB0gIkNzViOWFmYjEtNDhhOC00NmJiLWE1NGMtMGI0MTM3NzMwY2Ji2AIF4AIB&ucfs=1&arphpl=1&group_adults=2&req_adults=2&no_rooms=1&group_children=0&req_children=0&hpos=23&hapos=23&sr_order=popularity&srpvid=ca84343896f8027f&srepoch=1747812338&from=searchresults,43.872244812257776,6.368986859771667,"L’établissement Gaïa, maison d'hôtes Verdon, vue féerique vous accueille à Blieux, à 41 km de ce lieu d’intérêt : Golf du Château de Taulane. ",,9.5
453,17,Rougon,13.24,0.2,0.98,12.06,Auberge du Point Sublime,https://www.booking.com/hotel/fr/auberge-du-point-sublime.fr.html?aid=304142&label=gen173nr-1FCAQoggJCDXNlYXJjaF9yb3Vnb25IDVgEaE2IAQGYAQ24AQrIAQXYAQHoAQH4AQOIAgGoAgO4AvH_tcEGwAIB0gIkNzViOWFmYjEtNDhhOC00NmJiLWE1NGMtMGI0MTM3NzMwY2Ji2AIF4AIB&ucfs=1&arphpl=1&group_adults=2&req_adults=2&no_rooms=1&group_children=0&req_children=0&hpos=22&hapos=22&sr_order=popularity&srpvid=ca84343896f8027f&srepoch=1747812338&from=searchresults,43.794304,6.39857,"L’établissement Auberge du Point Sublime se situe à Rougon, à 36 km de ce lieu d’intérêt : Golf du Château de Taulane. Il possède un jardin, un salon commun, une terrasse et un parking privé gratuit. ",2.0,8.2
454,17,Rougon,13.24,0.2,0.98,12.06,Le long du Verdon,https://www.booking.com/hotel/fr/le-long-du-verdon.fr.html?aid=304142&label=gen173nr-1FCAQoggJCDXNlYXJjaF9yb3Vnb25IDVgEaE2IAQGYAQ24AQrIAQXYAQHoAQH4AQOIAgGoAgO4AvH_tcEGwAIB0gIkNzViOWFmYjEtNDhhOC00NmJiLWE1NGMtMGI0MTM3NzMwY2Ji2AIF4AIB&ucfs=1&arphpl=1&group_adults=2&req_adults=2&no_rooms=1&group_children=0&req_children=0&hpos=21&hapos=21&sr_order=popularity&srpvid=ca84343896f8027f&srepoch=1747812338&from=searchresults,43.844018,6.506425,"L’établissement Le long du Verdon se situe à Castellane, à 19 km de ce lieu d’intérêt : Golf du Château de Taulane. ",,8.5
455,17,Rougon,13.24,0.2,0.98,12.06,Logis Hôtel Le Vieil Amandier,https://www.booking.com/hotel/fr/logis-le-vieil-amandier.fr.html?aid=304142&label=gen173nr-1FCAQoggJCDXNlYXJjaF9yb3Vnb25IDVgEaE2IAQGYAQ24AQrIAQXYAQHoAQH4AQOIAgGoAgO4AvH_tcEGwAIB0gIkNzViOWFmYjEtNDhhOC00NmJiLWE1NGMtMGI0MTM3NzMwY2Ji2AIF4AIB&ucfs=1&arphpl=1&group_adults=2&req_adults=2&no_rooms=1&group_children=0&req_children=0&hpos=20&hapos=20&sr_order=popularity&srpvid=ca84343896f8027f&srepoch=1747812338&from=searchresults,43.760994238910584,6.442030370235443,"Le Logis Hôtel Le Vieil Amandier se situe dans le petit village de Trigance, au cœur du parc naturel régional du Verdon. L'établissement propose un parking gratuit et une piscine extérieure. ",,8.8
456,17,Rougon,13.24,0.2,0.98,12.06,LA CALADE,https://www.booking.com/hotel/fr/la-calade-trigance.fr.html?aid=304142&label=gen173nr-1FCAQoggJCDXNlYXJjaF9yb3Vnb25IDVgEaE2IAQGYAQ24AQrIAQXYAQHoAQH4AQOIAgGoAgO4AvH_tcEGwAIB0gIkNzViOWFmYjEtNDhhOC00NmJiLWE1NGMtMGI0MTM3NzMwY2Ji2AIF4AIB&ucfs=1&arphpl=1&group_adults=2&req_adults=2&no_rooms=1&group_children=0&req_children=0&hpos=18&hapos=18&sr_order=popularity&srpvid=ca84343896f8027f&srepoch=1747812338&from=searchresults,43.7610052,6.4443698,Hébergement géré par un particulier,,9.5
457,17,Rougon,13.24,0.2,0.98,12.06,Camping Notre Dame,https://www.booking.com/hotel/fr/camping-notre-dame.fr.html?aid=304142&label=gen173nr-1FCAQoggJCDXNlYXJjaF9yb3Vnb25IDVgEaE2IAQGYAQ24AQrIAQXYAQHoAQH4AQOIAgGoAgO4AvH_tcEGwAIB0gIkNzViOWFmYjEtNDhhOC00NmJiLWE1NGMtMGI0MTM3NzMwY2Ji2AIF4AIB&ucfs=1&arphpl=1&group_adults=2&req_adults=2&no_rooms=1&group_children=0&req_children=0&hpos=19&hapos=19&sr_order=popularity&srpvid=ca84343896f8027f&srepoch=1747812338&from=searchresults,43.84570690185817,6.50452584028244,Ce terrain de camping à la gestion familiale est situé à seulement 600 mètres du centre de Castellane. Vous pourrez vous détendre sous les tilleuls ou utiliser le barbecue installé dans le jardin. ,3.0,8.9
458,17,Rougon,13.24,0.2,0.98,12.06,Véritable Mas Provençal À La Palud,https://www.booking.com/hotel/fr/veritable-mas-provencal-a-la-palud.fr.html?aid=304142&label=gen173nr-1FCAQoggJCDXNlYXJjaF9yb3Vnb25IDVgEaE2IAQGYAQ24AQrIAQXYAQHoAQH4AQOIAgGoAgO4AvH_tcEGwAIB0gIkNzViOWFmYjEtNDhhOC00NmJiLWE1NGMtMGI0MTM3NzMwY2Ji2AIF4AIB&ucfs=1&arphpl=1&group_adults=2&req_adults=2&no_rooms=1&group_children=0&req_children=0&hpos=17&hapos=17&sr_order=popularity&srpvid=ca84343896f8027f&srepoch=1747812338&from=searchresults,43.7829085,6.3481378,"L’hébergement Véritable Mas Provençal À La Palud vous accueille à La Palud-sur-Verdon, à 44 km de ce lieu d’intérêt : Golf du Château de Taulane. ",,9.0
459,17,Rougon,13.24,0.2,0.98,12.06,"Chambres d'Hôtes the Upstairs room, Cadre magnifique, coeur des Gorges du Verdon",https://www.booking.com/hotel/fr/entre-castellane-et-les-gorges-du-verdon-chambre-haute-a-2-lits.fr.html?aid=304142&label=gen173nr-1FCAQoggJCDXNlYXJjaF9yb3Vnb25IDVgEaE2IAQGYAQ24AQrIAQXYAQHoAQH4AQOIAgGoAgO4AvH_tcEGwAIB0gIkNzViOWFmYjEtNDhhOC00NmJiLWE1NGMtMGI0MTM3NzMwY2Ji2AIF4AIB&ucfs=1&arphpl=1&group_adults=2&req_adults=2&no_rooms=1&group_children=0&req_children=0&hpos=14&hapos=14&sr_order=popularity&srpvid=ca84343896f8027f&srepoch=1747812338&from=searchresults,43.8367791,6.4217236,"Situé à Castellane, l’hébergement Chambres d'Hôtes the Upstairs room, Cadre magnifique, coeur des Gorges du Verdon offre une vue sur la ville. ",,
460,17,Rougon,13.24,0.2,0.98,12.06,Domaine de la Graou,https://www.booking.com/hotel/fr/domaine-de-la-graou.fr.html?aid=304142&label=gen173nr-1FCAQoggJCDXNlYXJjaF9yb3Vnb25IDVgEaE2IAQGYAQ24AQrIAQXYAQHoAQH4AQOIAgGoAgO4AvH_tcEGwAIB0gIkNzViOWFmYjEtNDhhOC00NmJiLWE1NGMtMGI0MTM3NzMwY2Ji2AIF4AIB&ucfs=1&arphpl=1&group_adults=2&req_adults=2&no_rooms=1&group_children=0&req_children=0&hpos=15&hapos=15&sr_order=popularity&srpvid=ca84343896f8027f&srepoch=1747812338&from=searchresults,43.780099850061,6.36640779942,"Situé à La Palud-sur-Verdon, l’hébergement Domaine de la Graou offre une vue sur la montagne. Il possède un jardin, une terrasse, un bar et une connexion Wi-Fi gratuite. ",,
461,17,Rougon,13.24,0.2,0.98,12.06,La Bastide De Queyran,https://www.booking.com/hotel/fr/la-bastide-de-queyran-la-palud-sur-verdon.fr.html?aid=304142&label=gen173nr-1FCAQoggJCDXNlYXJjaF9yb3Vnb25IDVgEaE2IAQGYAQ24AQrIAQXYAQHoAQH4AQOIAgGoAgO4AvH_tcEGwAIB0gIkNzViOWFmYjEtNDhhOC00NmJiLWE1NGMtMGI0MTM3NzMwY2Ji2AIF4AIB&ucfs=1&arphpl=1&group_adults=2&req_adults=2&no_rooms=1&group_children=0&req_children=0&hpos=13&hapos=13&sr_order=popularity&srpvid=ca84343896f8027f&srepoch=1747812338&from=searchresults,43.7829085,6.3481378,"L’hébergement La Bastide De Queyran se trouve à La Palud-sur-Verdon, dans la région Provence-Alpes-Côte d'Azur. Il comprend un jardin. ",,8.5
462,17,Rougon,13.24,0.2,0.98,12.06,Studio between Castellane and Gorges du Verdon,https://www.booking.com/hotel/fr/studio-idealement-situe-pour-explorer-les-gorges-du-verdon.fr.html?aid=304142&label=gen173nr-1FCAQoggJCDXNlYXJjaF9yb3Vnb25IDVgEaE2IAQGYAQ24AQrIAQXYAQHoAQH4AQOIAgGoAgO4AvH_tcEGwAIB0gIkNzViOWFmYjEtNDhhOC00NmJiLWE1NGMtMGI0MTM3NzMwY2Ji2AIF4AIB&ucfs=1&arphpl=1&group_adults=2&req_adults=2&no_rooms=1&group_children=0&req_children=0&hpos=16&hapos=16&sr_order=popularity&srpvid=ca84343896f8027f&srepoch=1747812338&from=searchresults,43.836803185658,6.421775078075,"Offrant une vue sur le jardin, l’hébergement Studio between Castellane and Gorges du Verdon comprend une terrasse et un patio, à environ 30 km de ce lieu d’intérêt : Golf du Château de Taulane. ",,8.5
463,17,Rougon,13.24,0.2,0.98,12.06,Huttopia Gorges du Verdon,https://www.booking.com/hotel/fr/huttopia-gorges-du-verdon.fr.html?aid=304142&label=gen173nr-1FCAQoggJCDXNlYXJjaF9yb3Vnb25IDVgEaE2IAQGYAQ24AQrIAQXYAQHoAQH4AQOIAgGoAgO4AvH_tcEGwAIB0gIkNzViOWFmYjEtNDhhOC00NmJiLWE1NGMtMGI0MTM3NzMwY2Ji2AIF4AIB&ucfs=1&arphpl=1&group_adults=2&req_adults=2&no_rooms=1&group_children=0&req_children=0&hpos=12&hapos=12&sr_order=popularity&srpvid=ca84343896f8027f&srepoch=1747812338&from=searchresults,43.8225167024005,6.43164431996411,"Situé à Castellane, l’établissement Huttopia Gorges du Verdon propose une piscine extérieure et un restaurant. Des serviettes et du linge de lit moyennant des frais supplémentaires. ",4.0,8.5
464,17,Rougon,13.24,0.2,0.98,12.06,Domaine de Cruvelet Petit gite,https://www.booking.com/hotel/fr/domaine-de-cruvelet.fr.html?aid=304142&label=gen173nr-1FCAQoggJCDXNlYXJjaF9yb3Vnb25IDVgEaE2IAQGYAQ24AQrIAQXYAQHoAQH4AQOIAgGoAgO4AvH_tcEGwAIB0gIkNzViOWFmYjEtNDhhOC00NmJiLWE1NGMtMGI0MTM3NzMwY2Ji2AIF4AIB&ucfs=1&arphpl=1&group_adults=2&req_adults=2&no_rooms=1&group_children=0&req_children=0&hpos=9&hapos=9&sr_order=popularity&srpvid=ca84343896f8027f&srepoch=1747812338&from=searchresults,43.76036063977,6.427991803967,Hébergement géré par un particulier,,10.0
465,17,Rougon,13.24,0.2,0.98,12.06,Domaine du Cruvelet Grand gite,https://www.booking.com/hotel/fr/appartement-avec-terrasse-dans-un-domaine-agricole-trigance.fr.html?aid=304142&label=gen173nr-1FCAQoggJCDXNlYXJjaF9yb3Vnb25IDVgEaE2IAQGYAQ24AQrIAQXYAQHoAQH4AQOIAgGoAgO4AvH_tcEGwAIB0gIkNzViOWFmYjEtNDhhOC00NmJiLWE1NGMtMGI0MTM3NzMwY2Ji2AIF4AIB&ucfs=1&arphpl=1&group_adults=2&req_adults=2&no_rooms=1&group_children=0&req_children=0&hpos=10&hapos=10&sr_order=popularity&srpvid=ca84343896f8027f&srepoch=1747812338&from=searchresults,43.7601275,6.428139,Hébergement géré par un particulier,,9.5
466,17,Rougon,13.24,0.2,0.98,12.06,Studio au cœur du Verdon,https://www.booking.com/hotel/fr/studio-au-coeur-du-verdon-la-palud-sur-verdon.fr.html?aid=304142&label=gen173nr-1FCAQoggJCDXNlYXJjaF9yb3Vnb25IDVgEaE2IAQGYAQ24AQrIAQXYAQHoAQH4AQOIAgGoAgO4AvH_tcEGwAIB0gIkNzViOWFmYjEtNDhhOC00NmJiLWE1NGMtMGI0MTM3NzMwY2Ji2AIF4AIB&ucfs=1&arphpl=1&group_adults=2&req_adults=2&no_rooms=1&group_children=0&req_children=0&hpos=8&hapos=8&sr_order=popularity&srpvid=ca84343896f8027f&srepoch=1747812338&from=searchresults,43.779637,6.366579,"Situé à La Palud-sur-Verdon, l’hébergement Studio au cœur du Verdon offre une vue sur la montagne. ",,8.7
467,17,Rougon,13.24,0.2,0.98,12.06,"Chambres d'Hôtes Ivy room, Cadre magnifique, coeur des Gorges du Verdon",https://www.booking.com/hotel/fr/private-room-with-stunning-view-in-gorges-du-verdon.fr.html?aid=304142&label=gen173nr-1FCAQoggJCDXNlYXJjaF9yb3Vnb25IDVgEaE2IAQGYAQ24AQrIAQXYAQHoAQH4AQOIAgGoAgO4AvH_tcEGwAIB0gIkNzViOWFmYjEtNDhhOC00NmJiLWE1NGMtMGI0MTM3NzMwY2Ji2AIF4AIB&ucfs=1&arphpl=1&group_adults=2&req_adults=2&no_rooms=1&group_children=0&req_children=0&hpos=7&hapos=7&sr_order=popularity&srpvid=ca84343896f8027f&srepoch=1747812338&from=searchresults,43.836856166515,6.421831117722,"L’établissement Chambres d'Hôtes Ivy room, Cadre magnifique, coeur des Gorges du Verdon vous accueille à Castellane, à 30 km de ce lieu d’intérêt : Golf du Château de Taulane. ",,8.7
468,17,Rougon,13.24,0.2,0.98,12.06,Roulotte du domaine de la Graou,https://www.booking.com/hotel/fr/roulotte-du-domaine-de-la-graou-la-palud-sur-verdon.fr.html?aid=304142&label=gen173nr-1FCAQoggJCDXNlYXJjaF9yb3Vnb25IDVgEaE2IAQGYAQ24AQrIAQXYAQHoAQH4AQOIAgGoAgO4AvH_tcEGwAIB0gIkNzViOWFmYjEtNDhhOC00NmJiLWE1NGMtMGI0MTM3NzMwY2Ji2AIF4AIB&ucfs=1&arphpl=1&group_adults=2&req_adults=2&no_rooms=1&group_children=0&req_children=0&hpos=6&hapos=6&sr_order=popularity&srpvid=ca84343896f8027f&srepoch=1747812338&from=searchresults,43.779792004772,6.366467194165,"L’hébergement Roulotte du domaine de la Graou se situe à La Palud-sur-Verdon, à 43 km de ce lieu d’intérêt : Golf du Château de Taulane. Une terrasse et un bar sont accessibles sur place. ",,9.0
469,17,Rougon,13.24,0.2,0.98,12.06,sous les arbres,https://www.booking.com/hotel/fr/sous-les-arbres-la-palud-sur-verdon1.fr.html?aid=304142&label=gen173nr-1FCAQoggJCDXNlYXJjaF9yb3Vnb25IDVgEaE2IAQGYAQ24AQrIAQXYAQHoAQH4AQOIAgGoAgO4AvH_tcEGwAIB0gIkNzViOWFmYjEtNDhhOC00NmJiLWE1NGMtMGI0MTM3NzMwY2Ji2AIF4AIB&ucfs=1&arphpl=1&group_adults=2&req_adults=2&no_rooms=1&group_children=0&req_children=0&hpos=4&hapos=4&sr_order=popularity&srpvid=ca84343896f8027f&srepoch=1747812338&from=searchresults,43.7759899,6.3593152,Hébergement géré par un particulier,,7.9
470,17,Rougon,13.24,0.2,0.98,12.06,"Chambres d'Hôtes - Arches room, Cadre magnifique, coeur des Gorges du Verdon",https://www.booking.com/hotel/fr/chambres-d-hotes-entre-gorges-du-verdon-et-castellane.fr.html?aid=304142&label=gen173nr-1FCAQoggJCDXNlYXJjaF9yb3Vnb25IDVgEaE2IAQGYAQ24AQrIAQXYAQHoAQH4AQOIAgGoAgO4AvH_tcEGwAIB0gIkNzViOWFmYjEtNDhhOC00NmJiLWE1NGMtMGI0MTM3NzMwY2Ji2AIF4AIB&ucfs=1&arphpl=1&group_adults=2&req_adults=2&no_rooms=1&group_children=0&req_children=0&hpos=11&hapos=11&sr_order=popularity&srpvid=ca84343896f8027f&srepoch=1747812338&from=searchresults,43.836695258124,6.42169050701383,"Situé à Castellane, l’hébergement Chambres d'Hôtes - Arches room, Cadre magnifique, coeur des Gorges du Verdon offre une vue sur la montagne. ",,10.0
471,17,Rougon,13.24,0.2,0.98,12.06,Hôtel Auberge des crêtes du Verdon,https://www.booking.com/hotel/fr/auberge-des-cretes.fr.html?aid=304142&label=gen173nr-1FCAQoggJCDXNlYXJjaF9yb3Vnb25IDVgEaE2IAQGYAQ24AQrIAQXYAQHoAQH4AQOIAgGoAgO4AvH_tcEGwAIB0gIkNzViOWFmYjEtNDhhOC00NmJiLWE1NGMtMGI0MTM3NzMwY2Ji2AIF4AIB&ucfs=1&arphpl=1&group_adults=2&req_adults=2&no_rooms=1&group_children=0&req_children=0&hpos=3&hapos=3&sr_order=popularity&srpvid=ca84343896f8027f&srepoch=1747812338&from=searchresults,43.77985124966398,6.35586176582342,"L’établissement Hôtel Auberge des crêtes du Verdon se trouve à La Palud-sur-Verdon, à 43 km de ce lieu d’intérêt : Golf du Château de Taulane. ",,6.9
472,17,Rougon,13.24,0.2,0.98,12.06,"Un cadre magnifique, au coeur du Verdon",https://www.booking.com/hotel/fr/chasteuil-locations-de-vacances.fr.html?aid=304142&label=gen173nr-1FCAQoggJCDXNlYXJjaF9yb3Vnb25IDVgEaE2IAQGYAQ24AQrIAQXYAQHoAQH4AQOIAgGoAgO4AvH_tcEGwAIB0gIkNzViOWFmYjEtNDhhOC00NmJiLWE1NGMtMGI0MTM3NzMwY2Ji2AIF4AIB&ucfs=1&arphpl=1&group_adults=2&req_adults=2&no_rooms=1&group_children=0&req_children=0&hpos=5&hapos=5&sr_order=popularity&srpvid=ca84343896f8027f&srepoch=1747812338&from=searchresults,43.83679641947386,6.421733766400499,"Situé à Castellane, l’établissement Un cadre magnifique, au coeur du Verdon possède un jardin, un salon commun, une terrasse et une connexion Wi-Fi gratuite dans l’ensemble de ses locaux. ",,9.4
473,17,Rougon,13.24,0.2,0.98,12.06,Les cabanes de Bourras,https://www.booking.com/hotel/fr/camping-a-la-ferme-de-bourras.fr.html?aid=304142&label=gen173nr-1FCAQoggJCDXNlYXJjaF9yb3Vnb25IDVgEaE2IAQGYAQ24AQrIAQXYAQHoAQH4AQOIAgGoAgO4AvH_tcEGwAIB0gIkNzViOWFmYjEtNDhhOC00NmJiLWE1NGMtMGI0MTM3NzMwY2Ji2AIF4AIB&ucfs=1&arphpl=1&group_adults=2&req_adults=2&no_rooms=1&group_children=0&req_children=0&hpos=2&hapos=2&sr_order=popularity&srpvid=ca84343896f8027f&srepoch=1747812338&from=searchresults,43.78303283991297,6.349468762055039,Hébergement géré par un particulier,,9.3
474,17,Rougon,13.24,0.2,0.98,12.06,B&B Auberge Verdon,https://www.booking.com/hotel/fr/auberge-verdon.fr.html?aid=304142&label=gen173nr-1FCAQoggJCDXNlYXJjaF9yb3Vnb25IDVgEaE2IAQGYAQ24AQrIAQXYAQHoAQH4AQOIAgGoAgO4AvH_tcEGwAIB0gIkNzViOWFmYjEtNDhhOC00NmJiLWE1NGMtMGI0MTM3NzMwY2Ji2AIF4AIB&ucfs=1&arphpl=1&group_adults=2&req_adults=2&no_rooms=1&group_children=0&req_children=0&hpos=1&hapos=1&sr_order=popularity&srpvid=ca84343896f8027f&srepoch=1747812338&from=searchresults,43.7768564619124,6.3610652089119,"Dotée d'une terrasse bien exposée et offrant une vue sur la montagne, la chambre d'hôtes B&B Auberge Verdon est située à La Palud dans la région Provence-Alpes-Côte d'Azur, à 90 km de Fréjus, au début...",,8.5
475,8,Strasbourg,16.04,3.02,1.13,11.89,Le Kléber Hôtel,https://www.booking.com/hotel/fr/le-kleber.fr.html?aid=304142&label=gen173nr-1FCAQoggJCEXNlYXJjaF9zdHJhc2JvdXJnSA1YBGhNiAEBmAENuAEKyAEF2AEB6AEB-AEDiAIBqAIDuALw_7XBBsACAdICJGZhN2U3M2UwLTBlZjgtNDRiMy04YjVhLTc3ZWFlOTY4MzNiM9gCBeACAQ&ucfs=1&arphpl=1&group_adults=2&req_adults=2&no_rooms=1&group_children=0&req_children=0&hpos=25&hapos=25&sr_order=popularity&srpvid=190c3438f5e10555&srepoch=1747812337&from=searchresults,48.58373252772387,7.745044827461243,L'établissement Le Kléber Hôtel vous accueille dans le centre-ville historique de Strasbourg. Il propose des chambres joliment décorées avec télévision à écran plat et connexion Internet gratuite. ,3.0,7.6
476,8,Strasbourg,16.04,3.02,1.13,11.89,Hôtel Tandem - Boutique Hôtel,https://www.booking.com/hotel/fr/ha-tel-nid-de-cigognes.fr.html?aid=304142&label=gen173nr-1FCAQoggJCEXNlYXJjaF9zdHJhc2JvdXJnSA1YBGhNiAEBmAENuAEKyAEF2AEB6AEB-AEDiAIBqAIDuALw_7XBBsACAdICJGZhN2U3M2UwLTBlZjgtNDRiMy04YjVhLTc3ZWFlOTY4MzNiM9gCBeACAQ&ucfs=1&arphpl=1&group_adults=2&req_adults=2&no_rooms=1&group_children=0&req_children=0&hpos=24&hapos=24&sr_order=popularity&srpvid=190c3438f5e10555&srepoch=1747812337&from_sustainable_property_sr=1&from=searchresults,48.58383632696426,7.734948992729187,"Ce boutique hôtel respectueux de l’environnement vous accueille en face de la gare TGV de Strasbourg, à seulement 1,7 km du centre-ville et à 5 minutes à pied du quartier pittoresque de la Petite...",4.0,9.0
477,8,Strasbourg,16.04,3.02,1.13,11.89,Hôtel Du Dragon,https://www.booking.com/hotel/fr/du-dragon.fr.html?aid=304142&label=gen173nr-1FCAQoggJCEXNlYXJjaF9zdHJhc2JvdXJnSA1YBGhNiAEBmAENuAEKyAEF2AEB6AEB-AEDiAIBqAIDuALw_7XBBsACAdICJGZhN2U3M2UwLTBlZjgtNDRiMy04YjVhLTc3ZWFlOTY4MzNiM9gCBeACAQ&ucfs=1&arphpl=1&group_adults=2&req_adults=2&no_rooms=1&group_children=0&req_children=0&hpos=22&hapos=22&sr_order=popularity&srpvid=190c3438f5e10555&srepoch=1747812337&from=searchresults,48.57802945212847,7.746516019105911,"Situé à Strasbourg, l'Hôtel Du Dragon occupe un bâtiment du XVIIe siècle entouré d'un paisible jardin avec terrasse. ",4.0,8.6
478,8,Strasbourg,16.04,3.02,1.13,11.89,Adonis Hotel Strasbourg,https://www.booking.com/hotel/fr/adonis-ha-tel-strasbourg.fr.html?aid=304142&label=gen173nr-1FCAQoggJCEXNlYXJjaF9zdHJhc2JvdXJnSA1YBGhNiAEBmAENuAEKyAEF2AEB6AEB-AEDiAIBqAIDuALw_7XBBsACAdICJGZhN2U3M2UwLTBlZjgtNDRiMy04YjVhLTc3ZWFlOTY4MzNiM9gCBeACAQ&ucfs=1&arphpl=1&group_adults=2&req_adults=2&no_rooms=1&group_children=0&req_children=0&hpos=23&hapos=23&sr_order=popularity&srpvid=190c3438f5e10555&srepoch=1747812337&from=searchresults,48.588664032462866,7.757167965282861,"Situé à Strasbourg, l'Adonis Hotel Strasbourg vous propose des chambres présentant une décoration moderne ou baroque ainsi qu'une connexion Wi-Fi gratuite. ",3.0,7.7
479,8,Strasbourg,16.04,3.02,1.13,11.89,OKKO Hotels Strasbourg Centre,https://www.booking.com/hotel/fr/okko-hotels-strasboug-centre-strasbourg12.fr.html?aid=304142&label=gen173nr-1FCAQoggJCEXNlYXJjaF9zdHJhc2JvdXJnSA1YBGhNiAEBmAENuAEKyAEF2AEB6AEB-AEDiAIBqAIDuALw_7XBBsACAdICJGZhN2U3M2UwLTBlZjgtNDRiMy04YjVhLTc3ZWFlOTY4MzNiM9gCBeACAQ&ucfs=1&arphpl=1&group_adults=2&req_adults=2&no_rooms=1&group_children=0&req_children=0&hpos=21&hapos=21&sr_order=popularity&srpvid=190c3438f5e10555&srepoch=1747812337&from=searchresults,48.5740800171579,7.765449454344889,"L’OKKO Hotels Strasbourg Centre est situé à Strasbourg, sur la péninsule de Malraux, à 200 mètres de l’arrêt de tramway Winston Churchill. Vous pourrez prendre un verre au bar situé sur place. ",4.0,8.3
480,8,Strasbourg,16.04,3.02,1.13,11.89,City Résidence Strasbourg Centre,https://www.booking.com/hotel/fr/appart-victoria-garden-strasbourg.fr.html?aid=304142&label=gen173nr-1FCAQoggJCEXNlYXJjaF9zdHJhc2JvdXJnSA1YBGhNiAEBmAENuAEKyAEF2AEB6AEB-AEDiAIBqAIDuALw_7XBBsACAdICJGZhN2U3M2UwLTBlZjgtNDRiMy04YjVhLTc3ZWFlOTY4MzNiM9gCBeACAQ&ucfs=1&arphpl=1&group_adults=2&req_adults=2&no_rooms=1&group_children=0&req_children=0&hpos=19&hapos=19&sr_order=popularity&srpvid=190c3438f5e10555&srepoch=1747812337&from=searchresults,48.5890619439537,7.738798633217812,"Situé à 1 km de la gare de Strasbourg ainsi qu'à 1,5 km du quartier de La Petite France, l'établissement City Résidence Strasbourg Centre dispose d'une réception ouverte 24h/24 et propose des...",3.0,7.6
481,8,Strasbourg,16.04,3.02,1.13,11.89,Hotel des Arts - Centre Cathédrale,https://www.booking.com/hotel/fr/citotel-des-arts.fr.html?aid=304142&label=gen173nr-1FCAQoggJCEXNlYXJjaF9zdHJhc2JvdXJnSA1YBGhNiAEBmAENuAEKyAEF2AEB6AEB-AEDiAIBqAIDuALw_7XBBsACAdICJGZhN2U3M2UwLTBlZjgtNDRiMy04YjVhLTc3ZWFlOTY4MzNiM9gCBeACAQ&ucfs=1&arphpl=1&group_adults=2&req_adults=2&no_rooms=1&group_children=0&req_children=0&hpos=20&hapos=20&sr_order=popularity&srpvid=190c3438f5e10555&srepoch=1747812337&from=searchresults,48.580319454474235,7.751270234584808,L'Hôtel des Arts se situe au cœur de la zone piétonne du centre historique de Strasbourg. Il propose des hébergements confortables avec la climatisation et une connexion Wi-Fi gratuite. ,2.0,7.7
482,8,Strasbourg,16.04,3.02,1.13,11.89,Student Factory Strasbourg Etoile,https://www.booking.com/hotel/fr/student-factory-strasbourg-etoile.fr.html?aid=304142&label=gen173nr-1FCAQoggJCEXNlYXJjaF9zdHJhc2JvdXJnSA1YBGhNiAEBmAENuAEKyAEF2AEB6AEB-AEDiAIBqAIDuALw_7XBBsACAdICJGZhN2U3M2UwLTBlZjgtNDRiMy04YjVhLTc3ZWFlOTY4MzNiM9gCBeACAQ&ucfs=1&arphpl=1&group_adults=2&req_adults=2&no_rooms=1&group_children=0&req_children=0&hpos=18&hapos=18&sr_order=popularity&srpvid=190c3438f5e10555&srepoch=1747812337&from=searchresults,48.576293,7.756825,"Proposant un salon commun et connexion Wi-Fi gratuite, l’établissement Student Factory Strasbourg Etoile est idéalement placé à Strasbourg, à proximité de ces lieux d’intérêt : Musée historique de...",,8.2
483,8,Strasbourg,16.04,3.02,1.13,11.89,Aparthotel Adagio Access Strasbourg Petite France,https://www.booking.com/hotel/fr/adagio-access-strasbourg-petite-france.fr.html?aid=304142&label=gen173nr-1FCAQoggJCEXNlYXJjaF9zdHJhc2JvdXJnSA1YBGhNiAEBmAENuAEKyAEF2AEB6AEB-AEDiAIBqAIDuALw_7XBBsACAdICJGZhN2U3M2UwLTBlZjgtNDRiMy04YjVhLTc3ZWFlOTY4MzNiM9gCBeACAQ&ucfs=1&arphpl=1&group_adults=2&req_adults=2&no_rooms=1&group_children=0&req_children=0&hpos=17&hapos=17&sr_order=popularity&srpvid=190c3438f5e10555&srepoch=1747812337&from=searchresults,48.57924766466367,7.732225880026817,"Situé dans le centre-ville, l'Aparthotel Adagio Access Strasbourg Petite France propose une réception ouverte 24h/24, ainsi que des appartements et studios modernes, dotés d'une connexion Wi-Fi...",3.0,8.2
484,8,Strasbourg,16.04,3.02,1.13,11.89,Appartement cosy orangerie,https://www.booking.com/hotel/fr/appartement-cosy-orangerie.fr.html?aid=304142&label=gen173nr-1FCAQoggJCEXNlYXJjaF9zdHJhc2JvdXJnSA1YBGhNiAEBmAENuAEKyAEF2AEB6AEB-AEDiAIBqAIDuALw_7XBBsACAdICJGZhN2U3M2UwLTBlZjgtNDRiMy04YjVhLTc3ZWFlOTY4MzNiM9gCBeACAQ&ucfs=1&arphpl=1&group_adults=2&req_adults=2&no_rooms=1&group_children=0&req_children=0&hpos=15&hapos=15&sr_order=popularity&srpvid=190c3438f5e10555&srepoch=1747812337&from=searchresults,48.5907276,7.7679458,Hébergement géré par un particulier,,9.3
485,8,Strasbourg,16.04,3.02,1.13,11.89,ibis Strasbourg Centre Petite France,https://www.booking.com/hotel/fr/ibis-strasbourg-centre-petite-france.fr.html?aid=304142&label=gen173nr-1FCAQoggJCEXNlYXJjaF9zdHJhc2JvdXJnSA1YBGhNiAEBmAENuAEKyAEF2AEB6AEB-AEDiAIBqAIDuALw_7XBBsACAdICJGZhN2U3M2UwLTBlZjgtNDRiMy04YjVhLTc3ZWFlOTY4MzNiM9gCBeACAQ&ucfs=1&arphpl=1&group_adults=2&req_adults=2&no_rooms=1&group_children=0&req_children=0&hpos=16&hapos=16&sr_order=popularity&srpvid=190c3438f5e10555&srepoch=1747812337&from=searchresults,48.58253971270566,7.73732671705784,"L'hôtel ibis Strasbourg Centre Petite France vous accueille dans la quartier de la Petite France à Strasbourg, à seulement 450 mètres de la gare. ",3.0,7.6
486,8,Strasbourg,16.04,3.02,1.13,11.89,Face à la cathédrale,https://www.booking.com/hotel/fr/face-a-la-cathedrale-strasbourg.fr.html?aid=304142&label=gen173nr-1FCAQoggJCEXNlYXJjaF9zdHJhc2JvdXJnSA1YBGhNiAEBmAENuAEKyAEF2AEB6AEB-AEDiAIBqAIDuALw_7XBBsACAdICJGZhN2U3M2UwLTBlZjgtNDRiMy04YjVhLTc3ZWFlOTY4MzNiM9gCBeACAQ&ucfs=1&arphpl=1&group_adults=2&req_adults=2&no_rooms=1&group_children=0&req_children=0&hpos=14&hapos=14&sr_order=popularity&srpvid=190c3438f5e10555&srepoch=1747812337&from=searchresults,48.5810491,7.7496294,Hébergement géré par un particulier,,8.3
487,8,Strasbourg,16.04,3.02,1.13,11.89,Citadines Kléber Strasbourg,https://www.booking.com/hotel/fr/citadines-aparthotel-strasbourg.fr.html?aid=304142&label=gen173nr-1FCAQoggJCEXNlYXJjaF9zdHJhc2JvdXJnSA1YBGhNiAEBmAENuAEKyAEF2AEB6AEB-AEDiAIBqAIDuALw_7XBBsACAdICJGZhN2U3M2UwLTBlZjgtNDRiMy04YjVhLTc3ZWFlOTY4MzNiM9gCBeACAQ&ucfs=1&arphpl=1&group_adults=2&req_adults=2&no_rooms=1&group_children=0&req_children=0&hpos=12&hapos=12&sr_order=popularity&srpvid=190c3438f5e10555&srepoch=1747812337&from=searchresults,48.58384564227026,7.743424773216248,"Situé à côté de la place Kléber, ce Citadines Apart'hotel se trouve à seulement 10 minutes de marche de la gare SNCF de Strasbourg. ",3.0,8.2
488,8,Strasbourg,16.04,3.02,1.13,11.89,Le Grand Hotel,https://www.booking.com/hotel/fr/legrandhotel.fr.html?aid=304142&label=gen173nr-1FCAQoggJCEXNlYXJjaF9zdHJhc2JvdXJnSA1YBGhNiAEBmAENuAEKyAEF2AEB6AEB-AEDiAIBqAIDuALw_7XBBsACAdICJGZhN2U3M2UwLTBlZjgtNDRiMy04YjVhLTc3ZWFlOTY4MzNiM9gCBeACAQ&ucfs=1&arphpl=1&group_adults=2&req_adults=2&no_rooms=1&group_children=0&req_children=0&hpos=10&hapos=10&sr_order=popularity&srpvid=190c3438f5e10555&srepoch=1747812337&from_sustainable_property_sr=1&from=searchresults,48.58469687655924,7.7365610003471375,"Le Grand Hôtel est situé en face de la gare de Strasbourg, à 10 minutes à pied du centre-ville et de la place Kléber. Il dispose d'un bar, d'une terrasse et d'une connexion Wi-Fi gratuite. ",3.0,8.4
489,8,Strasbourg,16.04,3.02,1.13,11.89,AC Hotel by Marriott Strasbourg,https://www.booking.com/hotel/fr/ac-by-marriott-strasbourg.fr.html?aid=304142&label=gen173nr-1FCAQoggJCEXNlYXJjaF9zdHJhc2JvdXJnSA1YBGhNiAEBmAENuAEKyAEF2AEB6AEB-AEDiAIBqAIDuALw_7XBBsACAdICJGZhN2U3M2UwLTBlZjgtNDRiMy04YjVhLTc3ZWFlOTY4MzNiM9gCBeACAQ&ucfs=1&arphpl=1&group_adults=2&req_adults=2&no_rooms=1&group_children=0&req_children=0&hpos=11&hapos=11&sr_order=popularity&srpvid=190c3438f5e10555&srepoch=1747812337&from=searchresults,48.59900335,7.761959941,"L’établissement AC Hotel by Marriott Strasbourg est idéalement placé dans le quartier Quartier Européen - Orangerie de Strasbourg, à respectivement quelques pas, 600 mètres et 1,8 km de ces lieux...",4.0,8.6
490,8,Strasbourg,16.04,3.02,1.13,11.89,EtC...Hôtel - Strasbourg Hyper Centre,https://www.booking.com/hotel/fr/des-francs-bourgeois.fr.html?aid=304142&label=gen173nr-1FCAQoggJCEXNlYXJjaF9zdHJhc2JvdXJnSA1YBGhNiAEBmAENuAEKyAEF2AEB6AEB-AEDiAIBqAIDuALw_7XBBsACAdICJGZhN2U3M2UwLTBlZjgtNDRiMy04YjVhLTc3ZWFlOTY4MzNiM9gCBeACAQ&ucfs=1&arphpl=1&group_adults=2&req_adults=2&no_rooms=1&group_children=0&req_children=0&hpos=13&hapos=13&sr_order=popularity&srpvid=190c3438f5e10555&srepoch=1747812337&from=searchresults,48.58081452851831,7.7461861073970795,"L'EtC ... Hôtel est situé à Strasbourg, à proximité du quartier la Petite France. Il propose des chambres modernes et un cadre paisible. ",2.0,7.9
491,8,Strasbourg,16.04,3.02,1.13,11.89,ibis Styles Strasbourg Avenue du Rhin,https://www.booking.com/hotel/fr/ibis-strasbourg-avenue-du-rhin.fr.html?aid=304142&label=gen173nr-1FCAQoggJCEXNlYXJjaF9zdHJhc2JvdXJnSA1YBGhNiAEBmAENuAEKyAEF2AEB6AEB-AEDiAIBqAIDuALw_7XBBsACAdICJGZhN2U3M2UwLTBlZjgtNDRiMy04YjVhLTc3ZWFlOTY4MzNiM9gCBeACAQ&ucfs=1&arphpl=1&group_adults=2&req_adults=2&no_rooms=1&group_children=0&req_children=0&hpos=8&hapos=8&sr_order=popularity&srpvid=190c3438f5e10555&srepoch=1747812337&from_sustainable_property_sr=1&from=searchresults,48.569366,7.777568999999971,"L'ibis Styles Strasbourg Avenue du Rhin vous accueille à Strasbourg, à 10 minutes de route de la cathédrale, du quartier de La Petite France et du Parlement européen. ",3.0,8.1
492,8,Strasbourg,16.04,3.02,1.13,11.89,City Residence Access Strasbourg,https://www.booking.com/hotel/fr/city-residence-access-strasbourg-strasbourg.fr.html?aid=304142&label=gen173nr-1FCAQoggJCEXNlYXJjaF9zdHJhc2JvdXJnSA1YBGhNiAEBmAENuAEKyAEF2AEB6AEB-AEDiAIBqAIDuALw_7XBBsACAdICJGZhN2U3M2UwLTBlZjgtNDRiMy04YjVhLTc3ZWFlOTY4MzNiM9gCBeACAQ&ucfs=1&arphpl=1&group_adults=2&req_adults=2&no_rooms=1&group_children=0&req_children=0&hpos=9&hapos=9&sr_order=popularity&srpvid=190c3438f5e10555&srepoch=1747812337&from=searchresults,48.590014,7.73987,"Situé à Strasbourg, à moins de 900 mètres du marché de Noël de la ville, le City Residence Access Strasbourg propose des hébergements avec une télévision et une kitchenette. ",2.0,7.2
493,8,Strasbourg,16.04,3.02,1.13,11.89,Hotel Esplanade,https://www.booking.com/hotel/fr/esplanade.fr.html?aid=304142&label=gen173nr-1FCAQoggJCEXNlYXJjaF9zdHJhc2JvdXJnSA1YBGhNiAEBmAENuAEKyAEF2AEB6AEB-AEDiAIBqAIDuALw_7XBBsACAdICJGZhN2U3M2UwLTBlZjgtNDRiMy04YjVhLTc3ZWFlOTY4MzNiM9gCBeACAQ&ucfs=1&arphpl=1&group_adults=2&req_adults=2&no_rooms=1&group_children=0&req_children=0&hpos=6&hapos=6&sr_order=popularity&srpvid=190c3438f5e10555&srepoch=1747812337&from=searchresults,48.58132734203915,7.769914269447327,L'Hôtel Esplanade vous accueille dans le quartier universitaire de Strasbourg. ,2.0,7.4
494,8,Strasbourg,16.04,3.02,1.13,11.89,Hotel Roses,https://www.booking.com/hotel/fr/hotelauxtroisroses.fr.html?aid=304142&label=gen173nr-1FCAQoggJCEXNlYXJjaF9zdHJhc2JvdXJnSA1YBGhNiAEBmAENuAEKyAEF2AEB6AEB-AEDiAIBqAIDuALw_7XBBsACAdICJGZhN2U3M2UwLTBlZjgtNDRiMy04YjVhLTc3ZWFlOTY4MzNiM9gCBeACAQ&ucfs=1&arphpl=1&group_adults=2&req_adults=2&no_rooms=1&group_children=0&req_children=0&hpos=7&hapos=7&sr_order=popularity&srpvid=190c3438f5e10555&srepoch=1747812337&from=searchresults,48.58160548352865,7.756441533565521,"L’Hotel Roses vous propose 34 chambres décorées sur le thème des roses. Les hébergements sont insonorisés, spacieux et lumineux. ",3.0,8.0
495,8,Strasbourg,16.04,3.02,1.13,11.89,Hôtel De L'Ill,https://www.booking.com/hotel/fr/de-l-ill.fr.html?aid=304142&label=gen173nr-1FCAQoggJCEXNlYXJjaF9zdHJhc2JvdXJnSA1YBGhNiAEBmAENuAEKyAEF2AEB6AEB-AEDiAIBqAIDuALw_7XBBsACAdICJGZhN2U3M2UwLTBlZjgtNDRiMy04YjVhLTc3ZWFlOTY4MzNiM9gCBeACAQ&ucfs=1&arphpl=1&group_adults=2&req_adults=2&no_rooms=1&group_children=0&req_children=0&hpos=3&hapos=3&sr_order=popularity&srpvid=190c3438f5e10555&srepoch=1747812337&from=searchresults,48.58068765516625,7.755071595311165,"L'Hôtel De L'ill vous accueille à Strasbourg,dans une rue à sens unique, à mi-chemin entre la cathédrale et l'université. Il vous propose une grande terrasse et des hébergements modernes. ",3.0,8.4
496,8,Strasbourg,16.04,3.02,1.13,11.89,Hotel Strasbourg - Montagne Verte & Restaurant Louisiane,https://www.booking.com/hotel/fr/comforthotelstras.fr.html?aid=304142&label=gen173nr-1FCAQoggJCEXNlYXJjaF9zdHJhc2JvdXJnSA1YBGhNiAEBmAENuAEKyAEF2AEB6AEB-AEDiAIBqAIDuALw_7XBBsACAdICJGZhN2U3M2UwLTBlZjgtNDRiMy04YjVhLTc3ZWFlOTY4MzNiM9gCBeACAQ&ucfs=1&arphpl=1&group_adults=2&req_adults=2&no_rooms=1&group_children=0&req_children=0&hpos=5&hapos=5&sr_order=popularity&srpvid=190c3438f5e10555&srepoch=1747812337&from=searchresults,48.57269177356032,7.7287135273218155,L’Hotel Strasbourg - Montagne Verte & Restaurant Louisiane est installé à proximité des rives de l’Ill et à 2 km du centre historique. ,2.0,8.3
497,8,Strasbourg,16.04,3.02,1.13,11.89,"ClapClap Hôtel, Food & Bar",https://www.booking.com/hotel/fr/clapclap-strasbourg.fr.html?aid=304142&label=gen173nr-1FCAQoggJCEXNlYXJjaF9zdHJhc2JvdXJnSA1YBGhNiAEBmAENuAEKyAEF2AEB6AEB-AEDiAIBqAIDuALw_7XBBsACAdICJGZhN2U3M2UwLTBlZjgtNDRiMy04YjVhLTc3ZWFlOTY4MzNiM9gCBeACAQ&ucfs=1&arphpl=1&group_adults=2&req_adults=2&no_rooms=1&group_children=0&req_children=0&hpos=2&hapos=2&sr_order=popularity&srpvid=190c3438f5e10555&srepoch=1747812337&from=searchresults,48.58249845375529,7.737239599227905,Le ClapClap Hotel se trouve à 400 mètres de la gare TGV de Strasbourg et de la station de tramway. ,3.0,8.0
498,8,Strasbourg,16.04,3.02,1.13,11.89,Hôtel le Grillon,https://www.booking.com/hotel/fr/grillonstrasbourg.fr.html?aid=304142&label=gen173nr-1FCAQoggJCEXNlYXJjaF9zdHJhc2JvdXJnSA1YBGhNiAEBmAENuAEKyAEF2AEB6AEB-AEDiAIBqAIDuALw_7XBBsACAdICJGZhN2U3M2UwLTBlZjgtNDRiMy04YjVhLTc3ZWFlOTY4MzNiM9gCBeACAQ&ucfs=1&arphpl=1&group_adults=2&req_adults=2&no_rooms=1&group_children=0&req_children=0&hpos=4&hapos=4&sr_order=popularity&srpvid=190c3438f5e10555&srepoch=1747812337&from=searchresults,48.58389842897197,7.737652659416199,"Cet hôtel est situé dans le centre de Strasbourg, à 5 minutes à pied de la gare TGV et de la Petite France. ",3.0,8.4
499,8,Strasbourg,16.04,3.02,1.13,11.89,Residence Inn by Marriott Strasbourg,https://www.booking.com/hotel/fr/residence-inn-by-marriott-strasbourg.fr.html?aid=304142&label=gen173nr-1FCAQoggJCEXNlYXJjaF9zdHJhc2JvdXJnSA1YBGhNiAEBmAENuAEKyAEF2AEB6AEB-AEDiAIBqAIDuALw_7XBBsACAdICJGZhN2U3M2UwLTBlZjgtNDRiMy04YjVhLTc3ZWFlOTY4MzNiM9gCBeACAQ&ucfs=1&arphpl=1&group_adults=2&req_adults=2&no_rooms=1&group_children=0&req_children=0&hpos=1&hapos=1&sr_order=popularity&srpvid=190c3438f5e10555&srepoch=1747812337&from=searchresults,48.59899457007954,7.762173176616698,"L’établissement Residence Inn by Marriott Strasbourg vous accueille à Strasbourg, à respectivement quelques pas et 600 mètres de ces lieux d’intérêt : Parc des expositions de Strasbourg et Parlement...",4.0,9.0
500,34,La Rochelle,13.75,0.87,2.03,10.85,ATHOME RESIDENCE ET SPA,https://www.booking.com/hotel/fr/athome-residence-et-spa.fr.html?aid=304142&label=gen173nr-1FCAQoggJCEnNlYXJjaF9sYSByb2NoZWxsZUgNWARoTYgBAZgBDbgBCsgBBdgBAegBAfgBA4gCAagCA7gC94C2wQbAAgHSAiRjYmNiYTM0OC04MWFlLTRiM2MtOWZlNi1kYWIxODJkODczNjnYAgXgAgE&ucfs=1&arphpl=1&group_adults=2&req_adults=2&no_rooms=1&group_children=0&req_children=0&hpos=25&hapos=25&sr_order=popularity&srpvid=b4b9347b5a210723&srepoch=1747812472&from=searchresults,46.145995,-1.152398,"Situé à La Rochelle, l’établissement ATHOME RESIDENCE ET SPA comprend une connexion Wi-Fi gratuite, un jardin, un salon commun et une terrasse. Un parking privé est disponible sur place. ",,8.5
501,34,La Rochelle,13.75,0.87,2.03,10.85,Appartement T2 - LA ROCHELLE - LR640-023,https://www.booking.com/hotel/fr/appartement-t2-la-rochelle-lr640-023.fr.html?aid=304142&label=gen173nr-1FCAQoggJCEnNlYXJjaF9sYSByb2NoZWxsZUgNWARoTYgBAZgBDbgBCsgBBdgBAegBAfgBA4gCAagCA7gC94C2wQbAAgHSAiRjYmNiYTM0OC04MWFlLTRiM2MtOWZlNi1kYWIxODJkODczNjnYAgXgAgE&ucfs=1&arphpl=1&group_adults=2&req_adults=2&no_rooms=1&group_children=0&req_children=0&hpos=22&hapos=22&sr_order=popularity&srpvid=b4b9347b5a210723&srepoch=1747812472&from=searchresults,46.151055,-1.154886,"L’hébergement Appartement T2 - LA ROCHELLE - LR640-023 se situe au cœur de La Rochelle, à respectivement 1,8 km et 1 km de ces lieux d’intérêt : Parc des expositions de La Rochelle et Gare de La...",,
502,34,La Rochelle,13.75,0.87,2.03,10.85,Appartement Saint Claude - Centre Port,https://www.booking.com/hotel/fr/retour-de-plage-la-rochelle.fr.html?aid=304142&label=gen173nr-1FCAQoggJCEnNlYXJjaF9sYSByb2NoZWxsZUgNWARoTYgBAZgBDbgBCsgBBdgBAegBAfgBA4gCAagCA7gC94C2wQbAAgHSAiRjYmNiYTM0OC04MWFlLTRiM2MtOWZlNi1kYWIxODJkODczNjnYAgXgAgE&ucfs=1&arphpl=1&group_adults=2&req_adults=2&no_rooms=1&group_children=0&req_children=0&hpos=23&hapos=23&sr_order=popularity&srpvid=b4b9347b5a210723&srepoch=1747812472&from=searchresults,46.1574106,-1.1460796,"L’hébergement Appartement Saint Claude - Centre Port se trouve à La Rochelle, à seulement 1,6 km de ce lieu d’intérêt : Plage de la Concurrence. ",,9.1
503,34,La Rochelle,13.75,0.87,2.03,10.85,joli petit nid douillet en centre ville,https://www.booking.com/hotel/fr/joli-petit-nid-douillet-en-centre-ville.fr.html?aid=304142&label=gen173nr-1FCAQoggJCEnNlYXJjaF9sYSByb2NoZWxsZUgNWARoTYgBAZgBDbgBCsgBBdgBAegBAfgBA4gCAagCA7gC94C2wQbAAgHSAiRjYmNiYTM0OC04MWFlLTRiM2MtOWZlNi1kYWIxODJkODczNjnYAgXgAgE&ucfs=1&arphpl=1&group_adults=2&req_adults=2&no_rooms=1&group_children=0&req_children=0&hpos=21&hapos=21&sr_order=popularity&srpvid=b4b9347b5a210723&srepoch=1747812472&from=searchresults,46.158112589582,-1.149802028381,Hébergement géré par un particulier,,8.9
504,34,La Rochelle,13.75,0.87,2.03,10.85,"Charmant cocon iodé cosy équipé, baigné de lumière, situé au cœur de La Rochelle à 1min à pied du marché central avec TV et Wifi",https://www.booking.com/hotel/fr/charmand-cocon-iode-dans-l-hyper-centre-a-1-min-du-marche.fr.html?aid=304142&label=gen173nr-1FCAQoggJCEnNlYXJjaF9sYSByb2NoZWxsZUgNWARoTYgBAZgBDbgBCsgBBdgBAegBAfgBA4gCAagCA7gC94C2wQbAAgHSAiRjYmNiYTM0OC04MWFlLTRiM2MtOWZlNi1kYWIxODJkODczNjnYAgXgAgE&ucfs=1&arphpl=1&group_adults=2&req_adults=2&no_rooms=1&group_children=0&req_children=0&hpos=24&hapos=24&sr_order=popularity&srpvid=b4b9347b5a210723&srepoch=1747812472&from=searchresults,46.1624488,-1.1488474,"L’hébergement Charmant cocon iodé cosy équipé, baigné de lumière, situé au cœur de La Rochelle à 1min à pied du marché central avec TV et Wifi se trouve dans le centre de La Rochelle, à respectivement...",,8.6
505,34,La Rochelle,13.75,0.87,2.03,10.85,ღ Le Majorelle • Au cœur du vieux port et cosy,https://www.booking.com/hotel/fr/le-majorelle-au-coeur-du-vieux-port-et-cosy.fr.html?aid=304142&label=gen173nr-1FCAQoggJCEnNlYXJjaF9sYSByb2NoZWxsZUgNWARoTYgBAZgBDbgBCsgBBdgBAegBAfgBA4gCAagCA7gC94C2wQbAAgHSAiRjYmNiYTM0OC04MWFlLTRiM2MtOWZlNi1kYWIxODJkODczNjnYAgXgAgE&ucfs=1&arphpl=1&group_adults=2&req_adults=2&no_rooms=1&group_children=0&req_children=0&hpos=20&hapos=20&sr_order=popularity&srpvid=b4b9347b5a210723&srepoch=1747812472&from=searchresults,46.158118,-1.1498518,Hébergement géré par un particulier,,9.5
506,34,La Rochelle,13.75,0.87,2.03,10.85,Le Saint-Nicolas,https://www.booking.com/hotel/fr/comforthotelsaintnicolas.fr.html?aid=304142&label=gen173nr-1FCAQoggJCEnNlYXJjaF9sYSByb2NoZWxsZUgNWARoTYgBAZgBDbgBCsgBBdgBAegBAfgBA4gCAagCA7gC94C2wQbAAgHSAiRjYmNiYTM0OC04MWFlLTRiM2MtOWZlNi1kYWIxODJkODczNjnYAgXgAgE&ucfs=1&arphpl=1&group_adults=2&req_adults=2&no_rooms=1&group_children=0&req_children=0&hpos=18&hapos=18&sr_order=popularity&srpvid=b4b9347b5a210723&srepoch=1747812472&from=searchresults,46.158134569625595,-1.1489127710774483,"Le Saint-Nicolas vous accueille dans le quartier animé de Saint-Nicolas, à La Rochelle, à proximité de boutiques d’antiquités, de bars et de cafés. ",4.0,9.0
507,34,La Rochelle,13.75,0.87,2.03,10.85,33 Bis,https://www.booking.com/hotel/fr/de-l-ile-au-port.fr.html?aid=304142&label=gen173nr-1FCAQoggJCEnNlYXJjaF9sYSByb2NoZWxsZUgNWARoTYgBAZgBDbgBCsgBBdgBAegBAfgBA4gCAagCA7gC94C2wQbAAgHSAiRjYmNiYTM0OC04MWFlLTRiM2MtOWZlNi1kYWIxODJkODczNjnYAgXgAgE&ucfs=1&arphpl=1&group_adults=2&req_adults=2&no_rooms=1&group_children=0&req_children=0&hpos=19&hapos=19&sr_order=popularity&srpvid=b4b9347b5a210723&srepoch=1747812472&from=searchresults,46.1645833,-1.2051492,Hébergement géré par un particulier,3.0,9.5
508,34,La Rochelle,13.75,0.87,2.03,10.85,Appartements Les Rochelais,https://www.booking.com/hotel/fr/appartements-les-rochelais.fr.html?aid=304142&label=gen173nr-1FCAQoggJCEnNlYXJjaF9sYSByb2NoZWxsZUgNWARoTYgBAZgBDbgBCsgBBdgBAegBAfgBA4gCAagCA7gC94C2wQbAAgHSAiRjYmNiYTM0OC04MWFlLTRiM2MtOWZlNi1kYWIxODJkODczNjnYAgXgAgE&ucfs=1&arphpl=1&group_adults=2&req_adults=2&no_rooms=1&group_children=0&req_children=0&hpos=17&hapos=17&sr_order=popularity&srpvid=b4b9347b5a210723&srepoch=1747812472&from=searchresults,46.157388177309,-1.153948589715,"L’établissement Appartements Les Rochelais se situe dans le centre de La Rochelle, à respectivement 700 mètres et 1,1 km de ces lieux d’intérêt : Plage de la Concurrence et Gare de La Rochelle-Ville. ",3.0,9.1
509,34,La Rochelle,13.75,0.87,2.03,10.85,Joli studio avec terrasse près du vieux-port,https://www.booking.com/hotel/fr/appart-26m2-terrasse-pres-du-vieux-port.fr.html?aid=304142&label=gen173nr-1FCAQoggJCEnNlYXJjaF9sYSByb2NoZWxsZUgNWARoTYgBAZgBDbgBCsgBBdgBAegBAfgBA4gCAagCA7gC94C2wQbAAgHSAiRjYmNiYTM0OC04MWFlLTRiM2MtOWZlNi1kYWIxODJkODczNjnYAgXgAgE&ucfs=1&arphpl=1&group_adults=2&req_adults=2&no_rooms=1&group_children=0&req_children=0&hpos=16&hapos=16&sr_order=popularity&srpvid=b4b9347b5a210723&srepoch=1747812472&from=searchresults,46.1585235474891,-1.1450213976530765,Hébergement géré par un particulier,,7.8
510,34,La Rochelle,13.75,0.87,2.03,10.85,le Gabut vue port,https://www.booking.com/hotel/fr/le-gabut-vue-port.fr.html?aid=304142&label=gen173nr-1FCAQoggJCEnNlYXJjaF9sYSByb2NoZWxsZUgNWARoTYgBAZgBDbgBCsgBBdgBAegBAfgBA4gCAagCA7gC94C2wQbAAgHSAiRjYmNiYTM0OC04MWFlLTRiM2MtOWZlNi1kYWIxODJkODczNjnYAgXgAgE&ucfs=1&arphpl=1&group_adults=2&req_adults=2&no_rooms=1&group_children=0&req_children=0&hpos=13&hapos=13&sr_order=popularity&srpvid=b4b9347b5a210723&srepoch=1747812472&from=searchresults,46.1555729,-1.149602,Hébergement géré par un particulier,,8.7
511,34,La Rochelle,13.75,0.87,2.03,10.85,Central Park Hôtel & Spa,https://www.booking.com/hotel/fr/central-park-amp-spa.fr.html?aid=304142&label=gen173nr-1FCAQoggJCEnNlYXJjaF9sYSByb2NoZWxsZUgNWARoTYgBAZgBDbgBCsgBBdgBAegBAfgBA4gCAagCA7gC94C2wQbAAgHSAiRjYmNiYTM0OC04MWFlLTRiM2MtOWZlNi1kYWIxODJkODczNjnYAgXgAgE&ucfs=1&arphpl=1&group_adults=2&req_adults=2&no_rooms=1&group_children=0&req_children=0&hpos=14&hapos=14&sr_order=popularity&srpvid=b4b9347b5a210723&srepoch=1747812472&from=searchresults,46.15891332534751,-1.1608233546310203,"Le Central Park Hôtel & Spa est un établissement 4 étoiles situé à La Rochelle, à côté du Vieux-Port, à quelques minutes à pied de la plage et à 10 minutes de marche du cœur de la ville. ",4.0,8.7
512,34,La Rochelle,13.75,0.87,2.03,10.85,Hôtel Les Brises,https://www.booking.com/hotel/fr/hotellesbrises.fr.html?aid=304142&label=gen173nr-1FCAQoggJCEnNlYXJjaF9sYSByb2NoZWxsZUgNWARoTYgBAZgBDbgBCsgBBdgBAegBAfgBA4gCAagCA7gC94C2wQbAAgHSAiRjYmNiYTM0OC04MWFlLTRiM2MtOWZlNi1kYWIxODJkODczNjnYAgXgAgE&ucfs=1&arphpl=1&group_adults=2&req_adults=2&no_rooms=1&group_children=0&req_children=0&hpos=12&hapos=12&sr_order=popularity&srpvid=b4b9347b5a210723&srepoch=1747812472&from=searchresults,46.15345807004079,-1.174386441707611,"Situé en bord de mer, à seulement 2 km du vieux port de La Rochelle, l’Hôtel Les Brises offre une vue panoramique sur la mer et les îles voisines. Vous bénéficierez gratuitement d’une connexion Wi-Fi....",3.0,8.6
513,34,La Rochelle,13.75,0.87,2.03,10.85,ibis Styles La Rochelle Centre,https://www.booking.com/hotel/fr/ibis-la-rochelle-centre.fr.html?aid=304142&label=gen173nr-1FCAQoggJCEnNlYXJjaF9sYSByb2NoZWxsZUgNWARoTYgBAZgBDbgBCsgBBdgBAegBAfgBA4gCAagCA7gC94C2wQbAAgHSAiRjYmNiYTM0OC04MWFlLTRiM2MtOWZlNi1kYWIxODJkODczNjnYAgXgAgE&ucfs=1&arphpl=1&group_adults=2&req_adults=2&no_rooms=1&group_children=0&req_children=0&hpos=11&hapos=11&sr_order=popularity&srpvid=b4b9347b5a210723&srepoch=1747812472&from=searchresults,46.15801589993504,-1.1539718239425838,"L’ibis Styles La Rochelle Centre est situé au cœur de La Rochelle, à 300 mètres de la plage de la Concurrence. ",3.0,8.3
514,34,La Rochelle,13.75,0.87,2.03,10.85,ibis Budget La Rochelle Centre,https://www.booking.com/hotel/fr/ibis-budget-la-rochelle-centre-la-rochelle.fr.html?aid=304142&label=gen173nr-1FCAQoggJCEnNlYXJjaF9sYSByb2NoZWxsZUgNWARoTYgBAZgBDbgBCsgBBdgBAegBAfgBA4gCAagCA7gC94C2wQbAAgHSAiRjYmNiYTM0OC04MWFlLTRiM2MtOWZlNi1kYWIxODJkODczNjnYAgXgAgE&ucfs=1&arphpl=1&group_adults=2&req_adults=2&no_rooms=1&group_children=0&req_children=0&hpos=10&hapos=10&sr_order=popularity&srpvid=b4b9347b5a210723&srepoch=1747812472&from=searchresults,46.157612347442985,-1.1403863916015688,"Proposant un salon commun, une terrasse et un bar, l’établissement ibis Budget La Rochelle Centre se trouve à La Rochelle, à 1,8 km de ce lieu d’intérêt : Plage de la Concurrence. ",2.0,8.3
515,34,La Rochelle,13.75,0.87,2.03,10.85,Chambres d'Hôtes Eden Ouest,https://www.booking.com/hotel/fr/eden-ouest.fr.html?aid=304142&label=gen173nr-1FCAQoggJCEnNlYXJjaF9sYSByb2NoZWxsZUgNWARoTYgBAZgBDbgBCsgBBdgBAegBAfgBA4gCAagCA7gC94C2wQbAAgHSAiRjYmNiYTM0OC04MWFlLTRiM2MtOWZlNi1kYWIxODJkODczNjnYAgXgAgE&ucfs=1&arphpl=1&group_adults=2&req_adults=2&no_rooms=1&group_children=0&req_children=0&hpos=9&hapos=9&sr_order=popularity&srpvid=b4b9347b5a210723&srepoch=1747812472&from=searchresults,46.16124381545057,-1.1472122153442115,"Construit en 1745, l'établissement Chambres d'Hôtes Eden Ouest est situé au cœur de La Rochelle. Une connexion Wi-Fi est disponible gratuitement. ",,9.1
516,34,La Rochelle,13.75,0.87,2.03,10.85,Market Appart 44m2 - 1 chambre - près du Marché,https://www.booking.com/hotel/fr/market-appart.fr.html?aid=304142&label=gen173nr-1FCAQoggJCEnNlYXJjaF9sYSByb2NoZWxsZUgNWARoTYgBAZgBDbgBCsgBBdgBAegBAfgBA4gCAagCA7gC94C2wQbAAgHSAiRjYmNiYTM0OC04MWFlLTRiM2MtOWZlNi1kYWIxODJkODczNjnYAgXgAgE&ucfs=1&arphpl=1&group_adults=2&req_adults=2&no_rooms=1&group_children=0&req_children=0&hpos=7&hapos=7&sr_order=popularity&srpvid=b4b9347b5a210723&srepoch=1747812472&from=searchresults,46.163243876176,-1.149595262482,Hébergement géré par un particulier,,9.4
517,34,La Rochelle,13.75,0.87,2.03,10.85,Maisons du Monde Hôtel & Suites - La Rochelle Vieux Port,https://www.booking.com/hotel/fr/inter-saint-jean-d-acre.fr.html?aid=304142&label=gen173nr-1FCAQoggJCEnNlYXJjaF9sYSByb2NoZWxsZUgNWARoTYgBAZgBDbgBCsgBBdgBAegBAfgBA4gCAagCA7gC94C2wQbAAgHSAiRjYmNiYTM0OC04MWFlLTRiM2MtOWZlNi1kYWIxODJkODczNjnYAgXgAgE&ucfs=1&arphpl=1&group_adults=2&req_adults=2&no_rooms=1&group_children=0&req_children=0&hpos=8&hapos=8&sr_order=popularity&srpvid=b4b9347b5a210723&srepoch=1747812472&from_sustainable_property_sr=1&from=searchresults,46.15619304375638,-1.1544348299503326,Maisons du Monde Hôtel & Suites - La Rochelle Vieux Port est situé au niveau du port de La Rochelle. Vous bénéficierez gratuitement d'une connexion Wi-Fi gratuite dans l’ensemble des locaux. ,4.0,8.5
518,34,La Rochelle,13.75,0.87,2.03,10.85,Lagrange Apart'Hotel l’Escale Marine,https://www.booking.com/hotel/fr/l-escale-marine.fr.html?aid=304142&label=gen173nr-1FCAQoggJCEnNlYXJjaF9sYSByb2NoZWxsZUgNWARoTYgBAZgBDbgBCsgBBdgBAegBAfgBA4gCAagCA7gC94C2wQbAAgHSAiRjYmNiYTM0OC04MWFlLTRiM2MtOWZlNi1kYWIxODJkODczNjnYAgXgAgE&ucfs=1&arphpl=1&group_adults=2&req_adults=2&no_rooms=1&group_children=0&req_children=0&hpos=5&hapos=5&sr_order=popularity&srpvid=b4b9347b5a210723&srepoch=1747812472&from=searchresults,46.15107011961584,-1.1548632902130294,"L’établissement Lagrange Apart'Hotel l’Escale Marine vous accueille à La Rochelle, à côté du port des Minimes. Cette résidence possède une piscine couverte chauffée ainsi qu’un centre de bien-être. ",3.0,7.7
519,34,La Rochelle,13.75,0.87,2.03,10.85,AU COEUR DU CENTRE VILLE DE LA ROCHELLE AU CALME AVEC STATIONNEMENT GRATUIT,https://www.booking.com/hotel/fr/au-coeur-du-centre-ville-de-la-rochelle-au-calme-avec-stationnement-gratuit.fr.html?aid=304142&label=gen173nr-1FCAQoggJCEnNlYXJjaF9sYSByb2NoZWxsZUgNWARoTYgBAZgBDbgBCsgBBdgBAegBAfgBA4gCAagCA7gC94C2wQbAAgHSAiRjYmNiYTM0OC04MWFlLTRiM2MtOWZlNi1kYWIxODJkODczNjnYAgXgAgE&ucfs=1&arphpl=1&group_adults=2&req_adults=2&no_rooms=1&group_children=0&req_children=0&hpos=6&hapos=6&sr_order=popularity&srpvid=b4b9347b5a210723&srepoch=1747812472&from=searchresults,46.150806018102,-1.154688810451,Hébergement géré par un particulier,,8.9
520,34,La Rochelle,13.75,0.87,2.03,10.85,Apartment- La Rochelle historic city centre,https://www.booking.com/hotel/fr/apartment-la-rochelle-historic-city-centre.fr.html?aid=304142&label=gen173nr-1FCAQoggJCEnNlYXJjaF9sYSByb2NoZWxsZUgNWARoTYgBAZgBDbgBCsgBBdgBAegBAfgBA4gCAagCA7gC94C2wQbAAgHSAiRjYmNiYTM0OC04MWFlLTRiM2MtOWZlNi1kYWIxODJkODczNjnYAgXgAgE&ucfs=1&arphpl=1&group_adults=2&req_adults=2&no_rooms=1&group_children=0&req_children=0&hpos=4&hapos=4&sr_order=popularity&srpvid=b4b9347b5a210723&srepoch=1747812472&from=searchresults,46.1599029,-1.153394,Hébergement géré par un particulier,,9.7
521,34,La Rochelle,13.75,0.87,2.03,10.85,Appart'City Classic La Rochelle Centre,https://www.booking.com/hotel/fr/appart-city-cap-affaires-la-rochelle.fr.html?aid=304142&label=gen173nr-1FCAQoggJCEnNlYXJjaF9sYSByb2NoZWxsZUgNWARoTYgBAZgBDbgBCsgBBdgBAegBAfgBA4gCAagCA7gC94C2wQbAAgHSAiRjYmNiYTM0OC04MWFlLTRiM2MtOWZlNi1kYWIxODJkODczNjnYAgXgAgE&ucfs=1&arphpl=1&group_adults=2&req_adults=2&no_rooms=1&group_children=0&req_children=0&hpos=2&hapos=2&sr_order=popularity&srpvid=b4b9347b5a210723&srepoch=1747812472&from_sustainable_property_sr=1&from=searchresults,46.158446693708605,-1.1410117149353027,L’Appart'City Classic La Rochelle Centre se situe à 10 minutes à pied de la gare ferroviaire de La Rochelle ainsi qu'à 15 minutes du Vieux-Port et de la vieille ville. ,2.0,7.5
522,34,La Rochelle,13.75,0.87,2.03,10.85,Caporizon-Le Perot-T2 au coeur du vieux port 100m plage,https://www.booking.com/hotel/fr/caporizon-presente-coeur-vieux-port-t2-a-100m-plage.fr.html?aid=304142&label=gen173nr-1FCAQoggJCEnNlYXJjaF9sYSByb2NoZWxsZUgNWARoTYgBAZgBDbgBCsgBBdgBAegBAfgBA4gCAagCA7gC94C2wQbAAgHSAiRjYmNiYTM0OC04MWFlLTRiM2MtOWZlNi1kYWIxODJkODczNjnYAgXgAgE&ucfs=1&arphpl=1&group_adults=2&req_adults=2&no_rooms=1&group_children=0&req_children=0&hpos=15&hapos=15&sr_order=popularity&srpvid=b4b9347b5a210723&srepoch=1747812472&from=searchresults,46.156051,-1.1566384,Hébergement géré par un particulier,,8.0
523,34,La Rochelle,13.75,0.87,2.03,10.85,"Morena - Superbe Duplex, Terrasse avec vue mer, Wifi, Climatisation",https://www.booking.com/hotel/fr/hyper-center-sublime-terrace-air-conditioning-wi-fi.fr.html?aid=304142&label=gen173nr-1FCAQoggJCEnNlYXJjaF9sYSByb2NoZWxsZUgNWARoTYgBAZgBDbgBCsgBBdgBAegBAfgBA4gCAagCA7gC94C2wQbAAgHSAiRjYmNiYTM0OC04MWFlLTRiM2MtOWZlNi1kYWIxODJkODczNjnYAgXgAgE&ucfs=1&arphpl=1&group_adults=2&req_adults=2&no_rooms=1&group_children=0&req_children=0&hpos=3&hapos=3&sr_order=popularity&srpvid=b4b9347b5a210723&srepoch=1747812472&from=searchresults,46.1585177,-1.1517527,"L’hébergement Morena - Superbe Duplex, Terrasse avec vue mer, Wifi, Climatisation bénéficie d’une situation géographique idéale en plein centre de La Rochelle. ",,9.5
524,34,La Rochelle,13.75,0.87,2.03,10.85,"Hôtel Le Yachtman, The Originals Collection",https://www.booking.com/hotel/fr/le-yachtman.fr.html?aid=304142&label=gen173nr-1FCAQoggJCEnNlYXJjaF9sYSByb2NoZWxsZUgNWARoTYgBAZgBDbgBCsgBBdgBAegBAfgBA4gCAagCA7gC94C2wQbAAgHSAiRjYmNiYTM0OC04MWFlLTRiM2MtOWZlNi1kYWIxODJkODczNjnYAgXgAgE&ucfs=1&arphpl=1&group_adults=2&req_adults=2&no_rooms=1&group_children=0&req_children=0&hpos=1&hapos=1&sr_order=popularity&srpvid=b4b9347b5a210723&srepoch=1747812472&from=searchresults,46.15728365093064,-1.149967610836029,"Situé à La Rochelle, l’Hôtel Le Yachtman, The Originals Collection possède une piscine chauffée et une terrasse avec vue sur le port. ",4.0,8.5
525,33,Bayonne,15.8,3.49,1.73,10.58,Appartement Volet Bleu - Welkeys,https://www.booking.com/hotel/fr/flat-with-typical-charm-and-terrace-bayonne-welkeys.fr.html?aid=304142&label=gen173nr-1FCAQoggJCDnNlYXJjaF9iYXlvbm5lSA1YBGhNiAEBmAENuAEKyAEF2AEB6AEB-AEDiAIBqAIDuAL2gLbBBsACAdICJGQzNzE5NmUxLTYyMDItNDNkNi1hYzkwLWRjMDI4YmRhYzUwMNgCBeACAQ&ucfs=1&arphpl=1&group_adults=2&req_adults=2&no_rooms=1&group_children=0&req_children=0&hpos=8&hapos=8&sr_order=popularity&srpvid=831e347b2bad16d7&srepoch=1747812471&from=searchresults,43.4895445,-1.4740336,L’hébergement Appartement Volet Bleu - Welkeys vous accueille à respectivement 12 km et 22 km de ces lieux d’intérêt : Gare de Biarritz La Négresse et Gare de Saint-Jean-de-Luz. ,,7.7
526,33,Bayonne,15.8,3.49,1.73,10.58,Parc 709 Bayonne,https://www.booking.com/hotel/fr/parc-709-bayonne.fr.html?aid=304142&label=gen173nr-1FCAQoggJCDnNlYXJjaF9iYXlvbm5lSA1YBGhNiAEBmAENuAEKyAEF2AEB6AEB-AEDiAIBqAIDuAL2gLbBBsACAdICJGQzNzE5NmUxLTYyMDItNDNkNi1hYzkwLWRjMDI4YmRhYzUwMNgCBeACAQ&ucfs=1&arphpl=1&group_adults=2&req_adults=2&no_rooms=1&group_children=0&req_children=0&hpos=5&hapos=5&sr_order=popularity&srpvid=831e347b2bad16d7&srepoch=1747812471&from=searchresults,43.495606,-1.481317,Hébergement géré par un particulier,4.0,9.1
527,33,Bayonne,15.8,3.49,1.73,10.58,Maison d'hôtes City Break MIRADOUR,https://www.booking.com/hotel/fr/city-break-miradour.fr.html?aid=304142&label=gen173nr-1FCAQoggJCDnNlYXJjaF9iYXlvbm5lSA1YBGhNiAEBmAENuAEKyAEF2AEB6AEB-AEDiAIBqAIDuAL2gLbBBsACAdICJGQzNzE5NmUxLTYyMDItNDNkNi1hYzkwLWRjMDI4YmRhYzUwMNgCBeACAQ&ucfs=1&arphpl=1&group_adults=2&req_adults=2&no_rooms=1&group_children=0&req_children=0&hpos=6&hapos=6&sr_order=popularity&srpvid=831e347b2bad16d7&srepoch=1747812471&from=searchresults,43.489513,-1.479078,"L’établissement Maison d'hôtes City Break MIRADOUR se situe à Bayonne, à respectivement 12 km et 22 km de ces lieux d’intérêt : Gare de Biarritz La Négresse et Gare de Saint-Jean-de-Luz. ",,8.5
528,33,Bayonne,15.8,3.49,1.73,10.58,Hotel Loreak,https://www.booking.com/hotel/fr/comfort-bayonne-biarritz.fr.html?aid=304142&label=gen173nr-1FCAQoggJCDnNlYXJjaF9iYXlvbm5lSA1YBGhNiAEBmAENuAEKyAEF2AEB6AEB-AEDiAIBqAIDuAL2gLbBBsACAdICJGQzNzE5NmUxLTYyMDItNDNkNi1hYzkwLWRjMDI4YmRhYzUwMNgCBeACAQ&ucfs=1&arphpl=1&group_adults=2&req_adults=2&no_rooms=1&group_children=0&req_children=0&hpos=9&hapos=9&sr_order=popularity&srpvid=831e347b2bad16d7&srepoch=1747812471&from=searchresults,43.49349108918729,-1.4526334404945374,"Installé à 2 km du centre-ville de Bayonne, l’Hotel Loreak propose des hébergements avec une salle de bains privative, une connexion Wi-Fi gratuite et une télévision à écran plat. ",3.0,8.3
529,33,Bayonne,15.8,3.49,1.73,10.58,Appartement bayonne ellaia,https://www.booking.com/hotel/fr/appartement-bayonne-ellaia.fr.html?aid=304142&label=gen173nr-1FCAQoggJCDnNlYXJjaF9iYXlvbm5lSA1YBGhNiAEBmAENuAEKyAEF2AEB6AEB-AEDiAIBqAIDuAL2gLbBBsACAdICJGQzNzE5NmUxLTYyMDItNDNkNi1hYzkwLWRjMDI4YmRhYzUwMNgCBeACAQ&ucfs=1&arphpl=1&group_adults=2&req_adults=2&no_rooms=1&group_children=0&req_children=0&hpos=1&hapos=1&sr_order=popularity&srpvid=831e347b2bad16d7&srepoch=1747812471&from=searchresults,43.4852137,-1.4876637,Hébergement géré par un particulier,,9.6
530,33,Bayonne,15.8,3.49,1.73,10.58,Appartement au coeur de Bayonne sur les remparts,https://www.booking.com/hotel/fr/5-rue-des-faures.fr.html?aid=304142&label=gen173nr-1FCAQoggJCDnNlYXJjaF9iYXlvbm5lSA1YBGhNiAEBmAENuAEKyAEF2AEB6AEB-AEDiAIBqAIDuAL2gLbBBsACAdICJGQzNzE5NmUxLTYyMDItNDNkNi1hYzkwLWRjMDI4YmRhYzUwMNgCBeACAQ&ucfs=1&arphpl=1&group_adults=2&req_adults=2&no_rooms=1&group_children=0&req_children=0&hpos=10&hapos=10&sr_order=popularity&srpvid=831e347b2bad16d7&srepoch=1747812471&from=searchresults,43.4893908,-1.4790953,Hébergement géré par un particulier,,9.1
531,33,Bayonne,15.8,3.49,1.73,10.58,Hôtel Villa KOEGUI Bayonne,https://www.booking.com/hotel/fr/villa-koegui-bayonne.fr.html?aid=304142&label=gen173nr-1FCAQoggJCDnNlYXJjaF9iYXlvbm5lSA1YBGhNiAEBmAENuAEKyAEF2AEB6AEB-AEDiAIBqAIDuAL2gLbBBsACAdICJGQzNzE5NmUxLTYyMDItNDNkNi1hYzkwLWRjMDI4YmRhYzUwMNgCBeACAQ&ucfs=1&arphpl=1&group_adults=2&req_adults=2&no_rooms=1&group_children=0&req_children=0&hpos=7&hapos=7&sr_order=popularity&srpvid=831e347b2bad16d7&srepoch=1747812471&from=searchresults,43.492371,-1.472588,"Situé à Bayonne, l’établissement Hôtel Villa KOEGUI Bayonne possède un salon commun, une terrasse, un restaurant et un bar. ",4.0,8.9
532,33,Bayonne,15.8,3.49,1.73,10.58,Hotel Cote Basque,https://www.booking.com/hotel/fr/cote-basque.fr.html?aid=304142&label=gen173nr-1FCAQoggJCDnNlYXJjaF9iYXlvbm5lSA1YBGhNiAEBmAENuAEKyAEF2AEB6AEB-AEDiAIBqAIDuAL2gLbBBsACAdICJGQzNzE5NmUxLTYyMDItNDNkNi1hYzkwLWRjMDI4YmRhYzUwMNgCBeACAQ&ucfs=1&arphpl=1&group_adults=2&req_adults=2&no_rooms=1&group_children=0&req_children=0&hpos=4&hapos=4&sr_order=popularity&srpvid=831e347b2bad16d7&srepoch=1747812471&from=searchresults,43.49618306480432,-1.4696010947227478,"L'Hotel Cote Basque est situé au cœur de la ville historique de Bayonne, en face du pont Saint-Esprit. Il propose une connexion Wi-Fi gratuite et des chambres avec salle de bains privative. ",2.0,8.0
533,33,Bayonne,15.8,3.49,1.73,10.58,OKKO Hotels Bayonne Centre,https://www.booking.com/hotel/fr/okko-hotels-bayonne-centre.fr.html?aid=304142&label=gen173nr-1FCAQoggJCDnNlYXJjaF9iYXlvbm5lSA1YBGhNiAEBmAENuAEKyAEF2AEB6AEB-AEDiAIBqAIDuAL2gLbBBsACAdICJGQzNzE5NmUxLTYyMDItNDNkNi1hYzkwLWRjMDI4YmRhYzUwMNgCBeACAQ&ucfs=1&arphpl=1&group_adults=2&req_adults=2&no_rooms=1&group_children=0&req_children=0&hpos=3&hapos=3&sr_order=popularity&srpvid=831e347b2bad16d7&srepoch=1747812471&from=searchresults,43.49534430000001,-1.4825117999999975,"Installé à Bayonne, à seulement 700 mètres du centre-ville et de la cathédrale Sainte-Marie, l’OKKO Hotels Bayonne Centre vous propose des chambres climatisées et une connexion Wi-Fi gratuite dans...",4.0,8.2
534,33,Bayonne,15.8,3.49,1.73,10.58,Boutique Hôtel Un Appart en Ville,https://www.booking.com/hotel/fr/un-appart-en-ville-bayonne1.fr.html?aid=304142&label=gen173nr-1FCAQoggJCDnNlYXJjaF9iYXlvbm5lSA1YBGhNiAEBmAENuAEKyAEF2AEB6AEB-AEDiAIBqAIDuAL2gLbBBsACAdICJGQzNzE5NmUxLTYyMDItNDNkNi1hYzkwLWRjMDI4YmRhYzUwMNgCBeACAQ&ucfs=1&arphpl=1&group_adults=2&req_adults=2&no_rooms=1&group_children=0&req_children=0&hpos=2&hapos=2&sr_order=popularity&srpvid=831e347b2bad16d7&srepoch=1747812471&from=searchresults,43.4909225,-1.4774412,"L’établissement Boutique Hôtel Un Appart en Ville vous accueille à Bayonne, à respectivement 12 km et 22 km de ces lieux d’intérêt : Gare de Biarritz La Négresse et Gare de Saint-Jean-de-Luz. ",3.0,8.4
535,33,Bayonne,15.8,3.49,1.73,10.58,Appartement Atalante - Welkeys,https://www.booking.com/hotel/fr/charming-flat-in-the-heart-of-the-old-bayonne.fr.html?aid=304142&label=gen173nr-1FCAQoggJCDnNlYXJjaF9iYXlvbm5lSA1YBGhNiAEBmAENuAEKyAEF2AEB6AEB-AEDiAIBqAIDuAL2gLbBBsACAdICJGQzNzE5NmUxLTYyMDItNDNkNi1hYzkwLWRjMDI4YmRhYzUwMNgCBeACAQ&ucfs=1&arphpl=1&group_adults=2&req_adults=2&no_rooms=1&group_children=0&req_children=0&hpos=16&hapos=16&sr_order=popularity&srpvid=831e347b2bad16d7&srepoch=1747812471&from=searchresults,43.4897401,-1.47560440000007,"L’hébergement Appartement Atalante - Welkeys se situe à Bayonne, à respectivement 11 km et 21 km de ces lieux d’intérêt : Gare de Biarritz La Négresse et Gare de Saint-Jean-de-Luz. ",,8.3
536,33,Bayonne,15.8,3.49,1.73,10.58,Appart'Hôtel Bellevue,https://www.booking.com/hotel/fr/appart-39-bellevue.fr.html?aid=304142&label=gen173nr-1FCAQoggJCDnNlYXJjaF9iYXlvbm5lSA1YBGhNiAEBmAENuAEKyAEF2AEB6AEB-AEDiAIBqAIDuAL2gLbBBsACAdICJGQzNzE5NmUxLTYyMDItNDNkNi1hYzkwLWRjMDI4YmRhYzUwMNgCBeACAQ&ucfs=1&arphpl=1&group_adults=2&req_adults=2&no_rooms=1&group_children=0&req_children=0&hpos=18&hapos=18&sr_order=popularity&srpvid=831e347b2bad16d7&srepoch=1747812471&from=searchresults,43.50579423022689,-1.4560883209014719,"Situé dans un jardin, L'Appart'Hôtel Bellevue est situé à Bayonne, à seulement 2,4 km de la cathédrale Sainte-Marie. Un parking privé et une connexion Wi-Fi sont disponibles gratuitement sur place. ",2.0,8.8
537,33,Bayonne,15.8,3.49,1.73,10.58,ibis Styles Bayonne,https://www.booking.com/hotel/fr/loustau.fr.html?aid=304142&label=gen173nr-1FCAQoggJCDnNlYXJjaF9iYXlvbm5lSA1YBGhNiAEBmAENuAEKyAEF2AEB6AEB-AEDiAIBqAIDuAL2gLbBBsACAdICJGQzNzE5NmUxLTYyMDItNDNkNi1hYzkwLWRjMDI4YmRhYzUwMNgCBeACAQ&ucfs=1&arphpl=1&group_adults=2&req_adults=2&no_rooms=1&group_children=0&req_children=0&hpos=19&hapos=19&sr_order=popularity&srpvid=831e347b2bad16d7&srepoch=1747812471&from=searchresults,43.495405741197395,-1.4708241820335388,"Situé sur les rives de l'Adour et offrant une vue exceptionnelle sur la ville médiévale de Bayonne, l'ibis Styles Bayonne se trouve à quelques pas de la cathédrale du XIIe siècle. ",3.0,8.5
538,33,Bayonne,15.8,3.49,1.73,10.58,Appartement Baiona,https://www.booking.com/hotel/fr/bayonne-appartement-terrasse-4-km-plage.fr.html?aid=304142&label=gen173nr-1FCAQoggJCDnNlYXJjaF9iYXlvbm5lSA1YBGhNiAEBmAENuAEKyAEF2AEB6AEB-AEDiAIBqAIDuAL2gLbBBsACAdICJGQzNzE5NmUxLTYyMDItNDNkNi1hYzkwLWRjMDI4YmRhYzUwMNgCBeACAQ&ucfs=1&arphpl=1&group_adults=2&req_adults=2&no_rooms=1&group_children=0&req_children=0&hpos=17&hapos=17&sr_order=popularity&srpvid=831e347b2bad16d7&srepoch=1747812471&from=searchresults,43.507135403616,-1.4819133597529999,Hébergement géré par un particulier,,10.0
539,33,Bayonne,15.8,3.49,1.73,10.58,B&B HOTEL Bayonne,https://www.booking.com/hotel/fr/b-amp-b-bayonne.fr.html?aid=304142&label=gen173nr-1FCAQoggJCDnNlYXJjaF9iYXlvbm5lSA1YBGhNiAEBmAENuAEKyAEF2AEB6AEB-AEDiAIBqAIDuAL2gLbBBsACAdICJGQzNzE5NmUxLTYyMDItNDNkNi1hYzkwLWRjMDI4YmRhYzUwMNgCBeACAQ&ucfs=1&arphpl=1&group_adults=2&req_adults=2&no_rooms=1&group_children=0&req_children=0&hpos=15&hapos=15&sr_order=popularity&srpvid=831e347b2bad16d7&srepoch=1747812471&from=searchresults,43.4645147,-1.4959652999999662,"Situé à Bayonne, à seulement 3 km de l'aéroport de Biarritz, le B&B HOTEL Bayonne propose des hébergements insonorisés, une connexion Wi-Fi gratuite et un parking privé sur place disponible à titre...",2.0,7.3
540,33,Bayonne,15.8,3.49,1.73,10.58,Appartement Bourbon - Welkeys,https://www.booking.com/hotel/fr/large-and-confortable-apartment-on-bayonne-city-center.fr.html?aid=304142&label=gen173nr-1FCAQoggJCDnNlYXJjaF9iYXlvbm5lSA1YBGhNiAEBmAENuAEKyAEF2AEB6AEB-AEDiAIBqAIDuAL2gLbBBsACAdICJGQzNzE5NmUxLTYyMDItNDNkNi1hYzkwLWRjMDI4YmRhYzUwMNgCBeACAQ&ucfs=1&arphpl=1&group_adults=2&req_adults=2&no_rooms=1&group_children=0&req_children=0&hpos=25&hapos=25&sr_order=popularity&srpvid=831e347b2bad16d7&srepoch=1747812471&from=searchresults,43.4940723,-1.46441379999999,"L’hébergement Appartement Bourbon - Welkeys se trouve à Bayonne, à respectivement 15 km, 25 km et 25 km de ces lieux d’intérêt : Gare de Biarritz La Négresse, Gare de Saint-Jean-de-Luz et Église...",,8.6
541,33,Bayonne,15.8,3.49,1.73,10.58,Le Petit Nid Douillet de Jéjé,https://www.booking.com/hotel/fr/le-petit-nid-douillet-chez-jeje.fr.html?aid=304142&label=gen173nr-1FCAQoggJCDnNlYXJjaF9iYXlvbm5lSA1YBGhNiAEBmAENuAEKyAEF2AEB6AEB-AEDiAIBqAIDuAL2gLbBBsACAdICJGQzNzE5NmUxLTYyMDItNDNkNi1hYzkwLWRjMDI4YmRhYzUwMNgCBeACAQ&ucfs=1&arphpl=1&group_adults=2&req_adults=2&no_rooms=1&group_children=0&req_children=0&hpos=24&hapos=24&sr_order=popularity&srpvid=831e347b2bad16d7&srepoch=1747812471&from=searchresults,43.494059313051,-1.468246395107,Hébergement géré par un particulier,,9.5
542,33,Bayonne,15.8,3.49,1.73,10.58,ibis Bayonne Centre,https://www.booking.com/hotel/fr/ibis-bayonne.fr.html?aid=304142&label=gen173nr-1FCAQoggJCDnNlYXJjaF9iYXlvbm5lSA1YBGhNiAEBmAENuAEKyAEF2AEB6AEB-AEDiAIBqAIDuAL2gLbBBsACAdICJGQzNzE5NmUxLTYyMDItNDNkNi1hYzkwLWRjMDI4YmRhYzUwMNgCBeACAQ&ucfs=1&arphpl=1&group_adults=2&req_adults=2&no_rooms=1&group_children=0&req_children=0&hpos=23&hapos=23&sr_order=popularity&srpvid=831e347b2bad16d7&srepoch=1747812471&from=searchresults,43.492713,-1.465659,"Situé à 5 minutes à pied du centre de Bayonne, l’ibis Bayonne Centre se trouve sur les rives de l’Adour, à seulement 600 mètres de la gare ferroviaire. ",3.0,8.0
543,33,Bayonne,15.8,3.49,1.73,10.58,Hostel20 Bayonne,https://www.booking.com/hotel/fr/hostel-20-bayonne.fr.html?aid=304142&label=gen173nr-1FCAQoggJCDnNlYXJjaF9iYXlvbm5lSA1YBGhNiAEBmAENuAEKyAEF2AEB6AEB-AEDiAIBqAIDuAL2gLbBBsACAdICJGQzNzE5NmUxLTYyMDItNDNkNi1hYzkwLWRjMDI4YmRhYzUwMNgCBeACAQ&ucfs=1&arphpl=1&group_adults=2&req_adults=2&no_rooms=1&group_children=0&req_children=0&hpos=22&hapos=22&sr_order=popularity&srpvid=831e347b2bad16d7&srepoch=1747812471&from=searchresults,43.49535,-1.468753,"Situé à Bayonne, l’établissement 1 étoile Hostel20 Bayonne comprend un salon commun, une terrasse et un bar. Il vous accueille à 15 km de ce lieu d’intérêt : Gare de Biarritz La Négresse. ",1.0,7.8
544,33,Bayonne,15.8,3.49,1.73,10.58,Hôtel Le Bayonne,https://www.booking.com/hotel/fr/le-bayonne-ha-tel.fr.html?aid=304142&label=gen173nr-1FCAQoggJCDnNlYXJjaF9iYXlvbm5lSA1YBGhNiAEBmAENuAEKyAEF2AEB6AEB-AEDiAIBqAIDuAL2gLbBBsACAdICJGQzNzE5NmUxLTYyMDItNDNkNi1hYzkwLWRjMDI4YmRhYzUwMNgCBeACAQ&ucfs=1&arphpl=1&group_adults=2&req_adults=2&no_rooms=1&group_children=0&req_children=0&hpos=14&hapos=14&sr_order=popularity&srpvid=831e347b2bad16d7&srepoch=1747812471&from=searchresults,43.485026198989566,-1.4753705263137817,"Set in central Bayonne in the Aquitaine region, Hôtel Le Bayonne offers a seasonal, outdoor swimming pool. ",4.0,8.3
545,33,Bayonne,15.8,3.49,1.73,10.58,Hôtel Villa la Renaissance,https://www.booking.com/hotel/fr/villa-la-renaissance-bayonne.fr.html?aid=304142&label=gen173nr-1FCAQoggJCDnNlYXJjaF9iYXlvbm5lSA1YBGhNiAEBmAENuAEKyAEF2AEB6AEB-AEDiAIBqAIDuAL2gLbBBsACAdICJGQzNzE5NmUxLTYyMDItNDNkNi1hYzkwLWRjMDI4YmRhYzUwMNgCBeACAQ&ucfs=1&arphpl=1&group_adults=2&req_adults=2&no_rooms=1&group_children=0&req_children=0&hpos=21&hapos=21&sr_order=popularity&srpvid=831e347b2bad16d7&srepoch=1747812471&from=searchresults,43.482321,-1.468164,"L’établissement Hôtel Villa la Renaissance vous accueille à Bayonne, à 13 km de ce lieu d’intérêt : Gare de Biarritz La Négresse. ",4.0,9.1
546,33,Bayonne,15.8,3.49,1.73,10.58,bayonne centre,https://www.booking.com/hotel/fr/bayonne-centre-historique.fr.html?aid=304142&label=gen173nr-1FCAQoggJCDnNlYXJjaF9iYXlvbm5lSA1YBGhNiAEBmAENuAEKyAEF2AEB6AEB-AEDiAIBqAIDuAL2gLbBBsACAdICJGQzNzE5NmUxLTYyMDItNDNkNi1hYzkwLWRjMDI4YmRhYzUwMNgCBeACAQ&ucfs=1&arphpl=1&group_adults=2&req_adults=2&no_rooms=1&group_children=0&req_children=0&hpos=12&hapos=12&sr_order=popularity&srpvid=831e347b2bad16d7&srepoch=1747812471&from=searchresults,43.4897436,-1.4754807,Hébergement géré par un particulier,,8.6
547,33,Bayonne,15.8,3.49,1.73,10.58,Hôtel Mercure Bayonne Centre Le Grand Hotel,https://www.booking.com/hotel/fr/bwlegrandhotel.fr.html?aid=304142&label=gen173nr-1FCAQoggJCDnNlYXJjaF9iYXlvbm5lSA1YBGhNiAEBmAENuAEKyAEF2AEB6AEB-AEDiAIBqAIDuAL2gLbBBsACAdICJGQzNzE5NmUxLTYyMDItNDNkNi1hYzkwLWRjMDI4YmRhYzUwMNgCBeACAQ&ucfs=1&arphpl=1&group_adults=2&req_adults=2&no_rooms=1&group_children=0&req_children=0&hpos=20&hapos=20&sr_order=popularity&srpvid=831e347b2bad16d7&srepoch=1747812471&from=searchresults,43.492311913537534,-1.476609706878662,"L’Hôtel Mercure Bayonne Centre Le Grand Hotel vous accueille à 5 km des plages de la côte atlantique, dans le centre-ville de Bayonne, une ville au patrimoine historique et culturel impressionnant. ",4.0,8.5
548,33,Bayonne,15.8,3.49,1.73,10.58,Iri Etxea - Appt 2 chambre à Bayonne,https://www.booking.com/hotel/fr/iri-etxea-appt-2-chambre-a-bayonne.fr.html?aid=304142&label=gen173nr-1FCAQoggJCDnNlYXJjaF9iYXlvbm5lSA1YBGhNiAEBmAENuAEKyAEF2AEB6AEB-AEDiAIBqAIDuAL2gLbBBsACAdICJGQzNzE5NmUxLTYyMDItNDNkNi1hYzkwLWRjMDI4YmRhYzUwMNgCBeACAQ&ucfs=1&arphpl=1&group_adults=2&req_adults=2&no_rooms=1&group_children=0&req_children=0&hpos=13&hapos=13&sr_order=popularity&srpvid=831e347b2bad16d7&srepoch=1747812471&from=searchresults,43.4839486263238,-1.46432428531952,L’hébergement Iri Etxea - Appt 2 chambre à Bayonne vous accueille à respectivement 22 km et 23 km de ces lieux d’intérêt : Église Saint-Jean-Baptiste et Gare de Saint-Jean-de-Luz. ,4.0,9.0
549,33,Bayonne,15.8,3.49,1.73,10.58,Appartement Exceptionnel proche Centre-Ville,https://www.booking.com/hotel/fr/grand-appartement-cosy.fr.html?aid=304142&label=gen173nr-1FCAQoggJCDnNlYXJjaF9iYXlvbm5lSA1YBGhNiAEBmAENuAEKyAEF2AEB6AEB-AEDiAIBqAIDuAL2gLbBBsACAdICJGQzNzE5NmUxLTYyMDItNDNkNi1hYzkwLWRjMDI4YmRhYzUwMNgCBeACAQ&ucfs=1&arphpl=1&group_adults=2&req_adults=2&no_rooms=1&group_children=0&req_children=0&hpos=11&hapos=11&sr_order=popularity&srpvid=831e347b2bad16d7&srepoch=1747812471&from=searchresults,43.4840765,-1.4610053,Hébergement géré par un particulier,,9.2
550,12,Besançon,15.24,4.05,0.98,10.21,La Petite Sommière,https://www.booking.com/hotel/fr/la-petite-sommiere.fr.html?aid=304142&label=gen173nr-1FCAQoggJCD3NlYXJjaF9iZXNhbmNvbkgNWARoTYgBAZgBDbgBCsgBBdgBAegBAfgBA4gCAagCA7gC8P-1wQbAAgHSAiQxYTZmNTVkYS03YWJlLTQzY2MtOGFkYS00MTMwYjBjZGMwNDTYAgXgAgE&ucfs=1&arphpl=1&group_adults=2&req_adults=2&no_rooms=1&group_children=0&req_children=0&hpos=25&hapos=25&sr_order=popularity&srpvid=17e234382390005b&srepoch=1747812337&from=searchresults,47.2406022,6.0487297,"Proposant un jardin, un salon commun et une connexion Wi-Fi gratuite, l’établissement La Petite Sommière se situe à Besançon, à respectivement 1,6 km et 3,6 km de ces lieux d’intérêt : Gare de...",,9.5
551,12,Besançon,15.24,4.05,0.98,10.21,Les Fabuleux appartements du Coeur de ville - Place Victor Hugo,https://www.booking.com/hotel/fr/face-a-victor-besancon.fr.html?aid=304142&label=gen173nr-1FCAQoggJCD3NlYXJjaF9iZXNhbmNvbkgNWARoTYgBAZgBDbgBCsgBBdgBAegBAfgBA4gCAagCA7gC8P-1wQbAAgHSAiQxYTZmNTVkYS03YWJlLTQzY2MtOGFkYS00MTMwYjBjZGMwNDTYAgXgAgE&ucfs=1&arphpl=1&group_adults=2&req_adults=2&no_rooms=1&group_children=0&req_children=0&hpos=22&hapos=22&sr_order=popularity&srpvid=17e234382390005b&srepoch=1747812337&from=searchresults,47.235012635508,6.029440829448,"Situé à 200 mètres du centre de Besançon, l’établissement Les Fabuleux appartements du Coeur de ville - Place Victor Hugo propose des hébergements avec une connexion Wi-Fi gratuite ainsi qu'une...",,8.2
552,12,Besançon,15.24,4.05,0.98,10.21,Appartment Les Suites Du Parc,https://www.booking.com/hotel/fr/appartment-les-suites-du-parc.fr.html?aid=304142&label=gen173nr-1FCAQoggJCD3NlYXJjaF9iZXNhbmNvbkgNWARoTYgBAZgBDbgBCsgBBdgBAegBAfgBA4gCAagCA7gC8P-1wQbAAgHSAiQxYTZmNTVkYS03YWJlLTQzY2MtOGFkYS00MTMwYjBjZGMwNDTYAgXgAgE&ucfs=1&arphpl=1&group_adults=2&req_adults=2&no_rooms=1&group_children=0&req_children=0&hpos=23&hapos=23&sr_order=popularity&srpvid=17e234382390005b&srepoch=1747812337&from=searchresults,47.246039800250685,6.023162099869069,Hébergement géré par un particulier,,7.9
553,12,Besançon,15.24,4.05,0.98,10.21,ibis Besançon Centre Ville,https://www.booking.com/hotel/fr/ibis-besancon-centre-ville.fr.html?aid=304142&label=gen173nr-1FCAQoggJCD3NlYXJjaF9iZXNhbmNvbkgNWARoTYgBAZgBDbgBCsgBBdgBAegBAfgBA4gCAagCA7gC8P-1wQbAAgHSAiQxYTZmNTVkYS03YWJlLTQzY2MtOGFkYS00MTMwYjBjZGMwNDTYAgXgAgE&ucfs=1&arphpl=1&group_adults=2&req_adults=2&no_rooms=1&group_children=0&req_children=0&hpos=21&hapos=21&sr_order=popularity&srpvid=17e234382390005b&srepoch=1747812337&from=searchresults,47.24045605146395,6.025995332734055,"L'ibis Besançon Centre Ville se trouve dans la vieille ville de Besançon, à 500 mètres de la gare de Viotte et à 20 minutes de marche de la citadelle Vauban ainsi que du musée des beaux-arts. ",3.0,8.4
554,12,Besançon,15.24,4.05,0.98,10.21,Hotel Restaurant Vesontio,https://www.booking.com/hotel/fr/hotel-restaurant-oxalys.fr.html?aid=304142&label=gen173nr-1FCAQoggJCD3NlYXJjaF9iZXNhbmNvbkgNWARoTYgBAZgBDbgBCsgBBdgBAegBAfgBA4gCAagCA7gC8P-1wQbAAgHSAiQxYTZmNTVkYS03YWJlLTQzY2MtOGFkYS00MTMwYjBjZGMwNDTYAgXgAgE&ucfs=1&arphpl=1&group_adults=2&req_adults=2&no_rooms=1&group_children=0&req_children=0&hpos=20&hapos=20&sr_order=popularity&srpvid=17e234382390005b&srepoch=1747812337&from=searchresults,47.25904853843431,6.008062362670898,"Situé à 5 km du centre-ville de Besançon et du musée des Beaux-Arts, l'Hotel Restaurant Vesontio propose un restaurant climatisé et une salle de réunion. La connexion Wi-Fi est gratuite. ",3.0,8.3
555,12,Besançon,15.24,4.05,0.98,10.21,Hypercentre calme - Le Gatsby - Coconhome,https://www.booking.com/hotel/fr/artdeco.fr.html?aid=304142&label=gen173nr-1FCAQoggJCD3NlYXJjaF9iZXNhbmNvbkgNWARoTYgBAZgBDbgBCsgBBdgBAegBAfgBA4gCAagCA7gC8P-1wQbAAgHSAiQxYTZmNTVkYS03YWJlLTQzY2MtOGFkYS00MTMwYjBjZGMwNDTYAgXgAgE&ucfs=1&arphpl=1&group_adults=2&req_adults=2&no_rooms=1&group_children=0&req_children=0&hpos=19&hapos=19&sr_order=popularity&srpvid=17e234382390005b&srepoch=1747812337&from=searchresults,47.2371945,6.0247761,"Possédant un jardin, l’hébergement Hypercentre calme - Le Gatsby - Coconhome bénéficie d’un emplacement stratégique dans le centre de Besançon. ",,8.4
556,12,Besançon,15.24,4.05,0.98,10.21,Contact Hôtel Foch,https://www.booking.com/hotel/fr/foch-besancon.fr.html?aid=304142&label=gen173nr-1FCAQoggJCD3NlYXJjaF9iZXNhbmNvbkgNWARoTYgBAZgBDbgBCsgBBdgBAegBAfgBA4gCAagCA7gC8P-1wQbAAgHSAiQxYTZmNTVkYS03YWJlLTQzY2MtOGFkYS00MTMwYjBjZGMwNDTYAgXgAgE&ucfs=1&arphpl=1&group_adults=2&req_adults=2&no_rooms=1&group_children=0&req_children=0&hpos=24&hapos=24&sr_order=popularity&srpvid=17e234382390005b&srepoch=1747812337&from=searchresults,47.246196956180164,6.023350954055786,"Situé à quelques pas de la gare de Besançon et à seulement cinq minutes du centre-ville, l'hôtel Foch propose qualité et confort à un prix abordable Ce charmant hôtel dispose d'une vue panoramique su...",3.0,7.4
557,12,Besançon,15.24,4.05,0.98,10.21,Mercure Besancon Parc Micaud - Hotel & Bar,https://www.booking.com/hotel/fr/besancon-parc-micaud.fr.html?aid=304142&label=gen173nr-1FCAQoggJCD3NlYXJjaF9iZXNhbmNvbkgNWARoTYgBAZgBDbgBCsgBBdgBAegBAfgBA4gCAagCA7gC8P-1wQbAAgHSAiQxYTZmNTVkYS03YWJlLTQzY2MtOGFkYS00MTMwYjBjZGMwNDTYAgXgAgE&ucfs=1&arphpl=1&group_adults=2&req_adults=2&no_rooms=1&group_children=0&req_children=0&hpos=18&hapos=18&sr_order=popularity&srpvid=17e234382390005b&srepoch=1747812337&from=searchresults,47.242287519524396,6.031794548034668,"Cet hôtel Mercure est situé dans le centre-ville de Besançon, dans le jardin du casino sur le Doubs et en face du parc Micaud. ",,8.2
558,12,Besançon,15.24,4.05,0.98,10.21,Chambre d'Hôtes La Villa Molina,https://www.booking.com/hotel/fr/la-villa-molina.fr.html?aid=304142&label=gen173nr-1FCAQoggJCD3NlYXJjaF9iZXNhbmNvbkgNWARoTYgBAZgBDbgBCsgBBdgBAegBAfgBA4gCAagCA7gC8P-1wQbAAgHSAiQxYTZmNTVkYS03YWJlLTQzY2MtOGFkYS00MTMwYjBjZGMwNDTYAgXgAgE&ucfs=1&arphpl=1&group_adults=2&req_adults=2&no_rooms=1&group_children=0&req_children=0&hpos=17&hapos=17&sr_order=popularity&srpvid=17e234382390005b&srepoch=1747812337&from=searchresults,47.25044475006427,6.02088063955307,Hébergement géré par un particulier,,9.2
559,12,Besançon,15.24,4.05,0.98,10.21,Hôtel Restaurant Spa Le Sauvage,https://www.booking.com/hotel/fr/ho-tel-le-sauvage-besanasson.fr.html?aid=304142&label=gen173nr-1FCAQoggJCD3NlYXJjaF9iZXNhbmNvbkgNWARoTYgBAZgBDbgBCsgBBdgBAegBAfgBA4gCAagCA7gC8P-1wQbAAgHSAiQxYTZmNTVkYS03YWJlLTQzY2MtOGFkYS00MTMwYjBjZGMwNDTYAgXgAgE&ucfs=1&arphpl=1&group_adults=2&req_adults=2&no_rooms=1&group_children=0&req_children=0&hpos=16&hapos=16&sr_order=popularity&srpvid=17e234382390005b&srepoch=1747812337&from=searchresults,47.23171766809705,6.027591526508331,"L’Hôtel Restaurant Spa Le Sauvage vous accueille dans l’ancien monastère des Clarisses, dans le quartier historique de Besançon, à 500 mètres des anciens contreforts de la citadelle. ",4.0,8.7
560,12,Besançon,15.24,4.05,0.98,10.21,Studio plein centre,https://www.booking.com/hotel/fr/studio-plein-centre-besancon.fr.html?aid=304142&label=gen173nr-1FCAQoggJCD3NlYXJjaF9iZXNhbmNvbkgNWARoTYgBAZgBDbgBCsgBBdgBAegBAfgBA4gCAagCA7gC8P-1wQbAAgHSAiQxYTZmNTVkYS03YWJlLTQzY2MtOGFkYS00MTMwYjBjZGMwNDTYAgXgAgE&ucfs=1&arphpl=1&group_adults=2&req_adults=2&no_rooms=1&group_children=0&req_children=0&hpos=15&hapos=15&sr_order=popularity&srpvid=17e234382390005b&srepoch=1747812337&from=searchresults,47.2389056,6.0204463,Hébergement géré par un particulier,,
561,12,Besançon,15.24,4.05,0.98,10.21,Hotel Régina,https://www.booking.com/hotel/fr/le-regina-besancon.fr.html?aid=304142&label=gen173nr-1FCAQoggJCD3NlYXJjaF9iZXNhbmNvbkgNWARoTYgBAZgBDbgBCsgBBdgBAegBAfgBA4gCAagCA7gC8P-1wQbAAgHSAiQxYTZmNTVkYS03YWJlLTQzY2MtOGFkYS00MTMwYjBjZGMwNDTYAgXgAgE&ucfs=1&arphpl=1&group_adults=2&req_adults=2&no_rooms=1&group_children=0&req_children=0&hpos=14&hapos=14&sr_order=popularity&srpvid=17e234382390005b&srepoch=1747812337&from=searchresults,47.23664,6.025664,"L’établissement Hotel Régina est idéalement placé à Besançon. Il comprend un jardin, une terrasse et une connexion Wi-Fi gratuite. ",,7.3
562,12,Besançon,15.24,4.05,0.98,10.21,Le Megevand,https://www.booking.com/hotel/fr/le-megevand.fr.html?aid=304142&label=gen173nr-1FCAQoggJCD3NlYXJjaF9iZXNhbmNvbkgNWARoTYgBAZgBDbgBCsgBBdgBAegBAfgBA4gCAagCA7gC8P-1wQbAAgHSAiQxYTZmNTVkYS03YWJlLTQzY2MtOGFkYS00MTMwYjBjZGMwNDTYAgXgAgE&ucfs=1&arphpl=1&group_adults=2&req_adults=2&no_rooms=1&group_children=0&req_children=0&hpos=13&hapos=13&sr_order=popularity&srpvid=17e234382390005b&srepoch=1747812337&from=searchresults,47.2362398,6.02346,Hébergement géré par un particulier,,7.8
563,12,Besançon,15.24,4.05,0.98,10.21,Hotel Du Nord,https://www.booking.com/hotel/fr/du-nord-besancon.fr.html?aid=304142&label=gen173nr-1FCAQoggJCD3NlYXJjaF9iZXNhbmNvbkgNWARoTYgBAZgBDbgBCsgBBdgBAegBAfgBA4gCAagCA7gC8P-1wQbAAgHSAiQxYTZmNTVkYS03YWJlLTQzY2MtOGFkYS00MTMwYjBjZGMwNDTYAgXgAgE&ucfs=1&arphpl=1&group_adults=2&req_adults=2&no_rooms=1&group_children=0&req_children=0&hpos=12&hapos=12&sr_order=popularity&srpvid=17e234382390005b&srepoch=1747812337&from=searchresults,47.23727602649555,6.02586954832077,"Cet hôtel est situé au cœur de Besançon, à seulement 700 mètres des rives du Doubs. ",2.0,8.4
564,12,Besançon,15.24,4.05,0.98,10.21,Charmant cocon centre historique,https://www.booking.com/hotel/fr/charmant-cocon-centre-historique.fr.html?aid=304142&label=gen173nr-1FCAQoggJCD3NlYXJjaF9iZXNhbmNvbkgNWARoTYgBAZgBDbgBCsgBBdgBAegBAfgBA4gCAagCA7gC8P-1wQbAAgHSAiQxYTZmNTVkYS03YWJlLTQzY2MtOGFkYS00MTMwYjBjZGMwNDTYAgXgAgE&ucfs=1&arphpl=1&group_adults=2&req_adults=2&no_rooms=1&group_children=0&req_children=0&hpos=11&hapos=11&sr_order=popularity&srpvid=17e234382390005b&srepoch=1747812337&from=searchresults,47.2345273,6.0274517,Hébergement géré par un particulier,,9.2
565,12,Besançon,15.24,4.05,0.98,10.21,ibis budget Besançon Centre Gare,https://www.booking.com/hotel/fr/ibis-budget-besanasson-centre-gare.fr.html?aid=304142&label=gen173nr-1FCAQoggJCD3NlYXJjaF9iZXNhbmNvbkgNWARoTYgBAZgBDbgBCsgBBdgBAegBAfgBA4gCAagCA7gC8P-1wQbAAgHSAiQxYTZmNTVkYS03YWJlLTQzY2MtOGFkYS00MTMwYjBjZGMwNDTYAgXgAgE&ucfs=1&arphpl=1&group_adults=2&req_adults=2&no_rooms=1&group_children=0&req_children=0&hpos=10&hapos=10&sr_order=popularity&srpvid=17e234382390005b&srepoch=1747812337&from_sustainable_property_sr=1&from=searchresults,47.246846407466016,6.023120284080505,"Situé à Besançon, à seulement 100 mètres de la gare de la Viotte, l'ibis budget Besançon Centre Gare propose des chambres simples dotées d'une connexion Wi-Fi gratuite et d'un accès disponible 24h/24....",2.0,7.8
566,12,Besançon,15.24,4.05,0.98,10.21,Best Western Citadelle,https://www.booking.com/hotel/fr/bestwesterncitadelle.fr.html?aid=304142&label=gen173nr-1FCAQoggJCD3NlYXJjaF9iZXNhbmNvbkgNWARoTYgBAZgBDbgBCsgBBdgBAegBAfgBA4gCAagCA7gC8P-1wQbAAgHSAiQxYTZmNTVkYS03YWJlLTQzY2MtOGFkYS00MTMwYjBjZGMwNDTYAgXgAgE&ucfs=1&arphpl=1&group_adults=2&req_adults=2&no_rooms=1&group_children=0&req_children=0&hpos=8&hapos=8&sr_order=popularity&srpvid=17e234382390005b&srepoch=1747812337&from_sustainable_property_sr=1&from=searchresults,47.23154100035795,6.026580333709717,"Le Best Western Citadelle est situé dans le centre-ville historique de Besançon, à 5 minutes à pied du Doubs et de la Citadelle. La connexion Wi-Fi est gratuite dans les chambres. ",3.0,8.1
567,12,Besançon,15.24,4.05,0.98,10.21,Comfort Aparthotel Besancon La City,https://www.booking.com/hotel/fr/citea-besancon.fr.html?aid=304142&label=gen173nr-1FCAQoggJCD3NlYXJjaF9iZXNhbmNvbkgNWARoTYgBAZgBDbgBCsgBBdgBAegBAfgBA4gCAagCA7gC8P-1wQbAAgHSAiQxYTZmNTVkYS03YWJlLTQzY2MtOGFkYS00MTMwYjBjZGMwNDTYAgXgAgE&ucfs=1&arphpl=1&group_adults=2&req_adults=2&no_rooms=1&group_children=0&req_children=0&hpos=9&hapos=9&sr_order=popularity&srpvid=17e234382390005b&srepoch=1747812337&from_sustainable_property_sr=1&from=searchresults,47.235682520054645,6.01401150226593,"Situé à Besançon, le Comfort Aparthotel Besancon La City propose des studios et des appartements dotés d’une connexion Wi-Fi gratuite. ",3.0,8.1
568,12,Besançon,15.24,4.05,0.98,10.21,Les Ronchaux Studio Hyper Centre WiFi,https://www.booking.com/hotel/fr/les-ronchaux-studio-hyper-centre-wifi.fr.html?aid=304142&label=gen173nr-1FCAQoggJCD3NlYXJjaF9iZXNhbmNvbkgNWARoTYgBAZgBDbgBCsgBBdgBAegBAfgBA4gCAagCA7gC8P-1wQbAAgHSAiQxYTZmNTVkYS03YWJlLTQzY2MtOGFkYS00MTMwYjBjZGMwNDTYAgXgAgE&ucfs=1&arphpl=1&group_adults=2&req_adults=2&no_rooms=1&group_children=0&req_children=0&hpos=6&hapos=6&sr_order=popularity&srpvid=17e234382390005b&srepoch=1747812337&from=searchresults,47.2348051,6.0281744,"Doté d’une connexion Wi-Fi gratuite, l’hébergement Les Ronchaux Studio Hyper Centre WiFi se situe dans le centre de Besançon, à respectivement 1,3 km et 1,8 km de ces lieux d’intérêt : Gare de...",,
569,12,Besançon,15.24,4.05,0.98,10.21,Temis hôtel Besançon,https://www.booking.com/hotel/fr/all-suites-besancon.fr.html?aid=304142&label=gen173nr-1FCAQoggJCD3NlYXJjaF9iZXNhbmNvbkgNWARoTYgBAZgBDbgBCsgBBdgBAegBAfgBA4gCAagCA7gC8P-1wQbAAgHSAiQxYTZmNTVkYS03YWJlLTQzY2MtOGFkYS00MTMwYjBjZGMwNDTYAgXgAgE&ucfs=1&arphpl=1&group_adults=2&req_adults=2&no_rooms=1&group_children=0&req_children=0&hpos=7&hapos=7&sr_order=popularity&srpvid=17e234382390005b&srepoch=1747812337&from=searchresults,47.25435722578138,5.995480120182037,"L’établissement Temis hôtel Besançon vous accueille à Besançon, à 3,3 km de ce lieu d’intérêt : Gare de Besançon-Viotte. Il comprend un jardin, une terrasse et un parking privé gratuit. ",3.0,7.9
570,12,Besançon,15.24,4.05,0.98,10.21,Comfort Aparthotel Besancon Hauts du Chazal,https://www.booking.com/hotel/fr/residence-hauts-du-chazal.fr.html?aid=304142&label=gen173nr-1FCAQoggJCD3NlYXJjaF9iZXNhbmNvbkgNWARoTYgBAZgBDbgBCsgBBdgBAegBAfgBA4gCAagCA7gC8P-1wQbAAgHSAiQxYTZmNTVkYS03YWJlLTQzY2MtOGFkYS00MTMwYjBjZGMwNDTYAgXgAgE&ucfs=1&arphpl=1&group_adults=2&req_adults=2&no_rooms=1&group_children=0&req_children=0&hpos=5&hapos=5&sr_order=popularity&srpvid=17e234382390005b&srepoch=1747812337&from=searchresults,47.22448655881508,5.9561240673065186,"Installé à Besançon, à moins de 4,1 km du parc des expositions Micropolis, le Comfort Aparthotel Besancon Hauts du Chazal vous propose une terrasse, des chambres non-fumeurs et une connexion Wi-Fi...",3.0,8.1
571,12,Besançon,15.24,4.05,0.98,10.21,Soirée cinéma quartier Mouillère,https://www.booking.com/hotel/fr/soiree-cinema-quartier-mouillere.fr.html?aid=304142&label=gen173nr-1FCAQoggJCD3NlYXJjaF9iZXNhbmNvbkgNWARoTYgBAZgBDbgBCsgBBdgBAegBAfgBA4gCAagCA7gC8P-1wQbAAgHSAiQxYTZmNTVkYS03YWJlLTQzY2MtOGFkYS00MTMwYjBjZGMwNDTYAgXgAgE&ucfs=1&arphpl=1&group_adults=2&req_adults=2&no_rooms=1&group_children=0&req_children=0&hpos=4&hapos=4&sr_order=popularity&srpvid=17e234382390005b&srepoch=1747812337&from=searchresults,47.242938055505,6.032260366564,Hébergement géré par un particulier,,8.4
572,12,Besançon,15.24,4.05,0.98,10.21,Cosy Diem Vauban,https://www.booking.com/hotel/fr/cosy-diem-vauban.fr.html?aid=304142&label=gen173nr-1FCAQoggJCD3NlYXJjaF9iZXNhbmNvbkgNWARoTYgBAZgBDbgBCsgBBdgBAegBAfgBA4gCAagCA7gC8P-1wQbAAgHSAiQxYTZmNTVkYS03YWJlLTQzY2MtOGFkYS00MTMwYjBjZGMwNDTYAgXgAgE&ucfs=1&arphpl=1&group_adults=2&req_adults=2&no_rooms=1&group_children=0&req_children=0&hpos=2&hapos=2&sr_order=popularity&srpvid=17e234382390005b&srepoch=1747812337&from=searchresults,47.24097,6.01049,"L’établissement Cosy Diem Vauban vous accueille à Besançon, à respectivement 1,2 km et 3,2 km de ces lieux d’intérêt : Gare de Besançon-Viotte et Gare de Besançon-Mouillère. ",,9.3
573,12,Besançon,15.24,4.05,0.98,10.21,Hôtel de Paris,https://www.booking.com/hotel/fr/de-paris-besanasson.fr.html?aid=304142&label=gen173nr-1FCAQoggJCD3NlYXJjaF9iZXNhbmNvbkgNWARoTYgBAZgBDbgBCsgBBdgBAegBAfgBA4gCAagCA7gC8P-1wQbAAgHSAiQxYTZmNTVkYS03YWJlLTQzY2MtOGFkYS00MTMwYjBjZGMwNDTYAgXgAgE&ucfs=1&arphpl=1&group_adults=2&req_adults=2&no_rooms=1&group_children=0&req_children=0&hpos=3&hapos=3&sr_order=popularity&srpvid=17e234382390005b&srepoch=1747812337&from=searchresults,47.23856536577556,6.025325059890747,"Situé dans le centre de Besançon, l’Hôtel de Paris est un établissement à la décoration contemporaine doté d’une terrasse et d’une réception ouverte 24h/24. ",3.0,8.5
574,12,Besançon,15.24,4.05,0.98,10.21,ibis Besançon Centre la City,https://www.booking.com/hotel/fr/ibis-besancon-la-city.fr.html?aid=304142&label=gen173nr-1FCAQoggJCD3NlYXJjaF9iZXNhbmNvbkgNWARoTYgBAZgBDbgBCsgBBdgBAegBAfgBA4gCAagCA7gC8P-1wQbAAgHSAiQxYTZmNTVkYS03YWJlLTQzY2MtOGFkYS00MTMwYjBjZGMwNDTYAgXgAgE&ucfs=1&arphpl=1&group_adults=2&req_adults=2&no_rooms=1&group_children=0&req_children=0&hpos=1&hapos=1&sr_order=popularity&srpvid=17e234382390005b&srepoch=1747812337&from_sustainable_property_sr=1&from=searchresults,47.23549140373459,6.0149883853889605,"L’ibis Besançon la City se trouve sur les rives du Doubs, dans le quartier d’affaires La City, à 10 minutes de marche du centre-ville de Besançon et de ses musées. ",3.0,7.8
575,32,Biarritz,15.27,3.53,1.73,10.01,Studio 3* Vue Mer Parking Régina et Golf,https://www.booking.com/hotel/fr/studio-vue-mer-parking-prive-regina-et-golf.fr.html?aid=304142&label=gen173nr-1FCAQoggJCD3NlYXJjaF9iaWFycml0ekgNWARoTYgBAZgBDbgBCsgBBdgBAegBAfgBA4gCAagCA7gCu4C2wQbAAgHSAiQ5MzI0ZTEzMC05ZDY5LTQ4NzYtOWFjOC1lZjY2ZjI0ZGFiNznYAgXgAgE&ucfs=1&arphpl=1&group_adults=2&req_adults=2&no_rooms=1&group_children=0&req_children=0&hpos=25&hapos=25&sr_order=popularity&srpvid=3346345d1e71049d&srepoch=1747812412&from=searchresults,43.489978342027,-1.552403205032,Hébergement géré par un particulier,,8.8
576,32,Biarritz,15.27,3.53,1.73,10.01,Hôtel Florida,https://www.booking.com/hotel/fr/eugenie-biarritz.fr.html?aid=304142&label=gen173nr-1FCAQoggJCD3NlYXJjaF9iaWFycml0ekgNWARoTYgBAZgBDbgBCsgBBdgBAegBAfgBA4gCAagCA7gCu4C2wQbAAgHSAiQ5MzI0ZTEzMC05ZDY5LTQ4NzYtOWFjOC1lZjY2ZjI0ZGFiNznYAgXgAgE&ucfs=1&arphpl=1&group_adults=2&req_adults=2&no_rooms=1&group_children=0&req_children=0&hpos=24&hapos=24&sr_order=popularity&srpvid=3346345d1e71049d&srepoch=1747812412&from=searchresults,43.482229605617206,-1.5639907121658325,"Situé en bord de mer à Biarritz, l’Hôtel Florida vous accueille à seulement 300 mètres de la plage. Un petit-déjeuner buffet est servi chaque matin. ",4.0,7.6
577,32,Biarritz,15.27,3.53,1.73,10.01,Ama Hôtel,https://www.booking.com/hotel/fr/alcyon-biarritz.fr.html?aid=304142&label=gen173nr-1FCAQoggJCD3NlYXJjaF9iaWFycml0ekgNWARoTYgBAZgBDbgBCsgBBdgBAegBAfgBA4gCAagCA7gCu4C2wQbAAgHSAiQ5MzI0ZTEzMC05ZDY5LTQ4NzYtOWFjOC1lZjY2ZjI0ZGFiNznYAgXgAgE&ucfs=1&arphpl=1&group_adults=2&req_adults=2&no_rooms=1&group_children=0&req_children=0&hpos=23&hapos=23&sr_order=popularity&srpvid=3346345d1e71049d&srepoch=1747812412&from=searchresults,43.48131294872144,-1.5574930608272552,"Conçu par le célèbre architecte basque Raymond Larrebat-Tudor et construit au XVIIIe siècle, l’Ama Hôtel vous accueille dans une jolie résidence située au cœur de Biarritz. ",3.0,8.8
578,32,Biarritz,15.27,3.53,1.73,10.01,Hôtel PALMITO,https://www.booking.com/hotel/fr/palym-biarritz.fr.html?aid=304142&label=gen173nr-1FCAQoggJCD3NlYXJjaF9iaWFycml0ekgNWARoTYgBAZgBDbgBCsgBBdgBAegBAfgBA4gCAagCA7gCu4C2wQbAAgHSAiQ5MzI0ZTEzMC05ZDY5LTQ4NzYtOWFjOC1lZjY2ZjI0ZGFiNznYAgXgAgE&ucfs=1&arphpl=1&group_adults=2&req_adults=2&no_rooms=1&group_children=0&req_children=0&hpos=22&hapos=22&sr_order=popularity&srpvid=3346345d1e71049d&srepoch=1747812412&from=searchresults,43.48205055695561,-1.5657448768615723,"Situé dans la vieille ville de Biarritz, l’établissement non-fumeurs Hôtel PALMITO se trouve à seulement 100 mètres de la plage. ",3.0,8.4
579,32,Biarritz,15.27,3.53,1.73,10.01,BIARRITZ Victoria Surf,https://www.booking.com/hotel/fr/biarritz-victoria-surf.fr.html?aid=304142&label=gen173nr-1FCAQoggJCD3NlYXJjaF9iaWFycml0ekgNWARoTYgBAZgBDbgBCsgBBdgBAegBAfgBA4gCAagCA7gCu4C2wQbAAgHSAiQ5MzI0ZTEzMC05ZDY5LTQ4NzYtOWFjOC1lZjY2ZjI0ZGFiNznYAgXgAgE&ucfs=1&arphpl=1&group_adults=2&req_adults=2&no_rooms=1&group_children=0&req_children=0&hpos=20&hapos=20&sr_order=popularity&srpvid=3346345d1e71049d&srepoch=1747812412&from=searchresults,43.4840168,-1.5579646999999999,Hébergement géré par un particulier,2.0,8.6
580,32,Biarritz,15.27,3.53,1.73,10.01,ibis Styles Biarritz Plage,https://www.booking.com/hotel/fr/hotellebiarritz.fr.html?aid=304142&label=gen173nr-1FCAQoggJCD3NlYXJjaF9iaWFycml0ekgNWARoTYgBAZgBDbgBCsgBBdgBAegBAfgBA4gCAagCA7gCu4C2wQbAAgHSAiQ5MzI0ZTEzMC05ZDY5LTQ4NzYtOWFjOC1lZjY2ZjI0ZGFiNznYAgXgAgE&ucfs=1&arphpl=1&group_adults=2&req_adults=2&no_rooms=1&group_children=0&req_children=0&hpos=21&hapos=21&sr_order=popularity&srpvid=3346345d1e71049d&srepoch=1747812412&from=searchresults,43.46889876055893,-1.5685611963272095,"Located a 10-minute walk from the centre of Biarritz, this seafront hotel is just a few minutes’ walk from the beach. Its rooms overlook the sea or the city. ",3.0,8.6
581,32,Biarritz,15.27,3.53,1.73,10.01,ALFRED HOTELS Les Halles,https://www.booking.com/hotel/fr/hotelanjou.fr.html?aid=304142&label=gen173nr-1FCAQoggJCD3NlYXJjaF9iaWFycml0ekgNWARoTYgBAZgBDbgBCsgBBdgBAegBAfgBA4gCAagCA7gCu4C2wQbAAgHSAiQ5MzI0ZTEzMC05ZDY5LTQ4NzYtOWFjOC1lZjY2ZjI0ZGFiNznYAgXgAgE&ucfs=1&arphpl=1&group_adults=2&req_adults=2&no_rooms=1&group_children=0&req_children=0&hpos=17&hapos=17&sr_order=popularity&srpvid=3346345d1e71049d&srepoch=1747812412&from=searchresults,43.481694404236,-1.5630841255187988,"Entièrement rénové, l'hôtel se compose de 3 maisons de village, de 35 chambres réparties sur 4 étages, et de plateaux au cœur du quartier le plus commerçant de Biarritz, Les Halles, dans un lieu animé...",3.0,9.2
582,32,Biarritz,15.27,3.53,1.73,10.01,Les Petites Cyclades,https://www.booking.com/hotel/fr/biarritz-ocean-eco-friendly-style-iles-cyclades-parking.fr.html?aid=304142&label=gen173nr-1FCAQoggJCD3NlYXJjaF9iaWFycml0ekgNWARoTYgBAZgBDbgBCsgBBdgBAegBAfgBA4gCAagCA7gCu4C2wQbAAgHSAiQ5MzI0ZTEzMC05ZDY5LTQ4NzYtOWFjOC1lZjY2ZjI0ZGFiNznYAgXgAgE&ucfs=1&arphpl=1&group_adults=2&req_adults=2&no_rooms=1&group_children=0&req_children=0&hpos=18&hapos=18&sr_order=popularity&srpvid=3346345d1e71049d&srepoch=1747812412&from=searchresults,43.480814,-1.5573709999999998,"L’hébergement Les Petites Cyclades vous accueille dans le centre de Biarritz, à respectivement 500 mètres et 3,1 km de ces lieux d’intérêt : Grande Plage et Gare de Biarritz La Négresse. ",,8.2
583,32,Biarritz,15.27,3.53,1.73,10.01,Maison Cuevas,https://www.booking.com/hotel/fr/la-maison-du-marquis-biarritz.fr.html?aid=304142&label=gen173nr-1FCAQoggJCD3NlYXJjaF9iaWFycml0ekgNWARoTYgBAZgBDbgBCsgBBdgBAegBAfgBA4gCAagCA7gCu4C2wQbAAgHSAiQ5MzI0ZTEzMC05ZDY5LTQ4NzYtOWFjOC1lZjY2ZjI0ZGFiNznYAgXgAgE&ucfs=1&arphpl=1&group_adults=2&req_adults=2&no_rooms=1&group_children=0&req_children=0&hpos=19&hapos=19&sr_order=popularity&srpvid=3346345d1e71049d&srepoch=1747812412&from=searchresults,43.484388,-1.541099,"Situé à Biarritz, l’établissement Maison Cuevas comprend une piscine extérieure, une salle de sport, un salon commun et une terrasse. Il possède un bar et est installé à 2,3 km de : Plage du VVF. ",,9.4
584,32,Biarritz,15.27,3.53,1.73,10.01,Résidence Pierre & Vacances Premium Haguna,https://www.booking.com/hotel/fr/residence-pierre-vacances-haguna.fr.html?aid=304142&label=gen173nr-1FCAQoggJCD3NlYXJjaF9iaWFycml0ekgNWARoTYgBAZgBDbgBCsgBBdgBAegBAfgBA4gCAagCA7gCu4C2wQbAAgHSAiQ5MzI0ZTEzMC05ZDY5LTQ4NzYtOWFjOC1lZjY2ZjI0ZGFiNznYAgXgAgE&ucfs=1&arphpl=1&group_adults=2&req_adults=2&no_rooms=1&group_children=0&req_children=0&hpos=15&hapos=15&sr_order=popularity&srpvid=3346345d1e71049d&srepoch=1747812412&from_sustainable_property_sr=1&from=searchresults,43.4853453565997,-1.5525805950164795,"L’établissement Pierre & Vacances Premium Haguna se trouve dans le centre-ville de Biarritz, à seulement 300 mètres de la plage. Cette résidence propose de spacieux appartements indépendants. ",4.0,8.6
585,32,Biarritz,15.27,3.53,1.73,10.01,Grand Tonic Hotel & SPA NUXE,https://www.booking.com/hotel/fr/tonic-hotel-biarritz.fr.html?aid=304142&label=gen173nr-1FCAQoggJCD3NlYXJjaF9iaWFycml0ekgNWARoTYgBAZgBDbgBCsgBBdgBAegBAfgBA4gCAagCA7gCu4C2wQbAAgHSAiQ5MzI0ZTEzMC05ZDY5LTQ4NzYtOWFjOC1lZjY2ZjI0ZGFiNznYAgXgAgE&ucfs=1&arphpl=1&group_adults=2&req_adults=2&no_rooms=1&group_children=0&req_children=0&hpos=14&hapos=14&sr_order=popularity&srpvid=3346345d1e71049d&srepoch=1747812412&from=searchresults,43.48447350743248,-1.5569445490837097," Situé dans la ville balnéaire de Biarritz, le Grand Tonic Hotel & SPA Biarritz se trouve à seulement 200 mètres de la Grande Plage pour un séjour parfait à pied. ",4.0,7.9
586,32,Biarritz,15.27,3.53,1.73,10.01,Hôtel & Espace Bien-être La Maison du Lierre,https://www.booking.com/hotel/fr/la-maison-du-lierre.fr.html?aid=304142&label=gen173nr-1FCAQoggJCD3NlYXJjaF9iaWFycml0ekgNWARoTYgBAZgBDbgBCsgBBdgBAegBAfgBA4gCAagCA7gCu4C2wQbAAgHSAiQ5MzI0ZTEzMC05ZDY5LTQ4NzYtOWFjOC1lZjY2ZjI0ZGFiNznYAgXgAgE&ucfs=1&arphpl=1&group_adults=2&req_adults=2&no_rooms=1&group_children=0&req_children=0&hpos=16&hapos=16&sr_order=popularity&srpvid=3346345d1e71049d&srepoch=1747812412&from=searchresults,43.480133535313925,-1.5607613325119019,"L’Hôtel & Espace Bien-être La Maison du Lierre se trouve à Biarritz, à 300 mètres de la plage ainsi qu’à 5 minutes du centre de congrès Bellevue, du casino et de la gare du Midi. ",3.0,9.0
587,32,Biarritz,15.27,3.53,1.73,10.01,VTF Le Domaine de Françon,https://www.booking.com/hotel/fr/vtf-le-domaine-de-francon.fr.html?aid=304142&label=gen173nr-1FCAQoggJCD3NlYXJjaF9iaWFycml0ekgNWARoTYgBAZgBDbgBCsgBBdgBAegBAfgBA4gCAagCA7gCu4C2wQbAAgHSAiQ5MzI0ZTEzMC05ZDY5LTQ4NzYtOWFjOC1lZjY2ZjI0ZGFiNznYAgXgAgE&ucfs=1&arphpl=1&group_adults=2&req_adults=2&no_rooms=1&group_children=0&req_children=0&hpos=13&hapos=13&sr_order=popularity&srpvid=3346345d1e71049d&srepoch=1747812412&from=searchresults,43.46218084066308,-1.5597318515899588,"Situé à Biarritz, VTF Le Domaine de Françon possède une piscine extérieure, une aire de jeux pour enfants, une terrasse, un restaurant et un bar. ",3.0,8.5
588,32,Biarritz,15.27,3.53,1.73,10.01,Chambre d'Hôtes Arima,https://www.booking.com/hotel/fr/chambre-d-ha-tes-arima.fr.html?aid=304142&label=gen173nr-1FCAQoggJCD3NlYXJjaF9iaWFycml0ekgNWARoTYgBAZgBDbgBCsgBBdgBAegBAfgBA4gCAagCA7gCu4C2wQbAAgHSAiQ5MzI0ZTEzMC05ZDY5LTQ4NzYtOWFjOC1lZjY2ZjI0ZGFiNznYAgXgAgE&ucfs=1&arphpl=1&group_adults=2&req_adults=2&no_rooms=1&group_children=0&req_children=0&hpos=12&hapos=12&sr_order=popularity&srpvid=3346345d1e71049d&srepoch=1747812412&from=searchresults,43.48295343838935,-1.5512824058532715,Hébergement géré par un particulier,,9.4
589,32,Biarritz,15.27,3.53,1.73,10.01,"Biarritz appartement 2 adultes, 2 enfants à proximité immédiate des plages et des commerces",https://www.booking.com/hotel/fr/biarritz-appartement-4-personnes-a-proximite-immediate-des-plages-et-des-commerc.fr.html?aid=304142&label=gen173nr-1FCAQoggJCD3NlYXJjaF9iaWFycml0ekgNWARoTYgBAZgBDbgBCsgBBdgBAegBAfgBA4gCAagCA7gCu4C2wQbAAgHSAiQ5MzI0ZTEzMC05ZDY5LTQ4NzYtOWFjOC1lZjY2ZjI0ZGFiNznYAgXgAgE&ucfs=1&arphpl=1&group_adults=2&req_adults=2&no_rooms=1&group_children=0&req_children=0&hpos=11&hapos=11&sr_order=popularity&srpvid=3346345d1e71049d&srepoch=1747812412&from=searchresults,43.470851,-1.5687712999999999,Hébergement géré par un particulier,,9.1
590,32,Biarritz,15.27,3.53,1.73,10.01,Hôtel Jules Verne Biarritz,https://www.booking.com/hotel/fr/karitza-biarritz.fr.html?aid=304142&label=gen173nr-1FCAQoggJCD3NlYXJjaF9iaWFycml0ekgNWARoTYgBAZgBDbgBCsgBBdgBAegBAfgBA4gCAagCA7gCu4C2wQbAAgHSAiQ5MzI0ZTEzMC05ZDY5LTQ4NzYtOWFjOC1lZjY2ZjI0ZGFiNznYAgXgAgE&ucfs=1&arphpl=1&group_adults=2&req_adults=2&no_rooms=1&group_children=0&req_children=0&hpos=10&hapos=10&sr_order=popularity&srpvid=3346345d1e71049d&srepoch=1747812412&from_sustainable_property_sr=1&from=searchresults,43.47853953902587,-1.5553995966911316,"L’Hôtel Jules Verne Biarritz vous accueille dans le centre-ville de Biarritz, à proximité du Palais des Festivals, du casino et des plages. Sur place, vous profiterez d’une piscine extérieure...",4.0,8.3
591,32,Biarritz,15.27,3.53,1.73,10.01,Studio Bellevue Clemenceau-3 by Interhome,https://www.booking.com/hotel/fr/studio-bellevue-clemenceau-3-by-interhome.fr.html?aid=304142&label=gen173nr-1FCAQoggJCD3NlYXJjaF9iaWFycml0ekgNWARoTYgBAZgBDbgBCsgBBdgBAegBAfgBA4gCAagCA7gCu4C2wQbAAgHSAiQ5MzI0ZTEzMC05ZDY5LTQ4NzYtOWFjOC1lZjY2ZjI0ZGFiNznYAgXgAgE&ucfs=1&arphpl=1&group_adults=2&req_adults=2&no_rooms=1&group_children=0&req_children=0&hpos=7&hapos=7&sr_order=popularity&srpvid=3346345d1e71049d&srepoch=1747812412&from=searchresults,43.482784,-1.561204,"Situé au cœur de Biarritz, l’hébergement Studio Bellevue Clemenceau-3 by Interhome possède un balcon offrant une vue sur la mer. ",,8.3
592,32,Biarritz,15.27,3.53,1.73,10.01,Hôtel AKENA Biarritz - Grande plage,https://www.booking.com/hotel/fr/altess-hotel.fr.html?aid=304142&label=gen173nr-1FCAQoggJCD3NlYXJjaF9iaWFycml0ekgNWARoTYgBAZgBDbgBCsgBBdgBAegBAfgBA4gCAagCA7gCu4C2wQbAAgHSAiQ5MzI0ZTEzMC05ZDY5LTQ4NzYtOWFjOC1lZjY2ZjI0ZGFiNznYAgXgAgE&ucfs=1&arphpl=1&group_adults=2&req_adults=2&no_rooms=1&group_children=0&req_children=0&hpos=9&hapos=9&sr_order=popularity&srpvid=3346345d1e71049d&srepoch=1747812412&from=searchresults,43.48534146444387,-1.5523874759674072,"L'Hôtel AKENA Biarritz - Grande plage se trouve à 300 mètres de la plage principale de Biarritz, près du centre-ville. Vous bénéficierez gratuitement d'une connexion Wi-Fi. ",3.0,8.4
593,32,Biarritz,15.27,3.53,1.73,10.01,Coup de Cœur assuré pour ce T2 rénové Hyper centre,https://www.booking.com/hotel/fr/coup-de-coeur-assure-pour-ce-t2-renove-hyper-centre.fr.html?aid=304142&label=gen173nr-1FCAQoggJCD3NlYXJjaF9iaWFycml0ekgNWARoTYgBAZgBDbgBCsgBBdgBAegBAfgBA4gCAagCA7gCu4C2wQbAAgHSAiQ5MzI0ZTEzMC05ZDY5LTQ4NzYtOWFjOC1lZjY2ZjI0ZGFiNznYAgXgAgE&ucfs=1&arphpl=1&group_adults=2&req_adults=2&no_rooms=1&group_children=0&req_children=0&hpos=6&hapos=6&sr_order=popularity&srpvid=3346345d1e71049d&srepoch=1747812412&from=searchresults,43.480819,-1.563038,Hébergement géré par un particulier,,8.5
594,32,Biarritz,15.27,3.53,1.73,10.01,Résidence Victoria Surf,https://www.booking.com/hotel/fr/residence-victoria-surf-victoria-management.fr.html?aid=304142&label=gen173nr-1FCAQoggJCD3NlYXJjaF9iaWFycml0ekgNWARoTYgBAZgBDbgBCsgBBdgBAegBAfgBA4gCAagCA7gCu4C2wQbAAgHSAiQ5MzI0ZTEzMC05ZDY5LTQ4NzYtOWFjOC1lZjY2ZjI0ZGFiNznYAgXgAgE&ucfs=1&arphpl=1&group_adults=2&req_adults=2&no_rooms=1&group_children=0&req_children=0&hpos=8&hapos=8&sr_order=popularity&srpvid=3346345d1e71049d&srepoch=1747812412&from=searchresults,43.48474401555174,-1.557089388370514,"Installée dans le centre de Biarritz, la Résidence Victoria Surf dispose de studios indépendants donnant sur la plage principale. ",,8.2
595,32,Biarritz,15.27,3.53,1.73,10.01,Coliving Biarritz,https://www.booking.com/hotel/fr/outsite-coliving-biarrtiz.fr.html?aid=304142&label=gen173nr-1FCAQoggJCD3NlYXJjaF9iaWFycml0ekgNWARoTYgBAZgBDbgBCsgBBdgBAegBAfgBA4gCAagCA7gCu4C2wQbAAgHSAiQ5MzI0ZTEzMC05ZDY5LTQ4NzYtOWFjOC1lZjY2ZjI0ZGFiNznYAgXgAgE&ucfs=1&arphpl=1&group_adults=2&req_adults=2&no_rooms=1&group_children=0&req_children=0&hpos=5&hapos=5&sr_order=popularity&srpvid=3346345d1e71049d&srepoch=1747812412&from=searchresults,43.479357,-1.562543,"Possédant un salon commun, une terrasse et des équipements de sports nautiques, l’établissement Coliving Biarritz se situe dans le centre de Biarritz, à 400 mètres de ce lieu d’intérêt : Plage de la...",,8.1
596,32,Biarritz,15.27,3.53,1.73,10.01,Hotel Barnetche,https://www.booking.com/hotel/fr/barnetche.fr.html?aid=304142&label=gen173nr-1FCAQoggJCD3NlYXJjaF9iaWFycml0ekgNWARoTYgBAZgBDbgBCsgBBdgBAegBAfgBA4gCAagCA7gCu4C2wQbAAgHSAiQ5MzI0ZTEzMC05ZDY5LTQ4NzYtOWFjOC1lZjY2ZjI0ZGFiNznYAgXgAgE&ucfs=1&arphpl=1&group_adults=2&req_adults=2&no_rooms=1&group_children=0&req_children=0&hpos=3&hapos=3&sr_order=popularity&srpvid=3346345d1e71049d&srepoch=1747812412&from=searchresults,43.479916528524086,-1.5561412274837494,"Situé dans le centre-ville de Biarritz, à moins de 5 minutes à pied de la plage, de la place Clémenceau ainsi que du marché des Halles, l'Hotel Barnetche dispose d'une terrasse et propose des...",3.0,8.3
597,32,Biarritz,15.27,3.53,1.73,10.01,Nemea Appart Hotel Les Hauts de Milady Biarritz,https://www.booking.com/hotel/fr/nemea-appart-les-hauts-de-milady.fr.html?aid=304142&label=gen173nr-1FCAQoggJCD3NlYXJjaF9iaWFycml0ekgNWARoTYgBAZgBDbgBCsgBBdgBAegBAfgBA4gCAagCA7gCu4C2wQbAAgHSAiQ5MzI0ZTEzMC05ZDY5LTQ4NzYtOWFjOC1lZjY2ZjI0ZGFiNznYAgXgAgE&ucfs=1&arphpl=1&group_adults=2&req_adults=2&no_rooms=1&group_children=0&req_children=0&hpos=4&hapos=4&sr_order=popularity&srpvid=3346345d1e71049d&srepoch=1747812412&from=searchresults,43.4702245,-1.5678466,L’établissement Nemea Appart Hotel Les Hauts de Milady Biarritz vous accueille à 600 mètres de ce lieu d’intérêt : Plage de la Côte des Basques. ,4.0,7.5
598,32,Biarritz,15.27,3.53,1.73,10.01,Résidence Vacances Bleues Le Grand Large,https://www.booking.com/hotel/fr/le-grand-large-biarritz.fr.html?aid=304142&label=gen173nr-1FCAQoggJCD3NlYXJjaF9iaWFycml0ekgNWARoTYgBAZgBDbgBCsgBBdgBAegBAfgBA4gCAagCA7gCu4C2wQbAAgHSAiQ5MzI0ZTEzMC05ZDY5LTQ4NzYtOWFjOC1lZjY2ZjI0ZGFiNznYAgXgAgE&ucfs=1&arphpl=1&group_adults=2&req_adults=2&no_rooms=1&group_children=0&req_children=0&hpos=2&hapos=2&sr_order=popularity&srpvid=3346345d1e71049d&srepoch=1747812412&from=searchresults,43.48065123446311,-1.5653452277183533,"Offrant une vue panoramique sur la plage de la Côte des Basques, la Résidence Vacances Bleues Le Grand Large est un appart’hôtel situé au cœur de Biarritz, à seulement 200 mètres du quartier du...",3.0,8.5
599,32,Biarritz,15.27,3.53,1.73,10.01,Hôtel Barnea,https://www.booking.com/hotel/fr/hotelargieder.fr.html?aid=304142&label=gen173nr-1FCAQoggJCD3NlYXJjaF9iaWFycml0ekgNWARoTYgBAZgBDbgBCsgBBdgBAegBAfgBA4gCAagCA7gCu4C2wQbAAgHSAiQ5MzI0ZTEzMC05ZDY5LTQ4NzYtOWFjOC1lZjY2ZjI0ZGFiNznYAgXgAgE&ucfs=1&arphpl=1&group_adults=2&req_adults=2&no_rooms=1&group_children=0&req_children=0&hpos=1&hapos=1&sr_order=popularity&srpvid=3346345d1e71049d&srepoch=1747812412&from=searchresults,43.48072811046226,-1.5642817318439484,"L'Hotel Hôtel Barnea se situe dans le centre de Biarritz, à seulement 3 minutes à pied de la plage, des commerces et des restaurants. ",3.0,9.0
600,9,Château du Haut-Kœnigsbourg,13.38,2.68,0.98,9.72,Gîte Meyer-Liss,https://www.booking.com/hotel/fr/ga-r-te-meyer-liss.fr.html?aid=304142&label=gen173nr-1FCAQoggJCI3NlYXJjaF9jaGF0ZWF1IGR1IGhhdXQga29lbmlnc2JvdXJnSA1YBGhNiAEBmAENuAEKyAEF2AEB6AEB-AEDiAIBqAIDuALw_7XBBsACAdICJDQ4YmFmYzUwLTA2OTktNDc0NS05ZTRlLWEzOTQ5N2U1MzVjMdgCBeACAQ&ucfs=1&arphpl=1&group_adults=2&req_adults=2&no_rooms=1&group_children=0&req_children=0&hpos=25&hapos=25&sr_order=popularity&srpvid=4deb3438f4550931&srepoch=1747812337&from=searchresults,48.19369420083007,7.320292890071869,Hébergement géré par un particulier,,8.7
601,9,Château du Haut-Kœnigsbourg,13.38,2.68,0.98,9.72,Gites-Weyer n°1,https://www.booking.com/hotel/fr/gites-weyer-ndeg1.fr.html?aid=304142&label=gen173nr-1FCAQoggJCI3NlYXJjaF9jaGF0ZWF1IGR1IGhhdXQga29lbmlnc2JvdXJnSA1YBGhNiAEBmAENuAEKyAEF2AEB6AEB-AEDiAIBqAIDuALw_7XBBsACAdICJDQ4YmFmYzUwLTA2OTktNDc0NS05ZTRlLWEzOTQ5N2U1MzVjMdgCBeACAQ&ucfs=1&arphpl=1&group_adults=2&req_adults=2&no_rooms=1&group_children=0&req_children=0&hpos=24&hapos=24&sr_order=popularity&srpvid=4deb3438f4550931&srepoch=1747812337&from=searchresults,48.2050778,7.3621404,Hébergement géré par un particulier,,8.6
602,9,Château du Haut-Kœnigsbourg,13.38,2.68,0.98,9.72,Au Bon Logis,https://www.booking.com/hotel/fr/an-bon-logis.fr.html?aid=304142&label=gen173nr-1FCAQoggJCI3NlYXJjaF9jaGF0ZWF1IGR1IGhhdXQga29lbmlnc2JvdXJnSA1YBGhNiAEBmAENuAEKyAEF2AEB6AEB-AEDiAIBqAIDuALw_7XBBsACAdICJDQ4YmFmYzUwLTA2OTktNDc0NS05ZTRlLWEzOTQ5N2U1MzVjMdgCBeACAQ&ucfs=1&arphpl=1&group_adults=2&req_adults=2&no_rooms=1&group_children=0&req_children=0&hpos=22&hapos=22&sr_order=popularity&srpvid=4deb3438f4550931&srepoch=1747812337&from=searchresults,48.23189069442816,7.3027624188762275,Hébergement géré par un particulier,,9.0
603,9,Château du Haut-Kœnigsbourg,13.38,2.68,0.98,9.72,Chambres d'hôtes François Bleger,https://www.booking.com/hotel/fr/chambres-d-ha-tes-franassois-bleger.fr.html?aid=304142&label=gen173nr-1FCAQoggJCI3NlYXJjaF9jaGF0ZWF1IGR1IGhhdXQga29lbmlnc2JvdXJnSA1YBGhNiAEBmAENuAEKyAEF2AEB6AEB-AEDiAIBqAIDuALw_7XBBsACAdICJDQ4YmFmYzUwLTA2OTktNDc0NS05ZTRlLWEzOTQ5N2U1MzVjMdgCBeACAQ&ucfs=1&arphpl=1&group_adults=2&req_adults=2&no_rooms=1&group_children=0&req_children=0&hpos=20&hapos=20&sr_order=popularity&srpvid=4deb3438f4550931&srepoch=1747812337&from=searchresults,48.233082982462705,7.368012070655823,Hébergement géré par un particulier,,8.6
604,9,Château du Haut-Kœnigsbourg,13.38,2.68,0.98,9.72,Chambres d'hôtes Fahrer-Ackermann,https://www.booking.com/hotel/fr/le-clos-du-vignoble.fr.html?aid=304142&label=gen173nr-1FCAQoggJCI3NlYXJjaF9jaGF0ZWF1IGR1IGhhdXQga29lbmlnc2JvdXJnSA1YBGhNiAEBmAENuAEKyAEF2AEB6AEB-AEDiAIBqAIDuALw_7XBBsACAdICJDQ4YmFmYzUwLTA2OTktNDc0NS05ZTRlLWEzOTQ5N2U1MzVjMdgCBeACAQ&ucfs=1&arphpl=1&group_adults=2&req_adults=2&no_rooms=1&group_children=0&req_children=0&hpos=23&hapos=23&sr_order=popularity&srpvid=4deb3438f4550931&srepoch=1747812337&from=searchresults,48.2175226905086,7.362567186355591,Hébergement géré par un particulier,,9.3
605,9,Château du Haut-Kœnigsbourg,13.38,2.68,0.98,9.72,Laterale Residences Riquewihr,https://www.booking.com/hotel/fr/laterale-4.fr.html?aid=304142&label=gen173nr-1FCAQoggJCI3NlYXJjaF9jaGF0ZWF1IGR1IGhhdXQga29lbmlnc2JvdXJnSA1YBGhNiAEBmAENuAEKyAEF2AEB6AEB-AEDiAIBqAIDuALw_7XBBsACAdICJDQ4YmFmYzUwLTA2OTktNDc0NS05ZTRlLWEzOTQ5N2U1MzVjMdgCBeACAQ&ucfs=1&arphpl=1&group_adults=2&req_adults=2&no_rooms=1&group_children=0&req_children=0&hpos=21&hapos=21&sr_order=popularity&srpvid=4deb3438f4550931&srepoch=1747812337&from=searchresults,48.16652176790973,7.296899957672167,"Le Laterale Résidences se trouve à Riquewihr, en Alsace, à 200 mètres du marché de Noël. Il met gratuitement à votre disposition une connexion Wi-Fi. ",4.0,9.4
606,9,Château du Haut-Kœnigsbourg,13.38,2.68,0.98,9.72,Au Fief du Château,https://www.booking.com/hotel/fr/au-fief-du-chateau.fr.html?aid=304142&label=gen173nr-1FCAQoggJCI3NlYXJjaF9jaGF0ZWF1IGR1IGhhdXQga29lbmlnc2JvdXJnSA1YBGhNiAEBmAENuAEKyAEF2AEB6AEB-AEDiAIBqAIDuALw_7XBBsACAdICJDQ4YmFmYzUwLTA2OTktNDc0NS05ZTRlLWEzOTQ5N2U1MzVjMdgCBeACAQ&ucfs=1&arphpl=1&group_adults=2&req_adults=2&no_rooms=1&group_children=0&req_children=0&hpos=19&hapos=19&sr_order=popularity&srpvid=4deb3438f4550931&srepoch=1747812337&from=searchresults,48.24136841049795,7.3822745418167415,"Situé à Orschwiller, l’établissement Au Fief du Château possède un jardin, une terrasse, un restaurant et un bar. ",3.0,9.2
607,9,Château du Haut-Kœnigsbourg,13.38,2.68,0.98,9.72,Gîte Binnert Bader,https://www.booking.com/hotel/fr/au-muenchberg.fr.html?aid=304142&label=gen173nr-1FCAQoggJCI3NlYXJjaF9jaGF0ZWF1IGR1IGhhdXQga29lbmlnc2JvdXJnSA1YBGhNiAEBmAENuAEKyAEF2AEB6AEB-AEDiAIBqAIDuALw_7XBBsACAdICJDQ4YmFmYzUwLTA2OTktNDc0NS05ZTRlLWEzOTQ5N2U1MzVjMdgCBeACAQ&ucfs=1&arphpl=1&group_adults=2&req_adults=2&no_rooms=1&group_children=0&req_children=0&hpos=18&hapos=18&sr_order=popularity&srpvid=4deb3438f4550931&srepoch=1747812337&from=searchresults,48.35583552963626,7.420615553855896,Hébergement géré par un particulier,2.0,9.1
608,9,Château du Haut-Kœnigsbourg,13.38,2.68,0.98,9.72,Chalet Les Prés,https://www.booking.com/hotel/fr/chalet-les-pres.fr.html?aid=304142&label=gen173nr-1FCAQoggJCI3NlYXJjaF9jaGF0ZWF1IGR1IGhhdXQga29lbmlnc2JvdXJnSA1YBGhNiAEBmAENuAEKyAEF2AEB6AEB-AEDiAIBqAIDuALw_7XBBsACAdICJDQ4YmFmYzUwLTA2OTktNDc0NS05ZTRlLWEzOTQ5N2U1MzVjMdgCBeACAQ&ucfs=1&arphpl=1&group_adults=2&req_adults=2&no_rooms=1&group_children=0&req_children=0&hpos=17&hapos=17&sr_order=popularity&srpvid=4deb3438f4550931&srepoch=1747812337&from=searchresults,48.306686062731,7.341078217061,Hébergement géré par un particulier,,9.3
609,9,Château du Haut-Kœnigsbourg,13.38,2.68,0.98,9.72,LE PIED A TERRE SELESTADIEN,https://www.booking.com/hotel/fr/le-pied-a-terre-selestadien.fr.html?aid=304142&label=gen173nr-1FCAQoggJCI3NlYXJjaF9jaGF0ZWF1IGR1IGhhdXQga29lbmlnc2JvdXJnSA1YBGhNiAEBmAENuAEKyAEF2AEB6AEB-AEDiAIBqAIDuALw_7XBBsACAdICJDQ4YmFmYzUwLTA2OTktNDc0NS05ZTRlLWEzOTQ5N2U1MzVjMdgCBeACAQ&ucfs=1&arphpl=1&group_adults=2&req_adults=2&no_rooms=1&group_children=0&req_children=0&hpos=15&hapos=15&sr_order=popularity&srpvid=4deb3438f4550931&srepoch=1747812337&from=searchresults,48.2588035,7.4600396,"Situé à Sélestat, l’hébergement LE PIED A TERRE SELESTADIEN offre une vue sur le jardin. ",,7.6
610,9,Château du Haut-Kœnigsbourg,13.38,2.68,0.98,9.72,LA TERRASSE SELESTADIENNE,https://www.booking.com/hotel/fr/la-terrasse-selestadienne.fr.html?aid=304142&label=gen173nr-1FCAQoggJCI3NlYXJjaF9jaGF0ZWF1IGR1IGhhdXQga29lbmlnc2JvdXJnSA1YBGhNiAEBmAENuAEKyAEF2AEB6AEB-AEDiAIBqAIDuALw_7XBBsACAdICJDQ4YmFmYzUwLTA2OTktNDc0NS05ZTRlLWEzOTQ5N2U1MzVjMdgCBeACAQ&ucfs=1&arphpl=1&group_adults=2&req_adults=2&no_rooms=1&group_children=0&req_children=0&hpos=16&hapos=16&sr_order=popularity&srpvid=4deb3438f4550931&srepoch=1747812337&from=searchresults,48.2588035,7.4600396,"L’hébergement LA TERRASSE SELESTADIENNE se trouve à Sélestat, à seulement 15 km de ce lieu d’intérêt : Château du Haut-Kœnigsbourg. ",,8.0
611,9,Château du Haut-Kœnigsbourg,13.38,2.68,0.98,9.72,"Gîte, Maison indépendante ""Chez Yvette et André"" 2 à 6 pers, Ribeauvillé à 3 km, Colmar à 10 km",https://www.booking.com/hotel/fr/gite-maison-alsacienne-independante-pres-colmar-ribeauville-europa-park.fr.html?aid=304142&label=gen173nr-1FCAQoggJCI3NlYXJjaF9jaGF0ZWF1IGR1IGhhdXQga29lbmlnc2JvdXJnSA1YBGhNiAEBmAENuAEKyAEF2AEB6AEB-AEDiAIBqAIDuALw_7XBBsACAdICJDQ4YmFmYzUwLTA2OTktNDc0NS05ZTRlLWEzOTQ5N2U1MzVjMdgCBeACAQ&ucfs=1&arphpl=1&group_adults=2&req_adults=2&no_rooms=1&group_children=0&req_children=0&hpos=14&hapos=14&sr_order=popularity&srpvid=4deb3438f4550931&srepoch=1747812337&from=searchresults,48.187298123347,7.3961651042989995,Hébergement géré par un particulier,,9.2
612,9,Château du Haut-Kœnigsbourg,13.38,2.68,0.98,9.72,Le Parc du Séquoia & SPA proche Colmar et Riquewihr,https://www.booking.com/hotel/fr/le-parc-du-sequoia-le-rucher.fr.html?aid=304142&label=gen173nr-1FCAQoggJCI3NlYXJjaF9jaGF0ZWF1IGR1IGhhdXQga29lbmlnc2JvdXJnSA1YBGhNiAEBmAENuAEKyAEF2AEB6AEB-AEDiAIBqAIDuALw_7XBBsACAdICJDQ4YmFmYzUwLTA2OTktNDc0NS05ZTRlLWEzOTQ5N2U1MzVjMdgCBeACAQ&ucfs=1&arphpl=1&group_adults=2&req_adults=2&no_rooms=1&group_children=0&req_children=0&hpos=13&hapos=13&sr_order=popularity&srpvid=4deb3438f4550931&srepoch=1747812337&from=searchresults,48.157157,7.368781,"L’établissement Le Parc du Séquoia & SPA proche Colmar et Riquewihr vous accueille à Ostheim (Alsace), à 6,6 km de ce lieu d’intérêt : Parc des expositions et des congrès de Colmar. ",4.0,9.2
613,9,Château du Haut-Kœnigsbourg,13.38,2.68,0.98,9.72,Le chalet des bois,https://www.booking.com/hotel/fr/le-chalet-des-bois-lalaye1.fr.html?aid=304142&label=gen173nr-1FCAQoggJCI3NlYXJjaF9jaGF0ZWF1IGR1IGhhdXQga29lbmlnc2JvdXJnSA1YBGhNiAEBmAENuAEKyAEF2AEB6AEB-AEDiAIBqAIDuALw_7XBBsACAdICJDQ4YmFmYzUwLTA2OTktNDc0NS05ZTRlLWEzOTQ5N2U1MzVjMdgCBeACAQ&ucfs=1&arphpl=1&group_adults=2&req_adults=2&no_rooms=1&group_children=0&req_children=0&hpos=11&hapos=11&sr_order=popularity&srpvid=4deb3438f4550931&srepoch=1747812337&from_sustainable_property_sr=1&from=searchresults,48.33368226537765,7.256406977323535,"L’hébergement Le chalet des bois vous accueille à Lalaye, à respectivement 24 km, 37 km et 40 km de ces lieux d’intérêt : Château du Haut-Kœnigsbourg, Parc des expositions et des congrès de Colmar et...",,9.5
614,9,Château du Haut-Kœnigsbourg,13.38,2.68,0.98,9.72,"Appartements duplex 3 et 4 personnes - Climatisation - Village élu parmi les ""Plus Beaux Villages de France"" - Route des Vins - Centre Alsace",https://www.booking.com/hotel/fr/beigheim-centre-spacieux-fibre.fr.html?aid=304142&label=gen173nr-1FCAQoggJCI3NlYXJjaF9jaGF0ZWF1IGR1IGhhdXQga29lbmlnc2JvdXJnSA1YBGhNiAEBmAENuAEKyAEF2AEB6AEB-AEDiAIBqAIDuALw_7XBBsACAdICJDQ4YmFmYzUwLTA2OTktNDc0NS05ZTRlLWEzOTQ5N2U1MzVjMdgCBeACAQ&ucfs=1&arphpl=1&group_adults=2&req_adults=2&no_rooms=1&group_children=0&req_children=0&hpos=12&hapos=12&sr_order=popularity&srpvid=4deb3438f4550931&srepoch=1747812337&from=searchresults,48.2053428,7.3619099,Hébergement géré par un particulier,,8.8
615,9,Château du Haut-Kœnigsbourg,13.38,2.68,0.98,9.72,Appartement des Sorcieres - Witches Apartment,https://www.booking.com/hotel/fr/appartement-des-sorcieres-witches-apartment.fr.html?aid=304142&label=gen173nr-1FCAQoggJCI3NlYXJjaF9jaGF0ZWF1IGR1IGhhdXQga29lbmlnc2JvdXJnSA1YBGhNiAEBmAENuAEKyAEF2AEB6AEB-AEDiAIBqAIDuALw_7XBBsACAdICJDQ4YmFmYzUwLTA2OTktNDc0NS05ZTRlLWEzOTQ5N2U1MzVjMdgCBeACAQ&ucfs=1&arphpl=1&group_adults=2&req_adults=2&no_rooms=1&group_children=0&req_children=0&hpos=10&hapos=10&sr_order=popularity&srpvid=4deb3438f4550931&srepoch=1747812337&from=searchresults,48.2567086,7.4508171,"L’hébergement Appartement des Sorcieres - Witches Apartment vous accueille à Sélestat, à respectivement 13 km, 21 km et 23 km de ces lieux d’intérêt : Château du Haut-Kœnigsbourg, Parc des expositions...",,9.2
616,9,Château du Haut-Kœnigsbourg,13.38,2.68,0.98,9.72,L'éclos des vignes - Appartements haut de gamme avec Spa,https://www.booking.com/hotel/fr/gite-les-amandiers.fr.html?aid=304142&label=gen173nr-1FCAQoggJCI3NlYXJjaF9jaGF0ZWF1IGR1IGhhdXQga29lbmlnc2JvdXJnSA1YBGhNiAEBmAENuAEKyAEF2AEB6AEB-AEDiAIBqAIDuALw_7XBBsACAdICJDQ4YmFmYzUwLTA2OTktNDc0NS05ZTRlLWEzOTQ5N2U1MzVjMdgCBeACAQ&ucfs=1&arphpl=1&group_adults=2&req_adults=2&no_rooms=1&group_children=0&req_children=0&hpos=9&hapos=9&sr_order=popularity&srpvid=4deb3438f4550931&srepoch=1747812337&from=searchresults,48.20646645333558,7.35700396627044,"Situé à Bergheim, en Alsace, à 14 km de Colmar, le Gîte Les Amandiers dispose d'un barbecue et offre une vue sur le jardin. Fribourg-en-Brisgau se trouve à 43 km. ",,9.1
617,9,Château du Haut-Kœnigsbourg,13.38,2.68,0.98,9.72,"Gîte ""AU CADRAN SOLAIRE""",https://www.booking.com/hotel/fr/gite-au-cadran-solaire.fr.html?aid=304142&label=gen173nr-1FCAQoggJCI3NlYXJjaF9jaGF0ZWF1IGR1IGhhdXQga29lbmlnc2JvdXJnSA1YBGhNiAEBmAENuAEKyAEF2AEB6AEB-AEDiAIBqAIDuALw_7XBBsACAdICJDQ4YmFmYzUwLTA2OTktNDc0NS05ZTRlLWEzOTQ5N2U1MzVjMdgCBeACAQ&ucfs=1&arphpl=1&group_adults=2&req_adults=2&no_rooms=1&group_children=0&req_children=0&hpos=8&hapos=8&sr_order=popularity&srpvid=4deb3438f4550931&srepoch=1747812337&from=searchresults,48.3382457,7.3252449,Hébergement géré par un particulier,,9.0
618,9,Château du Haut-Kœnigsbourg,13.38,2.68,0.98,9.72,Les Chambres du Beau Regard,https://www.booking.com/hotel/fr/les-chambres-du-beau-regard.fr.html?aid=304142&label=gen173nr-1FCAQoggJCI3NlYXJjaF9jaGF0ZWF1IGR1IGhhdXQga29lbmlnc2JvdXJnSA1YBGhNiAEBmAENuAEKyAEF2AEB6AEB-AEDiAIBqAIDuALw_7XBBsACAdICJDQ4YmFmYzUwLTA2OTktNDc0NS05ZTRlLWEzOTQ5N2U1MzVjMdgCBeACAQ&ucfs=1&arphpl=1&group_adults=2&req_adults=2&no_rooms=1&group_children=0&req_children=0&hpos=6&hapos=6&sr_order=popularity&srpvid=4deb3438f4550931&srepoch=1747812337&from=searchresults,48.344675931524726,7.305613060643736,Hébergement géré par un particulier,,9.3
619,9,Château du Haut-Kœnigsbourg,13.38,2.68,0.98,9.72,Logis Hotel Le Parc & Spa,https://www.booking.com/hotel/fr/logis-le-parc-st-hippolyte.fr.html?aid=304142&label=gen173nr-1FCAQoggJCI3NlYXJjaF9jaGF0ZWF1IGR1IGhhdXQga29lbmlnc2JvdXJnSA1YBGhNiAEBmAENuAEKyAEF2AEB6AEB-AEDiAIBqAIDuALw_7XBBsACAdICJDQ4YmFmYzUwLTA2OTktNDc0NS05ZTRlLWEzOTQ5N2U1MzVjMdgCBeACAQ&ucfs=1&arphpl=1&group_adults=2&req_adults=2&no_rooms=1&group_children=0&req_children=0&hpos=5&hapos=5&sr_order=popularity&srpvid=4deb3438f4550931&srepoch=1747812337&from=searchresults,48.23240406062429,7.36546665430069,Le Logis Hôtel Le Parc se trouve dans le village alsacien historique de Saint-Hippolyte. ,4.0,8.7
620,9,Château du Haut-Kœnigsbourg,13.38,2.68,0.98,9.72,"Chambre d'Hôtes ""Au Vigneron""",https://www.booking.com/hotel/fr/chambre-d-39-hotes-quot-au-vigneron-quot.fr.html?aid=304142&label=gen173nr-1FCAQoggJCI3NlYXJjaF9jaGF0ZWF1IGR1IGhhdXQga29lbmlnc2JvdXJnSA1YBGhNiAEBmAENuAEKyAEF2AEB6AEB-AEDiAIBqAIDuALw_7XBBsACAdICJDQ4YmFmYzUwLTA2OTktNDc0NS05ZTRlLWEzOTQ5N2U1MzVjMdgCBeACAQ&ucfs=1&arphpl=1&group_adults=2&req_adults=2&no_rooms=1&group_children=0&req_children=0&hpos=7&hapos=7&sr_order=popularity&srpvid=4deb3438f4550931&srepoch=1747812337&from=searchresults,48.3378578729915,7.32529467324639,Hébergement géré par un particulier,,9.5
621,9,Château du Haut-Kœnigsbourg,13.38,2.68,0.98,9.72,Chambres d'Hôtes Le Domaine des Remparts,https://www.booking.com/hotel/fr/le-domaine-des-remparts.fr.html?aid=304142&label=gen173nr-1FCAQoggJCI3NlYXJjaF9jaGF0ZWF1IGR1IGhhdXQga29lbmlnc2JvdXJnSA1YBGhNiAEBmAENuAEKyAEF2AEB6AEB-AEDiAIBqAIDuALw_7XBBsACAdICJDQ4YmFmYzUwLTA2OTktNDc0NS05ZTRlLWEzOTQ5N2U1MzVjMdgCBeACAQ&ucfs=1&arphpl=1&group_adults=2&req_adults=2&no_rooms=1&group_children=0&req_children=0&hpos=4&hapos=4&sr_order=popularity&srpvid=4deb3438f4550931&srepoch=1747812337&from=searchresults,48.25543163185316,7.45202824473381,"Offrant une vue sur la ville, l’établissement Chambres d'Hôtes Le Domaine des Remparts se situe à Sélestat. Il propose un restaurant, une bagagerie, un bar, un jardin et une terrasse. ",,8.9
622,9,Château du Haut-Kœnigsbourg,13.38,2.68,0.98,9.72,La forêt Enchantée - Cozy Immo,https://www.booking.com/hotel/fr/la-foret-enchantee-cozy-immo.fr.html?aid=304142&label=gen173nr-1FCAQoggJCI3NlYXJjaF9jaGF0ZWF1IGR1IGhhdXQga29lbmlnc2JvdXJnSA1YBGhNiAEBmAENuAEKyAEF2AEB6AEB-AEDiAIBqAIDuALw_7XBBsACAdICJDQ4YmFmYzUwLTA2OTktNDc0NS05ZTRlLWEzOTQ5N2U1MzVjMdgCBeACAQ&ucfs=1&arphpl=1&group_adults=2&req_adults=2&no_rooms=1&group_children=0&req_children=0&hpos=3&hapos=3&sr_order=popularity&srpvid=4deb3438f4550931&srepoch=1747812337&from=searchresults,48.2484025,7.3548257,"L’hébergement La forêt Enchantée - Cozy Immo se trouve à Orschwiller, à respectivement 24 km, 26 km et 27 km de ces lieux d’intérêt : Parc des expositions et des congrès de Colmar, Maison des Têtes et...",,9.5
623,9,Château du Haut-Kœnigsbourg,13.38,2.68,0.98,9.72,Au pied du Château,https://www.booking.com/hotel/fr/au-pied-du-chateau-orschwiller.fr.html?aid=304142&label=gen173nr-1FCAQoggJCI3NlYXJjaF9jaGF0ZWF1IGR1IGhhdXQga29lbmlnc2JvdXJnSA1YBGhNiAEBmAENuAEKyAEF2AEB6AEB-AEDiAIBqAIDuALw_7XBBsACAdICJDQ4YmFmYzUwLTA2OTktNDc0NS05ZTRlLWEzOTQ5N2U1MzVjMdgCBeACAQ&ucfs=1&arphpl=1&group_adults=2&req_adults=2&no_rooms=1&group_children=0&req_children=0&hpos=2&hapos=2&sr_order=popularity&srpvid=4deb3438f4550931&srepoch=1747812337&from=searchresults,48.2484025,7.3548257,Hébergement géré par un particulier,,
624,9,Château du Haut-Kœnigsbourg,13.38,2.68,0.98,9.72,Domaine du Haut-Koenigsbourg,https://www.booking.com/hotel/fr/les-chambres-du-haut-koenigsbourg.fr.html?aid=304142&label=gen173nr-1FCAQoggJCI3NlYXJjaF9jaGF0ZWF1IGR1IGhhdXQga29lbmlnc2JvdXJnSA1YBGhNiAEBmAENuAEKyAEF2AEB6AEB-AEDiAIBqAIDuALw_7XBBsACAdICJDQ4YmFmYzUwLTA2OTktNDc0NS05ZTRlLWEzOTQ5N2U1MzVjMdgCBeACAQ&ucfs=1&arphpl=1&group_adults=2&req_adults=2&no_rooms=1&group_children=0&req_children=0&hpos=1&hapos=1&sr_order=popularity&srpvid=4deb3438f4550931&srepoch=1747812337&from=searchresults,48.24702280361078,7.346320925292957,"L’établissement Domaine du Haut-Koenigsbourg se situe à Orschwiller (Alsace), à proximité de ce lieu d’intérêt : Château du Haut-Kœnigsbourg. ",,8.3
625,7,Lille,11.56,0.82,1.13,9.61,CALM Appart' & Hostel,https://www.booking.com/hotel/fr/calm-apparthotel.fr.html?aid=304142&label=gen173nr-1FCAQoggJCDHNlYXJjaF9saWxsZUgNWARoTYgBAZgBDbgBCsgBBdgBAegBAfgBA4gCAagCA7gC7_-1wQbAAgHSAiRiNTNiNDIwNC1kYzZkLTQwNWMtYTQ2MC1jZGJlMGQ2OTE2NTbYAgXgAgE&ucfs=1&arphpl=1&group_adults=2&req_adults=2&no_rooms=1&group_children=0&req_children=0&hpos=25&hapos=25&sr_order=popularity&srpvid=427b3437e3880238&srepoch=1747812336&from=searchresults,50.637346181693324,3.0694569647312164,"Le Calm Apparthotel vous accueille à Lille, à seulement 2 minutes à pied des stations de métro, de tramway et de train de la gare de Lille-Flandres, ainsi qu’à 10 minutes de marche du centre de...",3.0,8.1
626,7,Lille,11.56,0.82,1.13,9.61,Novotel Suites Lille Europe,https://www.booking.com/hotel/fr/suitehotel-lille-europe.fr.html?aid=304142&label=gen173nr-1FCAQoggJCDHNlYXJjaF9saWxsZUgNWARoTYgBAZgBDbgBCsgBBdgBAegBAfgBA4gCAagCA7gC7_-1wQbAAgHSAiRiNTNiNDIwNC1kYzZkLTQwNWMtYTQ2MC1jZGJlMGQ2OTE2NTbYAgXgAgE&ucfs=1&arphpl=1&group_adults=2&req_adults=2&no_rooms=1&group_children=0&req_children=0&hpos=24&hapos=24&sr_order=popularity&srpvid=427b3437e3880238&srepoch=1747812336&from_sustainable_property_sr=1&from=searchresults,50.63883336981823,3.0766814947128296,"Installé dans le centre-ville de Lille, l’hôtel 4 étoiles Novotel Suites Lille Europe vous accueille à seulement 600 mètres de la gare de Lille-Flandres, à 11 minutes à pied du complexe Lille Grand...",4.0,7.9
627,7,Lille,11.56,0.82,1.13,9.61,Grand Hôtel Lille,https://www.booking.com/hotel/fr/le-grand-hotel.fr.html?aid=304142&label=gen173nr-1FCAQoggJCDHNlYXJjaF9saWxsZUgNWARoTYgBAZgBDbgBCsgBBdgBAegBAfgBA4gCAagCA7gC7_-1wQbAAgHSAiRiNTNiNDIwNC1kYzZkLTQwNWMtYTQ2MC1jZGJlMGQ2OTE2NTbYAgXgAgE&ucfs=1&arphpl=1&group_adults=2&req_adults=2&no_rooms=1&group_children=0&req_children=0&hpos=22&hapos=22&sr_order=popularity&srpvid=427b3437e3880238&srepoch=1747812336&from=searchresults,50.63685667939772,3.0679428577423096,"Situé dans le centre de Lille, juste à côté de la gare de Lille-Flandres, le Grand Hôtel Lille dispose d'une réception ouverte 24h/24, d'une bagagerie et d'un ascenseur. ",3.0,8.1
628,7,Lille,11.56,0.82,1.13,9.61,Hotel Kanaï,https://www.booking.com/hotel/fr/k.fr.html?aid=304142&label=gen173nr-1FCAQoggJCDHNlYXJjaF9saWxsZUgNWARoTYgBAZgBDbgBCsgBBdgBAegBAfgBA4gCAagCA7gC7_-1wQbAAgHSAiRiNTNiNDIwNC1kYzZkLTQwNWMtYTQ2MC1jZGJlMGQ2OTE2NTbYAgXgAgE&ucfs=1&arphpl=1&group_adults=2&req_adults=2&no_rooms=1&group_children=0&req_children=0&hpos=23&hapos=23&sr_order=popularity&srpvid=427b3437e3880238&srepoch=1747812336&from_sustainable_property_sr=1&from=searchresults,50.63479569548414,3.0641327798366547,"L'hôtel Kanaï vous accueille dans une zone piétonne du centre de Lille, à seulement 200 mètres de la célèbre Grand'Place. ",3.0,8.0
629,7,Lille,11.56,0.82,1.13,9.61,La Corderie,https://www.booking.com/hotel/fr/la-corderie-lille.fr.html?aid=304142&label=gen173nr-1FCAQoggJCDHNlYXJjaF9saWxsZUgNWARoTYgBAZgBDbgBCsgBBdgBAegBAfgBA4gCAagCA7gC7_-1wQbAAgHSAiRiNTNiNDIwNC1kYzZkLTQwNWMtYTQ2MC1jZGJlMGQ2OTE2NTbYAgXgAgE&ucfs=1&arphpl=1&group_adults=2&req_adults=2&no_rooms=1&group_children=0&req_children=0&hpos=21&hapos=21&sr_order=popularity&srpvid=427b3437e3880238&srepoch=1747812336&from=searchresults,50.6407850016145,3.05483538523276,Hébergement géré par un particulier,,8.6
630,7,Lille,11.56,0.82,1.13,9.61,Aparthotel Adagio Lille Centre Grand Place,https://www.booking.com/hotel/fr/aparthotel-adagio-lille-centre-grand-place.fr.html?aid=304142&label=gen173nr-1FCAQoggJCDHNlYXJjaF9saWxsZUgNWARoTYgBAZgBDbgBCsgBBdgBAegBAfgBA4gCAagCA7gC7_-1wQbAAgHSAiRiNTNiNDIwNC1kYzZkLTQwNWMtYTQ2MC1jZGJlMGQ2OTE2NTbYAgXgAgE&ucfs=1&arphpl=1&group_adults=2&req_adults=2&no_rooms=1&group_children=0&req_children=0&hpos=20&hapos=20&sr_order=popularity&srpvid=427b3437e3880238&srepoch=1747812336&from=searchresults,50.635281,3.060162,"Possédant un salon commun et une connexion Wi-Fi gratuite, l’établissement Aparthotel Adagio Lille Centre Grand Place vous accueille dans le centre de Lille, près de ces lieux d’intérêt : Printemps,...",4.0,8.8
631,7,Lille,11.56,0.82,1.13,9.61,Hotel De La Treille,https://www.booking.com/hotel/fr/hoteldelatreillelille.fr.html?aid=304142&label=gen173nr-1FCAQoggJCDHNlYXJjaF9saWxsZUgNWARoTYgBAZgBDbgBCsgBBdgBAegBAfgBA4gCAagCA7gC7_-1wQbAAgHSAiRiNTNiNDIwNC1kYzZkLTQwNWMtYTQ2MC1jZGJlMGQ2OTE2NTbYAgXgAgE&ucfs=1&arphpl=1&group_adults=2&req_adults=2&no_rooms=1&group_children=0&req_children=0&hpos=19&hapos=19&sr_order=popularity&srpvid=427b3437e3880238&srepoch=1747812336&from=searchresults,50.64053101175202,3.064241409301758,"L’Hôtel de la Treille vous accueille à 3 minutes à pied du quartier du Vieux-Lille, à 650 mètres du complexe Nouveau Siècle et à 1,5 km du Lille Grand Palais. ",3.0,8.2
632,7,Lille,11.56,0.82,1.13,9.61,Citadines City Centre Lille,https://www.booking.com/hotel/fr/citadines-aparthotel-lille-centre.fr.html?aid=304142&label=gen173nr-1FCAQoggJCDHNlYXJjaF9saWxsZUgNWARoTYgBAZgBDbgBCsgBBdgBAegBAfgBA4gCAagCA7gC7_-1wQbAAgHSAiRiNTNiNDIwNC1kYzZkLTQwNWMtYTQ2MC1jZGJlMGQ2OTE2NTbYAgXgAgE&ucfs=1&arphpl=1&group_adults=2&req_adults=2&no_rooms=1&group_children=0&req_children=0&hpos=18&hapos=18&sr_order=popularity&srpvid=427b3437e3880238&srepoch=1747812336&from=searchresults,50.63686518512836,3.0732429027557373,Le Citadines City Centre Lille est à 5 minutes de marche du centre historique piéton de Lille et à 250 mètres de la gare de Lille-Flandres. ,3.0,8.1
633,7,Lille,11.56,0.82,1.13,9.61,Hotel Art Deco Euralille,https://www.booking.com/hotel/fr/hotelsrtdecoromarinlille.fr.html?aid=304142&label=gen173nr-1FCAQoggJCDHNlYXJjaF9saWxsZUgNWARoTYgBAZgBDbgBCsgBBdgBAegBAfgBA4gCAagCA7gC7_-1wQbAAgHSAiRiNTNiNDIwNC1kYzZkLTQwNWMtYTQ2MC1jZGJlMGQ2OTE2NTbYAgXgAgE&ucfs=1&arphpl=1&group_adults=2&req_adults=2&no_rooms=1&group_children=0&req_children=0&hpos=16&hapos=16&sr_order=popularity&srpvid=427b3437e3880238&srepoch=1747812336&from=searchresults,50.64602156191294,3.075871467590332,"Situé au cœur du quartier des affaires d’Euralille, l’Hotel Art Deco Euralille propose un bar à 1 km de la gare de Lille-Europe, à 20 minutes de la Grand-Place ainsi qu'à 1,7 km du grand palais de...",3.0,7.8
634,7,Lille,11.56,0.82,1.13,9.61,The People - Lille,https://www.booking.com/hotel/fr/gastama-hostel.fr.html?aid=304142&label=gen173nr-1FCAQoggJCDHNlYXJjaF9saWxsZUgNWARoTYgBAZgBDbgBCsgBBdgBAegBAfgBA4gCAagCA7gC7_-1wQbAAgHSAiRiNTNiNDIwNC1kYzZkLTQwNWMtYTQ2MC1jZGJlMGQ2OTE2NTbYAgXgAgE&ucfs=1&arphpl=1&group_adults=2&req_adults=2&no_rooms=1&group_children=0&req_children=0&hpos=17&hapos=17&sr_order=popularity&srpvid=427b3437e3880238&srepoch=1747812336&from_sustainable_property_sr=1&from=searchresults,50.6457460291465,3.055926561355591,"Situé dans la vieille ville de Lille, le The People - Lille est une auberge de jeunesse proposant des dortoirs communs et des chambres privées. ",,8.1
635,7,Lille,11.56,0.82,1.13,9.61,Moxy Lille City,https://www.booking.com/hotel/fr/moxy-lille-city-center-france.fr.html?aid=304142&label=gen173nr-1FCAQoggJCDHNlYXJjaF9saWxsZUgNWARoTYgBAZgBDbgBCsgBBdgBAegBAfgBA4gCAagCA7gC7_-1wQbAAgHSAiRiNTNiNDIwNC1kYzZkLTQwNWMtYTQ2MC1jZGJlMGQ2OTE2NTbYAgXgAgE&ucfs=1&arphpl=1&group_adults=2&req_adults=2&no_rooms=1&group_children=0&req_children=0&hpos=15&hapos=15&sr_order=popularity&srpvid=427b3437e3880238&srepoch=1747812336&from=searchresults,50.627831,3.063592,"L’établissement Moxy Lille City bénéficie d’un emplacement idéal à Lille. Il propose une connexion Wi-Fi gratuite, une salle de sport, une terrasse des hébergements dotés de la climatisation. ",3.0,8.2
636,7,Lille,11.56,0.82,1.13,9.61,"Charming flat ideal location, 2 bedroom 5 pers max",https://www.booking.com/hotel/fr/charming-flat-ideal-location-2-bedroom-5-pers-max.fr.html?aid=304142&label=gen173nr-1FCAQoggJCDHNlYXJjaF9saWxsZUgNWARoTYgBAZgBDbgBCsgBBdgBAegBAfgBA4gCAagCA7gC7_-1wQbAAgHSAiRiNTNiNDIwNC1kYzZkLTQwNWMtYTQ2MC1jZGJlMGQ2OTE2NTbYAgXgAgE&ucfs=1&arphpl=1&group_adults=2&req_adults=2&no_rooms=1&group_children=0&req_children=0&hpos=13&hapos=13&sr_order=popularity&srpvid=427b3437e3880238&srepoch=1747812336&from=searchresults,50.649503241508,3.086926371907,Hébergement géré par un particulier,,9.3
637,7,Lille,11.56,0.82,1.13,9.61,ibis Lille Centre Gares,https://www.booking.com/hotel/fr/ibis-lille-centre-gares.fr.html?aid=304142&label=gen173nr-1FCAQoggJCDHNlYXJjaF9saWxsZUgNWARoTYgBAZgBDbgBCsgBBdgBAegBAfgBA4gCAagCA7gC7_-1wQbAAgHSAiRiNTNiNDIwNC1kYzZkLTQwNWMtYTQ2MC1jZGJlMGQ2OTE2NTbYAgXgAgE&ucfs=1&arphpl=1&group_adults=2&req_adults=2&no_rooms=1&group_children=0&req_children=0&hpos=14&hapos=14&sr_order=popularity&srpvid=427b3437e3880238&srepoch=1747812336&from=searchresults,50.63470382946673,3.070800080895424,"Situé à 100 mètres de la gare de Lille Flandres et à moins de 10 minutes à pied de la gare de Lille Europe, l'ibis Lille Centre Gares vous propose une réception ouverte 24h/24, un ascenseur, une...",3.0,7.7
638,7,Lille,11.56,0.82,1.13,9.61,Campanile Lille Euralille,https://www.booking.com/hotel/fr/campanile-lille-euralille-xml.fr.html?aid=304142&label=gen173nr-1FCAQoggJCDHNlYXJjaF9saWxsZUgNWARoTYgBAZgBDbgBCsgBBdgBAegBAfgBA4gCAagCA7gC7_-1wQbAAgHSAiRiNTNiNDIwNC1kYzZkLTQwNWMtYTQ2MC1jZGJlMGQ2OTE2NTbYAgXgAgE&ucfs=1&arphpl=1&group_adults=2&req_adults=2&no_rooms=1&group_children=0&req_children=0&hpos=12&hapos=12&sr_order=popularity&srpvid=427b3437e3880238&srepoch=1747812336&from=searchresults,50.6456982973099,3.072109669446945,"Le Campanile Lille Euralille vous accueille à 1 km de la gare de Lille-Europe, à 2 km de la Grand-Place et à moins de 300 mètres de l'arrêt de tramway Romarin. ",3.0,8.1
639,7,Lille,11.56,0.82,1.13,9.61,ibis Styles Lille Centre Gare Beffroi,https://www.booking.com/hotel/fr/ibis-styles-lille-centre-gare-beffroi.fr.html?aid=304142&label=gen173nr-1FCAQoggJCDHNlYXJjaF9saWxsZUgNWARoTYgBAZgBDbgBCsgBBdgBAegBAfgBA4gCAagCA7gC7_-1wQbAAgHSAiRiNTNiNDIwNC1kYzZkLTQwNWMtYTQ2MC1jZGJlMGQ2OTE2NTbYAgXgAgE&ucfs=1&arphpl=1&group_adults=2&req_adults=2&no_rooms=1&group_children=0&req_children=0&hpos=10&hapos=10&sr_order=popularity&srpvid=427b3437e3880238&srepoch=1747812336&from=searchresults,50.63238245171801,3.0679428577423096,"L’ibis Styles Lille Centre Gare Beffroi vous accueille dans le centre-ville de Lille, à 600 mètres des gares de Lille-Europe et de Lille-Flandres. ",3.0,8.1
640,7,Lille,11.56,0.82,1.13,9.61,Grand Hotel Bellevue - Grand Place,https://www.booking.com/hotel/fr/grandhotelbellevue.fr.html?aid=304142&label=gen173nr-1FCAQoggJCDHNlYXJjaF9saWxsZUgNWARoTYgBAZgBDbgBCsgBBdgBAegBAfgBA4gCAagCA7gC7_-1wQbAAgHSAiRiNTNiNDIwNC1kYzZkLTQwNWMtYTQ2MC1jZGJlMGQ2OTE2NTbYAgXgAgE&ucfs=1&arphpl=1&group_adults=2&req_adults=2&no_rooms=1&group_children=0&req_children=0&hpos=11&hapos=11&sr_order=popularity&srpvid=427b3437e3880238&srepoch=1747812336&from_sustainable_property_sr=1&from=searchresults,50.63654706975337,3.062342405319214,"Situé sur la Grand-Place, dans le Vieux-Lille, le Grand Hotel Bellevue - Grand Place occupe un bâtiment à l'architecture flamande. ",4.0,8.4
641,7,Lille,11.56,0.82,1.13,9.61,OKKO Hotels Lille Centre,https://www.booking.com/hotel/fr/okko-hotels-lille-centre.fr.html?aid=304142&label=gen173nr-1FCAQoggJCDHNlYXJjaF9saWxsZUgNWARoTYgBAZgBDbgBCsgBBdgBAegBAfgBA4gCAagCA7gC7_-1wQbAAgHSAiRiNTNiNDIwNC1kYzZkLTQwNWMtYTQ2MC1jZGJlMGQ2OTE2NTbYAgXgAgE&ucfs=1&arphpl=1&group_adults=2&req_adults=2&no_rooms=1&group_children=0&req_children=0&hpos=9&hapos=9&sr_order=popularity&srpvid=427b3437e3880238&srepoch=1747812336&from=searchresults,50.634074,3.064229,"Situé à Lille, l’établissement OKKO Hotels Lille Centre possède une salle de sport, un salon commun, une terrasse et un restaurant. ",4.0,8.6
642,7,Lille,11.56,0.82,1.13,9.61,Residhotel Lille Vauban,https://www.booking.com/hotel/fr/residhotel-lille-vauban.fr.html?aid=304142&label=gen173nr-1FCAQoggJCDHNlYXJjaF9saWxsZUgNWARoTYgBAZgBDbgBCsgBBdgBAegBAfgBA4gCAagCA7gC7_-1wQbAAgHSAiRiNTNiNDIwNC1kYzZkLTQwNWMtYTQ2MC1jZGJlMGQ2OTE2NTbYAgXgAgE&ucfs=1&arphpl=1&group_adults=2&req_adults=2&no_rooms=1&group_children=0&req_children=0&hpos=8&hapos=8&sr_order=popularity&srpvid=427b3437e3880238&srepoch=1747812336&from=searchresults,50.63220721664461,3.046686351299286,"Le Residhotel Lille Vauban est idéalement situé dans le quartier résidentiel de Vauban, à seulement 20 minutes de marche de la vieille ville de Lille. ",3.0,8.1
643,7,Lille,11.56,0.82,1.13,9.61,Kyriad Lille Gare - Grand Palais,https://www.booking.com/hotel/fr/kyriad-lille-gare-grand-palais.fr.html?aid=304142&label=gen173nr-1FCAQoggJCDHNlYXJjaF9saWxsZUgNWARoTYgBAZgBDbgBCsgBBdgBAegBAfgBA4gCAagCA7gC7_-1wQbAAgHSAiRiNTNiNDIwNC1kYzZkLTQwNWMtYTQ2MC1jZGJlMGQ2OTE2NTbYAgXgAgE&ucfs=1&arphpl=1&group_adults=2&req_adults=2&no_rooms=1&group_children=0&req_children=0&hpos=7&hapos=7&sr_order=popularity&srpvid=427b3437e3880238&srepoch=1747812336&from=searchresults,50.63637014904095,3.0831187963485718,"Situé à 1 km du Grand Palais de Lille et du quartier des affaires d’Euralille, le Kyriad Lille Gare - Grand Palais propose des chambres insonorisées avec une connexion Wi-Fi gratuite. ",3.0,7.7
644,7,Lille,11.56,0.82,1.13,9.61,Eklo Hotels Lille,https://www.booking.com/hotel/fr/eklo-hotels-lille.fr.html?aid=304142&label=gen173nr-1FCAQoggJCDHNlYXJjaF9saWxsZUgNWARoTYgBAZgBDbgBCsgBBdgBAegBAfgBA4gCAagCA7gC7_-1wQbAAgHSAiRiNTNiNDIwNC1kYzZkLTQwNWMtYTQ2MC1jZGJlMGQ2OTE2NTbYAgXgAgE&ucfs=1&arphpl=1&group_adults=2&req_adults=2&no_rooms=1&group_children=0&req_children=0&hpos=5&hapos=5&sr_order=popularity&srpvid=427b3437e3880238&srepoch=1747812336&from_sustainable_property_sr=1&from=searchresults,50.6200329566919,3.08456697196652,"Doté d'une terrasse, l'Eklo Hotels Lille est situé à Lille, dans le Nord-Pas-de-Calais, à 2 km du Zénith. La gare de Lille-Europe se trouve à 2,7 km et celle de Lille-Flandres à 2,6 km. ",,7.6
645,7,Lille,11.56,0.82,1.13,9.61,Lille City Hotel,https://www.booking.com/hotel/fr/lille-city-hotel.fr.html?aid=304142&label=gen173nr-1FCAQoggJCDHNlYXJjaF9saWxsZUgNWARoTYgBAZgBDbgBCsgBBdgBAegBAfgBA4gCAagCA7gC7_-1wQbAAgHSAiRiNTNiNDIwNC1kYzZkLTQwNWMtYTQ2MC1jZGJlMGQ2OTE2NTbYAgXgAgE&ucfs=1&arphpl=1&group_adults=2&req_adults=2&no_rooms=1&group_children=0&req_children=0&hpos=4&hapos=4&sr_order=popularity&srpvid=427b3437e3880238&srepoch=1747812336&from=searchresults,50.63359887135759,3.0632811784744263,"Le Lille City Hotel est un établissement abordable situé dans le centre-ville de Lille, dans une rue piétonne et commerçante, à 260 mètres du Palais des Beaux Arts, à 1,2 km de Lille Grand Palais et à...",3.0,7.2
646,7,Lille,11.56,0.82,1.13,9.61,Holiday Inn Express Lille Centre by IHG,https://www.booking.com/hotel/fr/expressbyholidayinnlille.fr.html?aid=304142&label=gen173nr-1FCAQoggJCDHNlYXJjaF9saWxsZUgNWARoTYgBAZgBDbgBCsgBBdgBAegBAfgBA4gCAagCA7gC7_-1wQbAAgHSAiRiNTNiNDIwNC1kYzZkLTQwNWMtYTQ2MC1jZGJlMGQ2OTE2NTbYAgXgAgE&ucfs=1&arphpl=1&group_adults=2&req_adults=2&no_rooms=1&group_children=0&req_children=0&hpos=6&hapos=6&sr_order=popularity&srpvid=427b3437e3880238&srepoch=1747812336&from_sustainable_property_sr=1&from=searchresults,50.630759375656005,3.0580884218215942,"L'Holiday Inn Express Lille Centre est situé dans le centre de Lille, à 350 mètres du Palais des Beaux Arts et à 9 km du stade Pierre Mauroy. ",3.0,8.1
647,7,Lille,11.56,0.82,1.13,9.61,Hotel Chagnot,https://www.booking.com/hotel/fr/hotel-balladins-superior-lille-centre.fr.html?aid=304142&label=gen173nr-1FCAQoggJCDHNlYXJjaF9saWxsZUgNWARoTYgBAZgBDbgBCsgBBdgBAegBAfgBA4gCAagCA7gC7_-1wQbAAgHSAiRiNTNiNDIwNC1kYzZkLTQwNWMtYTQ2MC1jZGJlMGQ2OTE2NTbYAgXgAgE&ucfs=1&arphpl=1&group_adults=2&req_adults=2&no_rooms=1&group_children=0&req_children=0&hpos=3&hapos=3&sr_order=popularity&srpvid=427b3437e3880238&srepoch=1747812336&from=searchresults,50.63624596391233,3.069242388010025,"L'Hotel Chagnot est situé dans le centre-ville de Lille, juste en face de la gare de Lille-Flandres et à 10 minutes à pied de la gare de Lille-Europe. ",3.0,8.1
648,7,Lille,11.56,0.82,1.13,9.61,Hotel Lille Europe,https://www.booking.com/hotel/fr/lille-europe.fr.html?aid=304142&label=gen173nr-1FCAQoggJCDHNlYXJjaF9saWxsZUgNWARoTYgBAZgBDbgBCsgBBdgBAegBAfgBA4gCAagCA7gC7_-1wQbAAgHSAiRiNTNiNDIwNC1kYzZkLTQwNWMtYTQ2MC1jZGJlMGQ2OTE2NTbYAgXgAgE&ucfs=1&arphpl=1&group_adults=2&req_adults=2&no_rooms=1&group_children=0&req_children=0&hpos=2&hapos=2&sr_order=popularity&srpvid=427b3437e3880238&srepoch=1747812336&from=searchresults,50.63788756274342,3.0726850032806396,"L'Hotel Lille Europe est un établissement 3 étoiles situé au cœur du quartier des affaires international, à seulement 250 mètres de la gare de Lille-Flandres et à 17 minutes de route du stade...",3.0,8.1
649,7,Lille,11.56,0.82,1.13,9.61,Hotel & Spa Oceania Lille Les Augustins,https://www.booking.com/hotel/fr/amp-spa-oceania-les-augustins.fr.html?aid=304142&label=gen173nr-1FCAQoggJCDHNlYXJjaF9saWxsZUgNWARoTYgBAZgBDbgBCsgBBdgBAegBAfgBA4gCAagCA7gC7_-1wQbAAgHSAiRiNTNiNDIwNC1kYzZkLTQwNWMtYTQ2MC1jZGJlMGQ2OTE2NTbYAgXgAgE&ucfs=1&arphpl=1&group_adults=2&req_adults=2&no_rooms=1&group_children=0&req_children=0&hpos=1&hapos=1&sr_order=popularity&srpvid=427b3437e3880238&srepoch=1747812336&from=searchresults,50.6347504,3.0691948,"Proposant un bar, l’établissement Hotel & Spa Oceania Lille Les Augustins se situe dans le centre de Lille, à 500 mètres de ce lieu d’intérêt : Hospice Gantois. ",4.0,
650,6,Amiens,10.46,0.55,0.98,8.93,LES GRENOUILLES,https://www.booking.com/hotel/fr/les-grenouilles-amiens.fr.html?aid=304142&label=gen173nr-1FCAQoggJCDXNlYXJjaF9hbWllbnNIDVgEaE2IAQGYAQ24AQrIAQXYAQHoAQH4AQOIAgGoAgO4Au__tcEGwAIB0gIkM2NlMGExMGQtNDk4ZS00YmNlLTllZmMtMzk1OGQxYzgyZmYx2AIF4AIB&ucfs=1&arphpl=1&group_adults=2&req_adults=2&no_rooms=1&group_children=0&req_children=0&hpos=24&hapos=24&sr_order=popularity&srpvid=03ce343729100503&srepoch=1747812336&from=searchresults,49.8961025,2.3107899,"L’hébergement LES GRENOUILLES se situe à Amiens, à respectivement 800 mètres et 4,5 km de ces lieux d’intérêt : Gare d'Amiens et Zénith d'Amiens. ",,9.2
651,6,Amiens,10.46,0.55,0.98,8.93,Appartement Les Jardins de Jules Verne - Côté Mer,https://www.booking.com/hotel/fr/les-jardins-de-jules-verne-cote-mer.fr.html?aid=304142&label=gen173nr-1FCAQoggJCDXNlYXJjaF9hbWllbnNIDVgEaE2IAQGYAQ24AQrIAQXYAQHoAQH4AQOIAgGoAgO4Au__tcEGwAIB0gIkM2NlMGExMGQtNDk4ZS00YmNlLTllZmMtMzk1OGQxYzgyZmYx2AIF4AIB&ucfs=1&arphpl=1&group_adults=2&req_adults=2&no_rooms=1&group_children=0&req_children=0&hpos=25&hapos=25&sr_order=popularity&srpvid=03ce343729100503&srepoch=1747812336&from=searchresults,49.8860539,2.2902209,Hébergement géré par un particulier,,8.8
652,6,Amiens,10.46,0.55,0.98,8.93,"La jungle insolite, SPA, Écran cinéma, Lit à baldaquin king size, day use, 10 min centre",https://www.booking.com/hotel/fr/la-jungle-love-room-jacuzzi-ecran-cinema-a-amiens.fr.html?aid=304142&label=gen173nr-1FCAQoggJCDXNlYXJjaF9hbWllbnNIDVgEaE2IAQGYAQ24AQrIAQXYAQHoAQH4AQOIAgGoAgO4Au__tcEGwAIB0gIkM2NlMGExMGQtNDk4ZS00YmNlLTllZmMtMzk1OGQxYzgyZmYx2AIF4AIB&ucfs=1&arphpl=1&group_adults=2&req_adults=2&no_rooms=1&group_children=0&req_children=0&hpos=23&hapos=23&sr_order=popularity&srpvid=03ce343729100503&srepoch=1747812336&from=searchresults,49.9024242,2.2876602,"Doté d’un bain à remous, l’hébergement La jungle insolite, SPA, Écran cinéma, Lit à baldaquin king size, day use, 10 min centre se trouve à Amiens, à 2,5 km de ce lieu d’intérêt : Zénith d'Amiens. ",,9.5
653,6,Amiens,10.46,0.55,0.98,8.93,Plein centre- 90m Cathédrale - 2ch - 4 couchages,https://www.booking.com/hotel/fr/plein-centre-90m-cathedrale-2ch-3-lits-amiens2.fr.html?aid=304142&label=gen173nr-1FCAQoggJCDXNlYXJjaF9hbWllbnNIDVgEaE2IAQGYAQ24AQrIAQXYAQHoAQH4AQOIAgGoAgO4Au__tcEGwAIB0gIkM2NlMGExMGQtNDk4ZS00YmNlLTllZmMtMzk1OGQxYzgyZmYx2AIF4AIB&ucfs=1&arphpl=1&group_adults=2&req_adults=2&no_rooms=1&group_children=0&req_children=0&hpos=22&hapos=22&sr_order=popularity&srpvid=03ce343729100503&srepoch=1747812336&from=searchresults,49.8947525,2.2999821,Hébergement géré par un particulier,,9.3
654,6,Amiens,10.46,0.55,0.98,8.93,The Originals Boutique Hôtel Amiens Sud,https://www.booking.com/hotel/fr/the-originals-boutique-amiens-sud-chu-amiens.fr.html?aid=304142&label=gen173nr-1FCAQoggJCDXNlYXJjaF9hbWllbnNIDVgEaE2IAQGYAQ24AQrIAQXYAQHoAQH4AQOIAgGoAgO4Au__tcEGwAIB0gIkM2NlMGExMGQtNDk4ZS00YmNlLTllZmMtMzk1OGQxYzgyZmYx2AIF4AIB&ucfs=1&arphpl=1&group_adults=2&req_adults=2&no_rooms=1&group_children=0&req_children=0&hpos=21&hapos=21&sr_order=popularity&srpvid=03ce343729100503&srepoch=1747812336&from=searchresults,49.879612824182246,2.266651015808119,"L’établissement The Originals Boutique Hôtel Amiens Sud vous accueille à Amiens, à 3,6 km de ce lieu d’intérêt : Zénith d'Amiens. ",3.0,8.5
655,6,Amiens,10.46,0.55,0.98,8.93,LA BERGE,https://www.booking.com/hotel/fr/la-berge.fr.html?aid=304142&label=gen173nr-1FCAQoggJCDXNlYXJjaF9hbWllbnNIDVgEaE2IAQGYAQ24AQrIAQXYAQHoAQH4AQOIAgGoAgO4Au__tcEGwAIB0gIkM2NlMGExMGQtNDk4ZS00YmNlLTllZmMtMzk1OGQxYzgyZmYx2AIF4AIB&ucfs=1&arphpl=1&group_adults=2&req_adults=2&no_rooms=1&group_children=0&req_children=0&hpos=20&hapos=20&sr_order=popularity&srpvid=03ce343729100503&srepoch=1747812336&from=searchresults,49.8961025,2.3107899,"L’hébergement LA BERGE se situe à Amiens, à respectivement 4,5 km, quelques pas et 1,1 km de ces lieux d’intérêt : Zénith d'Amiens, The Floating gardens Park et Tribunal de Grande Instance of Amiens. ",,9.2
656,6,Amiens,10.46,0.55,0.98,8.93,L Amiens Haussmann-Gare-Hortillonnages-Centre-ville-WIFI,https://www.booking.com/hotel/fr/amiens-haussmann-wifi-5min-gare-centre-hortillonnages.fr.html?aid=304142&label=gen173nr-1FCAQoggJCDXNlYXJjaF9hbWllbnNIDVgEaE2IAQGYAQ24AQrIAQXYAQHoAQH4AQOIAgGoAgO4Au__tcEGwAIB0gIkM2NlMGExMGQtNDk4ZS00YmNlLTllZmMtMzk1OGQxYzgyZmYx2AIF4AIB&ucfs=1&arphpl=1&group_adults=2&req_adults=2&no_rooms=1&group_children=0&req_children=0&hpos=19&hapos=19&sr_order=popularity&srpvid=03ce343729100503&srepoch=1747812336&from=searchresults,49.8928126,2.3104514,Hébergement géré par un particulier,,9.3
657,6,Amiens,10.46,0.55,0.98,8.93,Le Sable d'Or - charme - détente,https://www.booking.com/hotel/fr/le-sable-d-or-charme-depaysement.fr.html?aid=304142&label=gen173nr-1FCAQoggJCDXNlYXJjaF9hbWllbnNIDVgEaE2IAQGYAQ24AQrIAQXYAQHoAQH4AQOIAgGoAgO4Au__tcEGwAIB0gIkM2NlMGExMGQtNDk4ZS00YmNlLTllZmMtMzk1OGQxYzgyZmYx2AIF4AIB&ucfs=1&arphpl=1&group_adults=2&req_adults=2&no_rooms=1&group_children=0&req_children=0&hpos=18&hapos=18&sr_order=popularity&srpvid=03ce343729100503&srepoch=1747812336&from=searchresults,49.8825668,2.2843313,Hébergement géré par un particulier,,8.7
658,6,Amiens,10.46,0.55,0.98,8.93,L'Annexe Amiens,https://www.booking.com/hotel/fr/annexe-amiens.fr.html?aid=304142&label=gen173nr-1FCAQoggJCDXNlYXJjaF9hbWllbnNIDVgEaE2IAQGYAQ24AQrIAQXYAQHoAQH4AQOIAgGoAgO4Au__tcEGwAIB0gIkM2NlMGExMGQtNDk4ZS00YmNlLTllZmMtMzk1OGQxYzgyZmYx2AIF4AIB&ucfs=1&arphpl=1&group_adults=2&req_adults=2&no_rooms=1&group_children=0&req_children=0&hpos=17&hapos=17&sr_order=popularity&srpvid=03ce343729100503&srepoch=1747812336&from=searchresults,49.8876649,2.292781,"Proposant une terrasse, l’établissement L'Annexe Amiens se trouve à Amiens dans la région Picardie, à respectivement 1,4 km et 2,7 km de ces lieux d’intérêt : Gare d'Amiens et Zénith d'Amiens. ",,9.3
659,6,Amiens,10.46,0.55,0.98,8.93,"Le Logis du Roi, Hyper centre-ville",https://www.booking.com/hotel/fr/le-logis-du-roi-hyper-centre-ville.fr.html?aid=304142&label=gen173nr-1FCAQoggJCDXNlYXJjaF9hbWllbnNIDVgEaE2IAQGYAQ24AQrIAQXYAQHoAQH4AQOIAgGoAgO4Au__tcEGwAIB0gIkM2NlMGExMGQtNDk4ZS00YmNlLTllZmMtMzk1OGQxYzgyZmYx2AIF4AIB&ucfs=1&arphpl=1&group_adults=2&req_adults=2&no_rooms=1&group_children=0&req_children=0&hpos=15&hapos=15&sr_order=popularity&srpvid=03ce343729100503&srepoch=1747812336&from=searchresults,49.893198049382,2.299883537545,Hébergement géré par un particulier,,9.1
660,6,Amiens,10.46,0.55,0.98,8.93,Location d'appartements - Cosysejour - Calme Fibre Netflix,https://www.booking.com/hotel/fr/la-parenthese-amienoise-calme-easy-parking-netflix.fr.html?aid=304142&label=gen173nr-1FCAQoggJCDXNlYXJjaF9hbWllbnNIDVgEaE2IAQGYAQ24AQrIAQXYAQHoAQH4AQOIAgGoAgO4Au__tcEGwAIB0gIkM2NlMGExMGQtNDk4ZS00YmNlLTllZmMtMzk1OGQxYzgyZmYx2AIF4AIB&ucfs=1&arphpl=1&group_adults=2&req_adults=2&no_rooms=1&group_children=0&req_children=0&hpos=16&hapos=16&sr_order=popularity&srpvid=03ce343729100503&srepoch=1747812336&from=searchresults,49.900640356733,2.315938104832,Hébergement géré par un particulier,,8.6
661,6,Amiens,10.46,0.55,0.98,8.93,Moxy Amiens,https://www.booking.com/hotel/fr/campanile-amiens-centre-gare.fr.html?aid=304142&label=gen173nr-1FCAQoggJCDXNlYXJjaF9hbWllbnNIDVgEaE2IAQGYAQ24AQrIAQXYAQHoAQH4AQOIAgGoAgO4Au__tcEGwAIB0gIkM2NlMGExMGQtNDk4ZS00YmNlLTllZmMtMzk1OGQxYzgyZmYx2AIF4AIB&ucfs=1&arphpl=1&group_adults=2&req_adults=2&no_rooms=1&group_children=0&req_children=0&hpos=14&hapos=14&sr_order=popularity&srpvid=03ce343729100503&srepoch=1747812336&from_sustainable_property_sr=1&from=searchresults,49.891249,2.30953,"Situé au cœur de la ville et à deux pas de la gare, l’hôtel Moxy Amiens est un pied-à-terre idéal pour vos déplacements professionnels ou sportifs, pour un voyage entre amis ou un séjour découverte en...",3.0,8.5
662,6,Amiens,10.46,0.55,0.98,8.93,Jardins de Castille - 200m de la gare - Home cinéma,https://www.booking.com/hotel/fr/les-jardins-de-castille-200m-de-la-gare.fr.html?aid=304142&label=gen173nr-1FCAQoggJCDXNlYXJjaF9hbWllbnNIDVgEaE2IAQGYAQ24AQrIAQXYAQHoAQH4AQOIAgGoAgO4Au__tcEGwAIB0gIkM2NlMGExMGQtNDk4ZS00YmNlLTllZmMtMzk1OGQxYzgyZmYx2AIF4AIB&ucfs=1&arphpl=1&group_adults=2&req_adults=2&no_rooms=1&group_children=0&req_children=0&hpos=12&hapos=12&sr_order=popularity&srpvid=03ce343729100503&srepoch=1747812336&from=searchresults,49.888363,2.3085866,Hébergement géré par un particulier,,8.3
663,6,Amiens,10.46,0.55,0.98,8.93,Hotel Le Prieuré et La Résidence,https://www.booking.com/hotel/fr/le-prieure-amiens.fr.html?aid=304142&label=gen173nr-1FCAQoggJCDXNlYXJjaF9hbWllbnNIDVgEaE2IAQGYAQ24AQrIAQXYAQHoAQH4AQOIAgGoAgO4Au__tcEGwAIB0gIkM2NlMGExMGQtNDk4ZS00YmNlLTllZmMtMzk1OGQxYzgyZmYx2AIF4AIB&ucfs=1&arphpl=1&group_adults=2&req_adults=2&no_rooms=1&group_children=0&req_children=0&hpos=13&hapos=13&sr_order=popularity&srpvid=03ce343729100503&srepoch=1747812336&from=searchresults,49.894445193999786,2.3009423911571503,"L'Hotel Le Prieuré et La Résidence est situé dans le centre-ville d'Amiens, au pied de la cathédrale. ",3.0,8.5
664,6,Amiens,10.46,0.55,0.98,8.93,Appartement hyper centre cathédrale avec parking gratuit,https://www.booking.com/hotel/fr/appartement-hype-centre-cathedrale.fr.html?aid=304142&label=gen173nr-1FCAQoggJCDXNlYXJjaF9hbWllbnNIDVgEaE2IAQGYAQ24AQrIAQXYAQHoAQH4AQOIAgGoAgO4Au__tcEGwAIB0gIkM2NlMGExMGQtNDk4ZS00YmNlLTllZmMtMzk1OGQxYzgyZmYx2AIF4AIB&ucfs=1&arphpl=1&group_adults=2&req_adults=2&no_rooms=1&group_children=0&req_children=0&hpos=11&hapos=11&sr_order=popularity&srpvid=03ce343729100503&srepoch=1747812336&from=searchresults,49.8959592,2.2970323,Hébergement géré par un particulier,,8.3
665,6,Amiens,10.46,0.55,0.98,8.93,B&B HOTEL Amiens Centre Cathédrale,https://www.booking.com/hotel/fr/ibis-amiens-centre-cathedrale.fr.html?aid=304142&label=gen173nr-1FCAQoggJCDXNlYXJjaF9hbWllbnNIDVgEaE2IAQGYAQ24AQrIAQXYAQHoAQH4AQOIAgGoAgO4Au__tcEGwAIB0gIkM2NlMGExMGQtNDk4ZS00YmNlLTllZmMtMzk1OGQxYzgyZmYx2AIF4AIB&ucfs=1&arphpl=1&group_adults=2&req_adults=2&no_rooms=1&group_children=0&req_children=0&hpos=10&hapos=10&sr_order=popularity&srpvid=03ce343729100503&srepoch=1747812336&from_sustainable_property_sr=1&from=searchresults,49.891999,2.291969999999992,"Disposant d’un restaurant et d’une connexion Wi-Fi gratuite, le B&B HOTEL Amiens Centre Cathédrale est situé dans le centre d'Amiens. Les chambres possèdent une télévision à écran plat et un bureau. ",3.0,8.2
666,6,Amiens,10.46,0.55,0.98,8.93,Holiday Inn Express Amiens by IHG,https://www.booking.com/hotel/fr/express-by-holiday-inn.fr.html?aid=304142&label=gen173nr-1FCAQoggJCDXNlYXJjaF9hbWllbnNIDVgEaE2IAQGYAQ24AQrIAQXYAQHoAQH4AQOIAgGoAgO4Au__tcEGwAIB0gIkM2NlMGExMGQtNDk4ZS00YmNlLTllZmMtMzk1OGQxYzgyZmYx2AIF4AIB&ucfs=1&arphpl=1&group_adults=2&req_adults=2&no_rooms=1&group_children=0&req_children=0&hpos=8&hapos=8&sr_order=popularity&srpvid=03ce343729100503&srepoch=1747812336&from=searchresults,49.89167619790575,2.30775386095047,L'Holiday Inn Express propose des chambres confortables avec connexion Wi-Fi gratuite. ,3.0,8.0
667,6,Amiens,10.46,0.55,0.98,8.93,Appartement Les Jardins de Jules Verne - Côté Jardin,https://www.booking.com/hotel/fr/les-jardins-de-jules-verne-cote-jardin-amiens.fr.html?aid=304142&label=gen173nr-1FCAQoggJCDXNlYXJjaF9hbWllbnNIDVgEaE2IAQGYAQ24AQrIAQXYAQHoAQH4AQOIAgGoAgO4Au__tcEGwAIB0gIkM2NlMGExMGQtNDk4ZS00YmNlLTllZmMtMzk1OGQxYzgyZmYx2AIF4AIB&ucfs=1&arphpl=1&group_adults=2&req_adults=2&no_rooms=1&group_children=0&req_children=0&hpos=9&hapos=9&sr_order=popularity&srpvid=03ce343729100503&srepoch=1747812336&from=searchresults,49.8860539,2.2902209,Hébergement géré par un particulier,,9.3
668,6,Amiens,10.46,0.55,0.98,8.93,Neoresid - Résidence Saint Germain,https://www.booking.com/hotel/fr/residence-saint-germain.fr.html?aid=304142&label=gen173nr-1FCAQoggJCDXNlYXJjaF9hbWllbnNIDVgEaE2IAQGYAQ24AQrIAQXYAQHoAQH4AQOIAgGoAgO4Au__tcEGwAIB0gIkM2NlMGExMGQtNDk4ZS00YmNlLTllZmMtMzk1OGQxYzgyZmYx2AIF4AIB&ucfs=1&arphpl=1&group_adults=2&req_adults=2&no_rooms=1&group_children=0&req_children=0&hpos=7&hapos=7&sr_order=popularity&srpvid=03ce343729100503&srepoch=1747812336&from=searchresults,49.89681629472453,2.2964092177910516,"Proposant une connexion Wi-Fi gratuite et des hébergements avec vue sur le cours d’eau, l’établissement Neoresid - Résidence Saint Germain est idéalement situé à Amiens, à proximité de ces lieux...",,7.8
669,6,Amiens,10.46,0.55,0.98,8.93,ibis budget Amiens Centre Gare,https://www.booking.com/hotel/fr/ibis-budget-amiens-centre-gare.fr.html?aid=304142&label=gen173nr-1FCAQoggJCDXNlYXJjaF9hbWllbnNIDVgEaE2IAQGYAQ24AQrIAQXYAQHoAQH4AQOIAgGoAgO4Au__tcEGwAIB0gIkM2NlMGExMGQtNDk4ZS00YmNlLTllZmMtMzk1OGQxYzgyZmYx2AIF4AIB&ucfs=1&arphpl=1&group_adults=2&req_adults=2&no_rooms=1&group_children=0&req_children=0&hpos=5&hapos=5&sr_order=popularity&srpvid=03ce343729100503&srepoch=1747812336&from_sustainable_property_sr=1&from=searchresults,49.891591,2.313573,"L'ibis budget Amiens Centre Gare est situé dans le centre-ville d'Amiens, à 5 minutes à pied de la gare d'Amiens et à 15 minutes à pied de la cathédrale Notre-Dame d'Amiens. ",2.0,8.0
670,6,Amiens,10.46,0.55,0.98,8.93,Ginkgo Maison d'hôtes,https://www.booking.com/hotel/fr/ginkgo-maison-d-39-hotes.fr.html?aid=304142&label=gen173nr-1FCAQoggJCDXNlYXJjaF9hbWllbnNIDVgEaE2IAQGYAQ24AQrIAQXYAQHoAQH4AQOIAgGoAgO4Au__tcEGwAIB0gIkM2NlMGExMGQtNDk4ZS00YmNlLTllZmMtMzk1OGQxYzgyZmYx2AIF4AIB&ucfs=1&arphpl=1&group_adults=2&req_adults=2&no_rooms=1&group_children=0&req_children=0&hpos=6&hapos=6&sr_order=popularity&srpvid=03ce343729100503&srepoch=1747812336&from=searchresults,49.887125,2.295143,"L’établissement Ginkgo Maison d'hôtes vous accueille à Amiens, à 1,3 km de ce lieu d’intérêt : Gare d'Amiens. ",,9.3
671,6,Amiens,10.46,0.55,0.98,8.93,Le Saint Louis,https://www.booking.com/hotel/fr/le-saint-louis-amienq.fr.html?aid=304142&label=gen173nr-1FCAQoggJCDXNlYXJjaF9hbWllbnNIDVgEaE2IAQGYAQ24AQrIAQXYAQHoAQH4AQOIAgGoAgO4Au__tcEGwAIB0gIkM2NlMGExMGQtNDk4ZS00YmNlLTllZmMtMzk1OGQxYzgyZmYx2AIF4AIB&ucfs=1&arphpl=1&group_adults=2&req_adults=2&no_rooms=1&group_children=0&req_children=0&hpos=2&hapos=2&sr_order=popularity&srpvid=03ce343729100503&srepoch=1747812336&from=searchresults,49.889778847078894,2.3024994134902954,"Le Saint Louis est situé dans le centre-ville d'Amiens, à 300 mètres de la gare et de la cathédrale. Il propose des chambres avec télévision par satellite et connexion Wi-Fi gratuite. ",3.0,8.3
672,6,Amiens,10.46,0.55,0.98,8.93,Appart'City Confort Amiens Gare,https://www.booking.com/hotel/fr/appart-city-amiens.fr.html?aid=304142&label=gen173nr-1FCAQoggJCDXNlYXJjaF9hbWllbnNIDVgEaE2IAQGYAQ24AQrIAQXYAQHoAQH4AQOIAgGoAgO4Au__tcEGwAIB0gIkM2NlMGExMGQtNDk4ZS00YmNlLTllZmMtMzk1OGQxYzgyZmYx2AIF4AIB&ucfs=1&arphpl=1&group_adults=2&req_adults=2&no_rooms=1&group_children=0&req_children=0&hpos=3&hapos=3&sr_order=popularity&srpvid=03ce343729100503&srepoch=1747812336&from_sustainable_property_sr=1&from=searchresults,49.8943163,2.3097612000000254,"Situé à 300 mètres de la cathédrale Notre-Dame d'Amiens et des Hortillonnages, l'Appart'City Confort Amiens Gare propose des studios indépendants avec une télévision à écran LCD et une kitchenette...",3.0,7.9
673,6,Amiens,10.46,0.55,0.98,8.93,Appart Hotel Odalys City Amiens Blamont,https://www.booking.com/hotel/fr/appart-39-odalys-blamont.fr.html?aid=304142&label=gen173nr-1FCAQoggJCDXNlYXJjaF9hbWllbnNIDVgEaE2IAQGYAQ24AQrIAQXYAQHoAQH4AQOIAgGoAgO4Au__tcEGwAIB0gIkM2NlMGExMGQtNDk4ZS00YmNlLTllZmMtMzk1OGQxYzgyZmYx2AIF4AIB&ucfs=1&arphpl=1&group_adults=2&req_adults=2&no_rooms=1&group_children=0&req_children=0&hpos=4&hapos=4&sr_order=popularity&srpvid=03ce343729100503&srepoch=1747812336&from=searchresults,49.887148417540544,2.3116109042991866,"Situé à 2,8 km du Zénith d'Amiens et à 900 mètres du musée Berny à Amiens, l'Appart Hotel Odalys City Amiens Blamont propose des hébergements avec une connexion Wi-Fi gratuite. ",,7.8
674,6,Amiens,10.46,0.55,0.98,8.93,Nemea Appart Hotel Coliseum Amiens Centre,https://www.booking.com/hotel/fr/nemea-appart-coliseum.fr.html?aid=304142&label=gen173nr-1FCAQoggJCDXNlYXJjaF9hbWllbnNIDVgEaE2IAQGYAQ24AQrIAQXYAQHoAQH4AQOIAgGoAgO4Au__tcEGwAIB0gIkM2NlMGExMGQtNDk4ZS00YmNlLTllZmMtMzk1OGQxYzgyZmYx2AIF4AIB&ucfs=1&arphpl=1&group_adults=2&req_adults=2&no_rooms=1&group_children=0&req_children=0&hpos=1&hapos=1&sr_order=popularity&srpvid=03ce343729100503&srepoch=1747812336&from=searchresults,49.8921749,2.2889352,"Situé à Amiens, l’établissement Nemea Appart Hotel Coliseum Amiens Centre possède une connexion Wi-Fi gratuite et offre une vue sur la ville. ",3.0,8.5
675,14,Annecy,16.44,6.67,0.98,8.79,Aparthotel Adagio Annecy Centre,https://www.booking.com/hotel/fr/adagio-city-aparthotel-annecy-centre.fr.html?aid=304142&label=gen173nr-1FCAQoggJCDXNlYXJjaF9hbm5lY3lIDVgEaE2IAQGYAQ24AQrIAQXYAQHoAQH4AQOIAgGoAgO4AvH_tcEGwAIB0gIkMDI1NTFlOTQtMGM1Yy00MjNjLTg2NDYtN2UxNTNkZDZhYjQ32AIF4AIB&ucfs=1&arphpl=1&group_adults=2&req_adults=2&no_rooms=1&group_children=0&req_children=0&hpos=25&hapos=25&sr_order=popularity&srpvid=b6e93438fd2c0a3c&srepoch=1747812338&from=searchresults,45.903201977941485,6.122673153877258,"Doté dune salle de sport, l'Aparthotel Adagio Annecy Centre propose des studios et des appartements munis d'une connexion Wi-Fi gratuite, dans le centre d'Annecy. ",,8.5
676,14,Annecy,16.44,6.67,0.98,8.79,Coeur vieille ville,https://www.booking.com/hotel/fr/coeur-vieille-ville.fr.html?aid=304142&label=gen173nr-1FCAQoggJCDXNlYXJjaF9hbm5lY3lIDVgEaE2IAQGYAQ24AQrIAQXYAQHoAQH4AQOIAgGoAgO4AvH_tcEGwAIB0gIkMDI1NTFlOTQtMGM1Yy00MjNjLTg2NDYtN2UxNTNkZDZhYjQ32AIF4AIB&ucfs=1&arphpl=1&group_adults=2&req_adults=2&no_rooms=1&group_children=0&req_children=0&hpos=24&hapos=24&sr_order=popularity&srpvid=b6e93438fd2c0a3c&srepoch=1747812338&from=searchresults,45.8981975,6.1251436,Hébergement géré par un particulier,,8.5
677,14,Annecy,16.44,6.67,0.98,8.79,Hotel des Marquisats,https://www.booking.com/hotel/fr/des-marquisats.fr.html?aid=304142&label=gen173nr-1FCAQoggJCDXNlYXJjaF9hbm5lY3lIDVgEaE2IAQGYAQ24AQrIAQXYAQHoAQH4AQOIAgGoAgO4AvH_tcEGwAIB0gIkMDI1NTFlOTQtMGM1Yy00MjNjLTg2NDYtN2UxNTNkZDZhYjQ32AIF4AIB&ucfs=1&arphpl=1&group_adults=2&req_adults=2&no_rooms=1&group_children=0&req_children=0&hpos=23&hapos=23&sr_order=popularity&srpvid=b6e93438fd2c0a3c&srepoch=1747812338&from=searchresults,45.88972625310903,6.1385491490364075,"Situé à seulement 200 mètres du lac d'Annecy, l'Hotel des Marquisats offre une vue spectaculaire sur le lac et les Alpes. ",3.0,8.3
678,14,Annecy,16.44,6.67,0.98,8.79,Impérial Palace,https://www.booking.com/hotel/fr/imperial-palace.fr.html?aid=304142&label=gen173nr-1FCAQoggJCDXNlYXJjaF9hbm5lY3lIDVgEaE2IAQGYAQ24AQrIAQXYAQHoAQH4AQOIAgGoAgO4AvH_tcEGwAIB0gIkMDI1NTFlOTQtMGM1Yy00MjNjLTg2NDYtN2UxNTNkZDZhYjQ32AIF4AIB&ucfs=1&arphpl=1&group_adults=2&req_adults=2&no_rooms=1&group_children=0&req_children=0&hpos=21&hapos=21&sr_order=popularity&srpvid=b6e93438fd2c0a3c&srepoch=1747812338&from=searchresults,45.90374698623782,6.144694089889526,"Situé au cœur des Alpes françaises, l'Impérial Palace est un hôtel 4 étoiles au bord du lac d'Annecy, à environ 1,5 km du centre d'Annecy. Il propose des hébergements climatisés, un spa et un casino. ",4.0,8.9
679,14,Annecy,16.44,6.67,0.98,8.79,OURAL Annecy Rent Lodge,https://www.booking.com/hotel/fr/oural-by-annecy-rent-lodge.fr.html?aid=304142&label=gen173nr-1FCAQoggJCDXNlYXJjaF9hbm5lY3lIDVgEaE2IAQGYAQ24AQrIAQXYAQHoAQH4AQOIAgGoAgO4AvH_tcEGwAIB0gIkMDI1NTFlOTQtMGM1Yy00MjNjLTg2NDYtN2UxNTNkZDZhYjQ32AIF4AIB&ucfs=1&arphpl=1&group_adults=2&req_adults=2&no_rooms=1&group_children=0&req_children=0&hpos=22&hapos=22&sr_order=popularity&srpvid=b6e93438fd2c0a3c&srepoch=1747812338&from=searchresults,45.8990746,6.1281462,"L’hébergement OURAL Annecy Rent Lodge bénéficie d’un emplacement idéal dans un quartier central de Annecy. Offrant une vue sur la ville, il propose une terrasse et un casino. ",,8.3
680,14,Annecy,16.44,6.67,0.98,8.79,Hôtel de Bonlieu,https://www.booking.com/hotel/fr/hoteldebonlieu.fr.html?aid=304142&label=gen173nr-1FCAQoggJCDXNlYXJjaF9hbm5lY3lIDVgEaE2IAQGYAQ24AQrIAQXYAQHoAQH4AQOIAgGoAgO4AvH_tcEGwAIB0gIkMDI1NTFlOTQtMGM1Yy00MjNjLTg2NDYtN2UxNTNkZDZhYjQ32AIF4AIB&ucfs=1&arphpl=1&group_adults=2&req_adults=2&no_rooms=1&group_children=0&req_children=0&hpos=20&hapos=20&sr_order=popularity&srpvid=b6e93438fd2c0a3c&srepoch=1747812338&from=searchresults,45.90349688035514,6.128477454185486,"Situé à 500 mètres du lac d'Annecy et à 12 minutes à pied du château, l'Hôtel de Bonlieu propose une réception ouverte 24h/24 ainsi que des hébergements dotés d'une connexion Wi-Fi gratuite. ",3.0,8.4
681,14,Annecy,16.44,6.67,0.98,8.79,Best Western Plus Hotel Carlton Annecy,https://www.booking.com/hotel/fr/bestwesterncarlton.fr.html?aid=304142&label=gen173nr-1FCAQoggJCDXNlYXJjaF9hbm5lY3lIDVgEaE2IAQGYAQ24AQrIAQXYAQHoAQH4AQOIAgGoAgO4AvH_tcEGwAIB0gIkMDI1NTFlOTQtMGM1Yy00MjNjLTg2NDYtN2UxNTNkZDZhYjQ32AIF4AIB&ucfs=1&arphpl=1&group_adults=2&req_adults=2&no_rooms=1&group_children=0&req_children=0&hpos=18&hapos=18&sr_order=popularity&srpvid=b6e93438fd2c0a3c&srepoch=1747812338&from_sustainable_property_sr=1&from=searchresults,45.90034806289442,6.1223942041397095,"Le Best Western Carlton Annecy est installé dans le centre d'Annecy, aux portes de la ville médiévale. Le lac d'Annecy se trouve à 10 minutes à pied. ",4.0,8.6
682,14,Annecy,16.44,6.67,0.98,8.79,Hôtel du Nord,https://www.booking.com/hotel/fr/hoteldunordannecy.fr.html?aid=304142&label=gen173nr-1FCAQoggJCDXNlYXJjaF9hbm5lY3lIDVgEaE2IAQGYAQ24AQrIAQXYAQHoAQH4AQOIAgGoAgO4AvH_tcEGwAIB0gIkMDI1NTFlOTQtMGM1Yy00MjNjLTg2NDYtN2UxNTNkZDZhYjQ32AIF4AIB&ucfs=1&arphpl=1&group_adults=2&req_adults=2&no_rooms=1&group_children=0&req_children=0&hpos=17&hapos=17&sr_order=popularity&srpvid=b6e93438fd2c0a3c&srepoch=1747812338&from=searchresults,45.90205968292101,6.124647259712219,"Situé dans le centre d'Annecy, l'Hôtel du Nord propose un hébergement 2 étoiles, une réception ouverte 24h/24 et 7 j/7 et une connxion Wi-Fi gratuite, à quelques minutes du lac, de boutiques, de bars,...",2.0,8.6
683,14,Annecy,16.44,6.67,0.98,8.79,Séjours & Affaires Annecy Le Pont Neuf,https://www.booking.com/hotel/fr/sejours-affaires-annecy-le-pont-neuf.fr.html?aid=304142&label=gen173nr-1FCAQoggJCDXNlYXJjaF9hbm5lY3lIDVgEaE2IAQGYAQ24AQrIAQXYAQHoAQH4AQOIAgGoAgO4AvH_tcEGwAIB0gIkMDI1NTFlOTQtMGM1Yy00MjNjLTg2NDYtN2UxNTNkZDZhYjQ32AIF4AIB&ucfs=1&arphpl=1&group_adults=2&req_adults=2&no_rooms=1&group_children=0&req_children=0&hpos=19&hapos=19&sr_order=popularity&srpvid=b6e93438fd2c0a3c&srepoch=1747812338&from=searchresults,45.89719346681384,6.110809743404388,L'établissement Séjours & Affaires Annecy Le Pont Neuf se situe à 3 km du lac d'Annecy et à 1 km du centre-ville historique. ,2.0,7.6
684,14,Annecy,16.44,6.67,0.98,8.79,Ace Hotel Annecy,https://www.booking.com/hotel/fr/ace-annecy.fr.html?aid=304142&label=gen173nr-1FCAQoggJCDXNlYXJjaF9hbm5lY3lIDVgEaE2IAQGYAQ24AQrIAQXYAQHoAQH4AQOIAgGoAgO4AvH_tcEGwAIB0gIkMDI1NTFlOTQtMGM1Yy00MjNjLTg2NDYtN2UxNTNkZDZhYjQ32AIF4AIB&ucfs=1&arphpl=1&group_adults=2&req_adults=2&no_rooms=1&group_children=0&req_children=0&hpos=16&hapos=16&sr_order=popularity&srpvid=b6e93438fd2c0a3c&srepoch=1747812338&from=searchresults,45.8800899491911,6.09713047742844,"Doté d'une réception ouverte 24h/24, l'Ace Hotel Annecy est situé à Seynod, à moins de 5 km du lac d'Annecy et du centre-ville d'Annecy. ",3.0,8.3
685,14,Annecy,16.44,6.67,0.98,8.79,Le Pélican,https://www.booking.com/hotel/fr/le-pelican-annecy1.fr.html?aid=304142&label=gen173nr-1FCAQoggJCDXNlYXJjaF9hbm5lY3lIDVgEaE2IAQGYAQ24AQrIAQXYAQHoAQH4AQOIAgGoAgO4AvH_tcEGwAIB0gIkMDI1NTFlOTQtMGM1Yy00MjNjLTg2NDYtN2UxNTNkZDZhYjQ32AIF4AIB&ucfs=1&arphpl=1&group_adults=2&req_adults=2&no_rooms=1&group_children=0&req_children=0&hpos=15&hapos=15&sr_order=popularity&srpvid=b6e93438fd2c0a3c&srepoch=1747812338&from=searchresults,45.897015,6.131543,"L’établissement Le Pélican vous accueille à Annecy, à 37 km de ce lieu d’intérêt : Rochexpo. Il comprend une piscine extérieure ouverte en saison, une terrasse, un restaurant et un parking privé. ",4.0,8.9
686,14,Annecy,16.44,6.67,0.98,8.79,Hotel Les Terrasses,https://www.booking.com/hotel/fr/les-terrasses-annecy.fr.html?aid=304142&label=gen173nr-1FCAQoggJCDXNlYXJjaF9hbm5lY3lIDVgEaE2IAQGYAQ24AQrIAQXYAQHoAQH4AQOIAgGoAgO4AvH_tcEGwAIB0gIkMDI1NTFlOTQtMGM1Yy00MjNjLTg2NDYtN2UxNTNkZDZhYjQ32AIF4AIB&ucfs=1&arphpl=1&group_adults=2&req_adults=2&no_rooms=1&group_children=0&req_children=0&hpos=13&hapos=13&sr_order=popularity&srpvid=b6e93438fd2c0a3c&srepoch=1747812338&from=searchresults,45.90393736458728,6.119993627071381,"L’Hotel Les Terrasses vous accueille dans le centre d'Annecy, à seulement 5 minutes à pied de la gare SNCF d'Annecy. ",3.0,8.8
687,14,Annecy,16.44,6.67,0.98,8.79,Appart Hotel Neostelia,https://www.booking.com/hotel/fr/appart-neostelia.fr.html?aid=304142&label=gen173nr-1FCAQoggJCDXNlYXJjaF9hbm5lY3lIDVgEaE2IAQGYAQ24AQrIAQXYAQHoAQH4AQOIAgGoAgO4AvH_tcEGwAIB0gIkMDI1NTFlOTQtMGM1Yy00MjNjLTg2NDYtN2UxNTNkZDZhYjQ32AIF4AIB&ucfs=1&arphpl=1&group_adults=2&req_adults=2&no_rooms=1&group_children=0&req_children=0&hpos=14&hapos=14&sr_order=popularity&srpvid=b6e93438fd2c0a3c&srepoch=1747812338&from=searchresults,45.912613103044,6.1170846711639,"Bénéficiant de la climatisation, l’établissement Appart Hotel Neostelia est situé à Annecy, à respectivement 31 km, 36 km et 37 km de ces lieux d’intérêt : Rochexpo, Lac du Bourget et Stade de Genève....",,9.0
688,14,Annecy,16.44,6.67,0.98,8.79,Hôtel du Château,https://www.booking.com/hotel/fr/du-chateau-annecy.fr.html?aid=304142&label=gen173nr-1FCAQoggJCDXNlYXJjaF9hbm5lY3lIDVgEaE2IAQGYAQ24AQrIAQXYAQHoAQH4AQOIAgGoAgO4AvH_tcEGwAIB0gIkMDI1NTFlOTQtMGM1Yy00MjNjLTg2NDYtN2UxNTNkZDZhYjQ32AIF4AIB&ucfs=1&arphpl=1&group_adults=2&req_adults=2&no_rooms=1&group_children=0&req_children=0&hpos=12&hapos=12&sr_order=popularity&srpvid=b6e93438fd2c0a3c&srepoch=1747812338&from=searchresults,45.89789346662321,6.125205159187317,"Offrant une vue sur la vieille ville, l’Hotel du Chateau est situé au pied du château d’Annecy. Sa réception est dotée d’une connexion Wi-Fi gratuite. ",,8.7
689,14,Annecy,16.44,6.67,0.98,8.79,Icône Hôtel - Annecy,https://www.booking.com/hotel/fr/ica-ne.fr.html?aid=304142&label=gen173nr-1FCAQoggJCDXNlYXJjaF9hbm5lY3lIDVgEaE2IAQGYAQ24AQrIAQXYAQHoAQH4AQOIAgGoAgO4AvH_tcEGwAIB0gIkMDI1NTFlOTQtMGM1Yy00MjNjLTg2NDYtN2UxNTNkZDZhYjQ32AIF4AIB&ucfs=1&arphpl=1&group_adults=2&req_adults=2&no_rooms=1&group_children=0&req_children=0&hpos=10&hapos=10&sr_order=popularity&srpvid=b6e93438fd2c0a3c&srepoch=1747812338&from=searchresults,45.89714928882797,6.122658848653373,"Vous accueillant dans le centre-ville d'Annecy, l'Icône Hôtel - Annecy propose un salon commun, une bagagerie et une connexion Wi-Fi gratuite. ",2.0,7.7
690,14,Annecy,16.44,6.67,0.98,8.79,Allobroges Park Hôtel,https://www.booking.com/hotel/fr/tiallobroges.fr.html?aid=304142&label=gen173nr-1FCAQoggJCDXNlYXJjaF9hbm5lY3lIDVgEaE2IAQGYAQ24AQrIAQXYAQHoAQH4AQOIAgGoAgO4AvH_tcEGwAIB0gIkMDI1NTFlOTQtMGM1Yy00MjNjLTg2NDYtN2UxNTNkZDZhYjQ32AIF4AIB&ucfs=1&arphpl=1&group_adults=2&req_adults=2&no_rooms=1&group_children=0&req_children=0&hpos=9&hapos=9&sr_order=popularity&srpvid=b6e93438fd2c0a3c&srepoch=1747812338&from=searchresults,45.90218660575059,6.123805046081543,"L'établissement 3 étoiles Allobroges Park Hôtel vous accueille dans le centre-ville d'Annecy, à 10 minutes à pied du château d'Annecy. ",3.0,8.9
691,14,Annecy,16.44,6.67,0.98,8.79,B&B HOTEL Annecy Cran-Gevrier,https://www.booking.com/hotel/fr/b-amp-b-annecy-cran-gevrier.fr.html?aid=304142&label=gen173nr-1FCAQoggJCDXNlYXJjaF9hbm5lY3lIDVgEaE2IAQGYAQ24AQrIAQXYAQHoAQH4AQOIAgGoAgO4AvH_tcEGwAIB0gIkMDI1NTFlOTQtMGM1Yy00MjNjLTg2NDYtN2UxNTNkZDZhYjQ32AIF4AIB&ucfs=1&arphpl=1&group_adults=2&req_adults=2&no_rooms=1&group_children=0&req_children=0&hpos=11&hapos=11&sr_order=popularity&srpvid=b6e93438fd2c0a3c&srepoch=1747812338&from=searchresults,45.892319,6.0895437,"L’établissement B&B HOTEL Annecy Cran-Gevrier vous accueille à Annecy, à respectivement 35 km et 36 km de ces lieux d’intérêt : Rochexpo et Lac du Bourget. ",2.0,8.2
692,14,Annecy,16.44,6.67,0.98,8.79,Comfort Aparthotel Les Hauts d'Annecy,https://www.booking.com/hotel/fr/appart-city-annecy-seynod.fr.html?aid=304142&label=gen173nr-1FCAQoggJCDXNlYXJjaF9hbm5lY3lIDVgEaE2IAQGYAQ24AQrIAQXYAQHoAQH4AQOIAgGoAgO4AvH_tcEGwAIB0gIkMDI1NTFlOTQtMGM1Yy00MjNjLTg2NDYtN2UxNTNkZDZhYjQ32AIF4AIB&ucfs=1&arphpl=1&group_adults=2&req_adults=2&no_rooms=1&group_children=0&req_children=0&hpos=8&hapos=8&sr_order=popularity&srpvid=b6e93438fd2c0a3c&srepoch=1747812338&from_sustainable_property_sr=1&from=searchresults,45.890749,6.107753,"Le Comfort Aparthotel Les Hauts d'Annecy vous accueille à Seynod, à 3 km du lac d’Annecy et à 2 km du centre-ville. ",3.0,7.8
693,14,Annecy,16.44,6.67,0.98,8.79,Le Bel Abri,https://www.booking.com/hotel/fr/le-bel-abri-annecy-le-vieux.fr.html?aid=304142&label=gen173nr-1FCAQoggJCDXNlYXJjaF9hbm5lY3lIDVgEaE2IAQGYAQ24AQrIAQXYAQHoAQH4AQOIAgGoAgO4AvH_tcEGwAIB0gIkMDI1NTFlOTQtMGM1Yy00MjNjLTg2NDYtN2UxNTNkZDZhYjQ32AIF4AIB&ucfs=1&arphpl=1&group_adults=2&req_adults=2&no_rooms=1&group_children=0&req_children=0&hpos=7&hapos=7&sr_order=popularity&srpvid=b6e93438fd2c0a3c&srepoch=1747812338&from=searchresults,45.9054286568824,6.15925983313525,L'hôtel Le Bel Abri occupe une ancienne maison familiale. Il est situé à 1 minute à pied du lac d'Annecy et à 6 minutes en voiture du centre-ville d'Annecy. ,3.0,8.3
694,14,Annecy,16.44,6.67,0.98,8.79,"Elegant flat in old town, 2 mins walk to lake",https://www.booking.com/hotel/fr/elegant-flat-in-old-town-2-mins-walk-to-lake.fr.html?aid=304142&label=gen173nr-1FCAQoggJCDXNlYXJjaF9hbm5lY3lIDVgEaE2IAQGYAQ24AQrIAQXYAQHoAQH4AQOIAgGoAgO4AvH_tcEGwAIB0gIkMDI1NTFlOTQtMGM1Yy00MjNjLTg2NDYtN2UxNTNkZDZhYjQ32AIF4AIB&ucfs=1&arphpl=1&group_adults=2&req_adults=2&no_rooms=1&group_children=0&req_children=0&hpos=5&hapos=5&sr_order=popularity&srpvid=b6e93438fd2c0a3c&srepoch=1747812338&from=searchresults,45.8989839,6.1262664000000004,Hébergement géré par un particulier,,7.6
695,14,Annecy,16.44,6.67,0.98,8.79,Hôtel du Palais de l'Isle,https://www.booking.com/hotel/fr/du-palais-de-l-isle-annecy.fr.html?aid=304142&label=gen173nr-1FCAQoggJCDXNlYXJjaF9hbm5lY3lIDVgEaE2IAQGYAQ24AQrIAQXYAQHoAQH4AQOIAgGoAgO4AvH_tcEGwAIB0gIkMDI1NTFlOTQtMGM1Yy00MjNjLTg2NDYtN2UxNTNkZDZhYjQ32AIF4AIB&ucfs=1&arphpl=1&group_adults=2&req_adults=2&no_rooms=1&group_children=0&req_children=0&hpos=4&hapos=4&sr_order=popularity&srpvid=b6e93438fd2c0a3c&srepoch=1747812338&from_sustainable_property_sr=1&from=searchresults,45.89819586381138,6.127482354640961,"L’hôtel du Palais de l’Isle est situé au cœur d’Annecy, à quelques pas du château. Il propose des chambres décorées de manière unique donnant sur les canaux, le château médiéval ou la ville. ",3.0,8.0
696,14,Annecy,16.44,6.67,0.98,8.79,Moxy Annecy,https://www.booking.com/hotel/fr/moxy-annecy.fr.html?aid=304142&label=gen173nr-1FCAQoggJCDXNlYXJjaF9hbm5lY3lIDVgEaE2IAQGYAQ24AQrIAQXYAQHoAQH4AQOIAgGoAgO4AvH_tcEGwAIB0gIkMDI1NTFlOTQtMGM1Yy00MjNjLTg2NDYtN2UxNTNkZDZhYjQ32AIF4AIB&ucfs=1&arphpl=1&group_adults=2&req_adults=2&no_rooms=1&group_children=0&req_children=0&hpos=6&hapos=6&sr_order=popularity&srpvid=b6e93438fd2c0a3c&srepoch=1747812338&from_sustainable_property_sr=1&from=searchresults,45.90025357689497,6.115946039173132,"Idéalement situé à Annecy, le Moxy Annecy propose des chambres climatisées, une terrasse, une connexion Wi-Fi gratuite et un restaurant. ",3.0,8.7
697,14,Annecy,16.44,6.67,0.98,8.79,Hôtel Les Muses,https://www.booking.com/hotel/fr/marina-bay-hotels.fr.html?aid=304142&label=gen173nr-1FCAQoggJCDXNlYXJjaF9hbm5lY3lIDVgEaE2IAQGYAQ24AQrIAQXYAQHoAQH4AQOIAgGoAgO4AvH_tcEGwAIB0gIkMDI1NTFlOTQtMGM1Yy00MjNjLTg2NDYtN2UxNTNkZDZhYjQ32AIF4AIB&ucfs=1&arphpl=1&group_adults=2&req_adults=2&no_rooms=1&group_children=0&req_children=0&hpos=3&hapos=3&sr_order=popularity&srpvid=b6e93438fd2c0a3c&srepoch=1747812338&from=searchresults,45.9061192031712,6.15546584129333,"Situé à Annecy-le-Vieux, dans les Alpes françaises, l’Hôtel Les Muses est composé de 2 bâtiments avec des chambres donnant sur le lac d’Annecy ou le mont Veyrier. ",3.0,8.0
698,14,Annecy,16.44,6.67,0.98,8.79,Hôtel des Alpes,https://www.booking.com/hotel/fr/hotel-des-alpes.fr.html?aid=304142&label=gen173nr-1FCAQoggJCDXNlYXJjaF9hbm5lY3lIDVgEaE2IAQGYAQ24AQrIAQXYAQHoAQH4AQOIAgGoAgO4AvH_tcEGwAIB0gIkMDI1NTFlOTQtMGM1Yy00MjNjLTg2NDYtN2UxNTNkZDZhYjQ32AIF4AIB&ucfs=1&arphpl=1&group_adults=2&req_adults=2&no_rooms=1&group_children=0&req_children=0&hpos=2&hapos=2&sr_order=popularity&srpvid=b6e93438fd2c0a3c&srepoch=1747812338&from=searchresults,45.90163038296463,6.122925281524658,"L'Hôtel des Alpes propose un hébergement 2 étoiles à 10 minutes à pied du lac d'Annecy et à 100 mètres de la gare. La vieille ville, les boutiques et les restaurants sont accessibles à pied. ",2.0,8.4
699,14,Annecy,16.44,6.67,0.98,8.79,Atipik Hôtel,https://www.booking.com/hotel/fr/hotelalexandra.fr.html?aid=304142&label=gen173nr-1FCAQoggJCDXNlYXJjaF9hbm5lY3lIDVgEaE2IAQGYAQ24AQrIAQXYAQHoAQH4AQOIAgGoAgO4AvH_tcEGwAIB0gIkMDI1NTFlOTQtMGM1Yy00MjNjLTg2NDYtN2UxNTNkZDZhYjQ32AIF4AIB&ucfs=1&arphpl=1&group_adults=2&req_adults=2&no_rooms=1&group_children=0&req_children=0&hpos=1&hapos=1&sr_order=popularity&srpvid=b6e93438fd2c0a3c&srepoch=1747812338&from=searchresults,45.90122721128739,6.125073730945587,"L’Atipik Hôtel se trouve à l’entrée de la vieille ville médiévale et des rues piétonnes commerçantes, à 200 mètres des rives du lac d’Annecy. ",2.0,8.3
700,1,St. Malo,10.46,0.58,1.43,8.45,Kyriad Prestige Saint-Malo,https://www.booking.com/hotel/fr/kyriad-prestige-saint-malo-xml.fr.html?aid=304142&label=gen173nr-1FCAQoggJCDnNlYXJjaF9zdCBtYWxvSA1YBGhNiAEBmAENuAEKyAEF2AEB6AEB-AEDiAIBqAIDuALv_7XBBsACAdICJDk4MGUxNTQxLWY4ZDItNDJhMC04ZTc4LWMzMTE2ZWJlODFkY9gCBeACAQ&ucfs=1&arphpl=1&group_adults=2&req_adults=2&no_rooms=1&group_children=0&req_children=0&hpos=25&hapos=25&sr_order=popularity&srpvid=577f34377099045f&srepoch=1747812336&from=searchresults,48.63609920237719,-1.9892066717147827,Le Kyriad Prestige Saint-Malo se trouve à 4 km du centre historique Intra-muros et des plages. Un parking sécurisé est disponible gratuitement. ,3.0,8.8
701,1,St. Malo,10.46,0.58,1.43,8.45,L'AccrocheCoeur,https://www.booking.com/hotel/fr/l-39-accrochecoeur.fr.html?aid=304142&label=gen173nr-1FCAQoggJCDnNlYXJjaF9zdCBtYWxvSA1YBGhNiAEBmAENuAEKyAEF2AEB6AEB-AEDiAIBqAIDuALv_7XBBsACAdICJDk4MGUxNTQxLWY4ZDItNDJhMC04ZTc4LWMzMTE2ZWJlODFkY9gCBeACAQ&ucfs=1&arphpl=1&group_adults=2&req_adults=2&no_rooms=1&group_children=0&req_children=0&hpos=24&hapos=24&sr_order=popularity&srpvid=577f34377099045f&srepoch=1747812336&from=searchresults,48.64812105122637,-2.026979169311516,L’établissement L'AccrocheCoeur bénéficie d’un emplacement attractif à Saint-Malo. ,4.0,9.5
702,1,St. Malo,10.46,0.58,1.43,8.45,L'ILOT - Jolie maison - Terrasse/300m plage-4 pers,https://www.booking.com/hotel/fr/ilot-jolie-maison-terrasse-300m-plage-4-pers.fr.html?aid=304142&label=gen173nr-1FCAQoggJCDnNlYXJjaF9zdCBtYWxvSA1YBGhNiAEBmAENuAEKyAEF2AEB6AEB-AEDiAIBqAIDuALv_7XBBsACAdICJDk4MGUxNTQxLWY4ZDItNDJhMC04ZTc4LWMzMTE2ZWJlODFkY9gCBeACAQ&ucfs=1&arphpl=1&group_adults=2&req_adults=2&no_rooms=1&group_children=0&req_children=0&hpos=23&hapos=23&sr_order=popularity&srpvid=577f34377099045f&srepoch=1747812336&from=searchresults,48.6611492,-1.9876087,"L’hébergement L'ILOT - Jolie maison - Terrasse/300m plage-4 pers vous accueille à Saint-Malo, à respectivement 300 mètres et 400 mètres de ces lieux d’intérêt : Plage de Rochebonne et Grande plage du...",,9.4
703,1,St. Malo,10.46,0.58,1.43,8.45,L'Anémone,https://www.booking.com/hotel/fr/anemone-saint-malo.fr.html?aid=304142&label=gen173nr-1FCAQoggJCDnNlYXJjaF9zdCBtYWxvSA1YBGhNiAEBmAENuAEKyAEF2AEB6AEB-AEDiAIBqAIDuALv_7XBBsACAdICJDk4MGUxNTQxLWY4ZDItNDJhMC04ZTc4LWMzMTE2ZWJlODFkY9gCBeACAQ&ucfs=1&arphpl=1&group_adults=2&req_adults=2&no_rooms=1&group_children=0&req_children=0&hpos=22&hapos=22&sr_order=popularity&srpvid=577f34377099045f&srepoch=1747812336&from=searchresults,48.6480783,-2.0262545,"L’hébergement L'Anémone se trouve à Saint-Malo, à respectivement 300 mètres et 400 mètres de ces lieux d’intérêt : Plage de Bon Secours et Grand Bé. ",3.0,8.5
704,1,St. Malo,10.46,0.58,1.43,8.45,La Fabrique à Souvenirs,https://www.booking.com/hotel/fr/la-fabrique-a-souvenirs.fr.html?aid=304142&label=gen173nr-1FCAQoggJCDnNlYXJjaF9zdCBtYWxvSA1YBGhNiAEBmAENuAEKyAEF2AEB6AEB-AEDiAIBqAIDuALv_7XBBsACAdICJDk4MGUxNTQxLWY4ZDItNDJhMC04ZTc4LWMzMTE2ZWJlODFkY9gCBeACAQ&ucfs=1&arphpl=1&group_adults=2&req_adults=2&no_rooms=1&group_children=0&req_children=0&hpos=21&hapos=21&sr_order=popularity&srpvid=577f34377099045f&srepoch=1747812336&from=searchresults,48.64856203984855,-2.0243126816146906,Hébergement géré par un particulier,,8.4
705,1,St. Malo,10.46,0.58,1.43,8.45,Les embruns,https://www.booking.com/hotel/fr/les-embruns-saint-malo.fr.html?aid=304142&label=gen173nr-1FCAQoggJCDnNlYXJjaF9zdCBtYWxvSA1YBGhNiAEBmAENuAEKyAEF2AEB6AEB-AEDiAIBqAIDuALv_7XBBsACAdICJDk4MGUxNTQxLWY4ZDItNDJhMC04ZTc4LWMzMTE2ZWJlODFkY9gCBeACAQ&ucfs=1&arphpl=1&group_adults=2&req_adults=2&no_rooms=1&group_children=0&req_children=0&hpos=18&hapos=18&sr_order=popularity&srpvid=577f34377099045f&srepoch=1747812336&from=searchresults,48.65024279,-2.02724519,"L’hébergement Les embruns affiche 3 étoiles et bénéficie d’un emplacement idéal dans le centre de Saint-Malo, à seulement quelques pas de ce lieu d’intérêt : Plage de Bon Secours. ",3.0,9.7
706,1,St. Malo,10.46,0.58,1.43,8.45,Hotel Elizabeth - Intra Muros,https://www.booking.com/hotel/fr/elizabeth.fr.html?aid=304142&label=gen173nr-1FCAQoggJCDnNlYXJjaF9zdCBtYWxvSA1YBGhNiAEBmAENuAEKyAEF2AEB6AEB-AEDiAIBqAIDuALv_7XBBsACAdICJDk4MGUxNTQxLWY4ZDItNDJhMC04ZTc4LWMzMTE2ZWJlODFkY9gCBeACAQ&ucfs=1&arphpl=1&group_adults=2&req_adults=2&no_rooms=1&group_children=0&req_children=0&hpos=19&hapos=19&sr_order=popularity&srpvid=577f34377099045f&srepoch=1747812336&from=searchresults,48.64764754676929,-2.0243194699287415,"Situé dans le quartier historique des armateurs, à l'intérieur des remparts de Saint-Malo, l'Hotel Elizabeth propose une atmosphère d'antan avec le confort moderne d'aujourd'hui. ",3.0,8.4
707,1,St. Malo,10.46,0.58,1.43,8.45,"Les Sablons - Très Bel Appartement , Lumineux",https://www.booking.com/hotel/fr/les-sablons-tres-bel-appartement-lumineux.fr.html?aid=304142&label=gen173nr-1FCAQoggJCDnNlYXJjaF9zdCBtYWxvSA1YBGhNiAEBmAENuAEKyAEF2AEB6AEB-AEDiAIBqAIDuALv_7XBBsACAdICJDk4MGUxNTQxLWY4ZDItNDJhMC04ZTc4LWMzMTE2ZWJlODFkY9gCBeACAQ&ucfs=1&arphpl=1&group_adults=2&req_adults=2&no_rooms=1&group_children=0&req_children=0&hpos=20&hapos=20&sr_order=popularity&srpvid=577f34377099045f&srepoch=1747812336&from=searchresults,48.6378322,-2.0188143,"L’hébergement Les Sablons - Très Bel Appartement, Lumineux est idéalement situé dans le centre de Saint-Malo. Offrant une vue sur la mer, il propose un restaurant. ",,9.2
708,1,St. Malo,10.46,0.58,1.43,8.45,La Suite Nolyvan,https://www.booking.com/hotel/fr/la-suite-nolyvan.fr.html?aid=304142&label=gen173nr-1FCAQoggJCDnNlYXJjaF9zdCBtYWxvSA1YBGhNiAEBmAENuAEKyAEF2AEB6AEB-AEDiAIBqAIDuALv_7XBBsACAdICJDk4MGUxNTQxLWY4ZDItNDJhMC04ZTc4LWMzMTE2ZWJlODFkY9gCBeACAQ&ucfs=1&arphpl=1&group_adults=2&req_adults=2&no_rooms=1&group_children=0&req_children=0&hpos=17&hapos=17&sr_order=popularity&srpvid=577f34377099045f&srepoch=1747812336&from=searchresults,48.656857,-1.996288,Hébergement géré par un particulier,,9.0
709,1,St. Malo,10.46,0.58,1.43,8.45,Appartement Saint Malo-Rocabey,https://www.booking.com/hotel/fr/appartement-saint-malo-rocabey.fr.html?aid=304142&label=gen173nr-1FCAQoggJCDnNlYXJjaF9zdCBtYWxvSA1YBGhNiAEBmAENuAEKyAEF2AEB6AEB-AEDiAIBqAIDuALv_7XBBsACAdICJDk4MGUxNTQxLWY4ZDItNDJhMC04ZTc4LWMzMTE2ZWJlODFkY9gCBeACAQ&ucfs=1&arphpl=1&group_adults=2&req_adults=2&no_rooms=1&group_children=0&req_children=0&hpos=16&hapos=16&sr_order=popularity&srpvid=577f34377099045f&srepoch=1747812336&from=searchresults,48.65120334208006,-2.0072151465881234,Hébergement géré par un particulier,3.0,8.6
710,1,St. Malo,10.46,0.58,1.43,8.45,Escale Oceania Saint Malo,https://www.booking.com/hotel/fr/mascottesaintmalo.fr.html?aid=304142&label=gen173nr-1FCAQoggJCDnNlYXJjaF9zdCBtYWxvSA1YBGhNiAEBmAENuAEKyAEF2AEB6AEB-AEDiAIBqAIDuALv_7XBBsACAdICJDk4MGUxNTQxLWY4ZDItNDJhMC04ZTc4LWMzMTE2ZWJlODFkY9gCBeACAQ&ucfs=1&arphpl=1&group_adults=2&req_adults=2&no_rooms=1&group_children=0&req_children=0&hpos=15&hapos=15&sr_order=popularity&srpvid=577f34377099045f&srepoch=1747812336&from=searchresults,48.65428009162275,-2.0088377594947815,"L'Escale Oceania Saint Malo se trouve sur le front de mer, en face de la plage du Sillon, à 14 minutes de marche de la gare de Saint-Malo. ",3.0,8.2
711,1,St. Malo,10.46,0.58,1.43,8.45,Le Grand Sillon - Le Georges,https://www.booking.com/hotel/fr/le-grand-sillon-le-laperouse.fr.html?aid=304142&label=gen173nr-1FCAQoggJCDnNlYXJjaF9zdCBtYWxvSA1YBGhNiAEBmAENuAEKyAEF2AEB6AEB-AEDiAIBqAIDuALv_7XBBsACAdICJDk4MGUxNTQxLWY4ZDItNDJhMC04ZTc4LWMzMTE2ZWJlODFkY9gCBeACAQ&ucfs=1&arphpl=1&group_adults=2&req_adults=2&no_rooms=1&group_children=0&req_children=0&hpos=14&hapos=14&sr_order=popularity&srpvid=577f34377099045f&srepoch=1747812336&from=searchresults,48.65377,-2.010317,Hébergement géré par un particulier,4.0,9.7
712,1,St. Malo,10.46,0.58,1.43,8.45,Hôtel Bristol Union Intra Muros,https://www.booking.com/hotel/fr/bristol-union.fr.html?aid=304142&label=gen173nr-1FCAQoggJCDnNlYXJjaF9zdCBtYWxvSA1YBGhNiAEBmAENuAEKyAEF2AEB6AEB-AEDiAIBqAIDuALv_7XBBsACAdICJDk4MGUxNTQxLWY4ZDItNDJhMC04ZTc4LWMzMTE2ZWJlODFkY9gCBeACAQ&ucfs=1&arphpl=1&group_adults=2&req_adults=2&no_rooms=1&group_children=0&req_children=0&hpos=12&hapos=12&sr_order=popularity&srpvid=577f34377099045f&srepoch=1747812336&from=searchresults,48.64961099853388,-2.024303376674652,"L’Hôtel Bristol Union Intra Muros est situé au cœur de Saint-Malo, dans l’enceinte des remparts de la vieille ville, à 180 mètres du port de plaisance. ",3.0,9.2
713,1,St. Malo,10.46,0.58,1.43,8.45,Hôtel France et Chateaubriand,https://www.booking.com/hotel/fr/de-france-et-chateaubriand.fr.html?aid=304142&label=gen173nr-1FCAQoggJCDnNlYXJjaF9zdCBtYWxvSA1YBGhNiAEBmAENuAEKyAEF2AEB6AEB-AEDiAIBqAIDuALv_7XBBsACAdICJDk4MGUxNTQxLWY4ZDItNDJhMC04ZTc4LWMzMTE2ZWJlODFkY9gCBeACAQ&ucfs=1&arphpl=1&group_adults=2&req_adults=2&no_rooms=1&group_children=0&req_children=0&hpos=13&hapos=13&sr_order=popularity&srpvid=577f34377099045f&srepoch=1747812336&from=searchresults,48.65119339995932,-2.0237964391708374,"Situé au cœur de la ville historique de Saint-Malo, l’Hôtel France et Chateaubriand offre une vue imprenable sur la mer et le sillon, à 210 mètres du port de plaisance de Saint-Malo. ",3.0,8.0
714,1,St. Malo,10.46,0.58,1.43,8.45,Starfish - Charmant appt à 3min à pied de la plage,https://www.booking.com/hotel/fr/starfish-charmant-appt-a-3min-a-pied-de-la-plage.fr.html?aid=304142&label=gen173nr-1FCAQoggJCDnNlYXJjaF9zdCBtYWxvSA1YBGhNiAEBmAENuAEKyAEF2AEB6AEB-AEDiAIBqAIDuALv_7XBBsACAdICJDk4MGUxNTQxLWY4ZDItNDJhMC04ZTc4LWMzMTE2ZWJlODFkY9gCBeACAQ&ucfs=1&arphpl=1&group_adults=2&req_adults=2&no_rooms=1&group_children=0&req_children=0&hpos=11&hapos=11&sr_order=popularity&srpvid=577f34377099045f&srepoch=1747812336&from=searchresults,48.6544399,-2.0068613,"L’hébergement Starfish - Charmant appt à 3min à pied de la plage se situe à Saint-Malo, à respectivement 400 mètres et 1 km de ces lieux d’intérêt : Grande plage du Sillon et Palais du Grand Large. ",3.0,9.5
715,1,St. Malo,10.46,0.58,1.43,8.45,Hôtel Anne de Bretagne,https://www.booking.com/hotel/fr/anne-de-bretagne.fr.html?aid=304142&label=gen173nr-1FCAQoggJCDnNlYXJjaF9zdCBtYWxvSA1YBGhNiAEBmAENuAEKyAEF2AEB6AEB-AEDiAIBqAIDuALv_7XBBsACAdICJDk4MGUxNTQxLWY4ZDItNDJhMC04ZTc4LWMzMTE2ZWJlODFkY9gCBeACAQ&ucfs=1&arphpl=1&group_adults=2&req_adults=2&no_rooms=1&group_children=0&req_children=0&hpos=10&hapos=10&sr_order=popularity&srpvid=577f34377099045f&srepoch=1747812336&from=searchresults,48.6506405397079,-2.024753987789154,"Situé dans la vieille ville fortifiée de Saint-Malo, à moins de 300 mètres du port de plaisance, l'Hôtel Anne de Bretagne se trouve à proximité du terminal ferry et du parc des expositions. ",4.0,8.8
716,1,St. Malo,10.46,0.58,1.43,8.45,Le P'tit Appart De l'Orme,https://www.booking.com/hotel/fr/le-p-39-tit-appart-de-l-39-orme.fr.html?aid=304142&label=gen173nr-1FCAQoggJCDnNlYXJjaF9zdCBtYWxvSA1YBGhNiAEBmAENuAEKyAEF2AEB6AEB-AEDiAIBqAIDuALv_7XBBsACAdICJDk4MGUxNTQxLWY4ZDItNDJhMC04ZTc4LWMzMTE2ZWJlODFkY9gCBeACAQ&ucfs=1&arphpl=1&group_adults=2&req_adults=2&no_rooms=1&group_children=0&req_children=0&hpos=7&hapos=7&sr_order=popularity&srpvid=577f34377099045f&srepoch=1747812336&from=searchresults,48.6481638618352,-2.0253474401502,Hébergement géré par un particulier,,8.4
717,1,St. Malo,10.46,0.58,1.43,8.45,L'Airelle,https://www.booking.com/hotel/fr/lairelle.fr.html?aid=304142&label=gen173nr-1FCAQoggJCDnNlYXJjaF9zdCBtYWxvSA1YBGhNiAEBmAENuAEKyAEF2AEB6AEB-AEDiAIBqAIDuALv_7XBBsACAdICJDk4MGUxNTQxLWY4ZDItNDJhMC04ZTc4LWMzMTE2ZWJlODFkY9gCBeACAQ&ucfs=1&arphpl=1&group_adults=2&req_adults=2&no_rooms=1&group_children=0&req_children=0&hpos=9&hapos=9&sr_order=popularity&srpvid=577f34377099045f&srepoch=1747812336&from=searchresults,48.6522149,-2.0120446,"L’hébergement L'Airelle vous accueille dans le quartier Sillon à Saint-Malo, à proximité de ce lieu d’intérêt : Grande plage du Sillon. Il possède une connexion Wi-Fi gratuite et un lave-linge. ",,8.8
718,1,St. Malo,10.46,0.58,1.43,8.45,La Conchee,https://www.booking.com/hotel/fr/la-conchee.fr.html?aid=304142&label=gen173nr-1FCAQoggJCDnNlYXJjaF9zdCBtYWxvSA1YBGhNiAEBmAENuAEKyAEF2AEB6AEB-AEDiAIBqAIDuALv_7XBBsACAdICJDk4MGUxNTQxLWY4ZDItNDJhMC04ZTc4LWMzMTE2ZWJlODFkY9gCBeACAQ&ucfs=1&arphpl=1&group_adults=2&req_adults=2&no_rooms=1&group_children=0&req_children=0&hpos=8&hapos=8&sr_order=popularity&srpvid=577f34377099045f&srepoch=1747812336&from=searchresults,48.67741278935205,-1.986460322753942,Hébergement géré par un particulier,,9.7
719,1,St. Malo,10.46,0.58,1.43,8.45,L'Echo des Vagues,https://www.booking.com/hotel/fr/echo-des-vagues.fr.html?aid=304142&label=gen173nr-1FCAQoggJCDnNlYXJjaF9zdCBtYWxvSA1YBGhNiAEBmAENuAEKyAEF2AEB6AEB-AEDiAIBqAIDuALv_7XBBsACAdICJDk4MGUxNTQxLWY4ZDItNDJhMC04ZTc4LWMzMTE2ZWJlODFkY9gCBeACAQ&ucfs=1&arphpl=1&group_adults=2&req_adults=2&no_rooms=1&group_children=0&req_children=0&hpos=6&hapos=6&sr_order=popularity&srpvid=577f34377099045f&srepoch=1747812336&from=searchresults,48.6534286,-2.0109554,"L’hébergement L'Echo des Vagues vous accueille dans le quartier Sillon à Saint-Malo, à proximité de ce lieu d’intérêt : Casino. Il possède une terrasse, une connexion Wi-Fi gratuite et un lave-linge. ",3.0,8.4
720,1,St. Malo,10.46,0.58,1.43,8.45,Le Nuage Malouin - Appt à 300m de la plage,https://www.booking.com/hotel/fr/le-nuage-malouin-appt-a-300m-de-la-plage.fr.html?aid=304142&label=gen173nr-1FCAQoggJCDnNlYXJjaF9zdCBtYWxvSA1YBGhNiAEBmAENuAEKyAEF2AEB6AEB-AEDiAIBqAIDuALv_7XBBsACAdICJDk4MGUxNTQxLWY4ZDItNDJhMC04ZTc4LWMzMTE2ZWJlODFkY9gCBeACAQ&ucfs=1&arphpl=1&group_adults=2&req_adults=2&no_rooms=1&group_children=0&req_children=0&hpos=5&hapos=5&sr_order=popularity&srpvid=577f34377099045f&srepoch=1747812336&from=searchresults,48.6477612376351,-2.02488974285278,"Doté d’une connexion Wi-Fi gratuite, l’hébergement Le Nuage Malouin - Appt à 300m de la plage se trouve dans le centre de Saint-Malo, à respectivement 400 mètres et 500 mètres de ces lieux d’intérêt :...",,9.3
721,1,St. Malo,10.46,0.58,1.43,8.45,Appartement cosy au coeur d'Intra-Muros,https://www.booking.com/hotel/fr/appartement-cosy-au-coeur-d-intra-muros.fr.html?aid=304142&label=gen173nr-1FCAQoggJCDnNlYXJjaF9zdCBtYWxvSA1YBGhNiAEBmAENuAEKyAEF2AEB6AEB-AEDiAIBqAIDuALv_7XBBsACAdICJDk4MGUxNTQxLWY4ZDItNDJhMC04ZTc4LWMzMTE2ZWJlODFkY9gCBeACAQ&ucfs=1&arphpl=1&group_adults=2&req_adults=2&no_rooms=1&group_children=0&req_children=0&hpos=4&hapos=4&sr_order=popularity&srpvid=577f34377099045f&srepoch=1747812336&from=searchresults,48.6505552,-2.0249643,Hébergement géré par un particulier,,9.6
722,1,St. Malo,10.46,0.58,1.43,8.45,Golden Tulip Saint Malo– Le Grand Bé,https://www.booking.com/hotel/fr/golden-tulip-saint-malo.fr.html?aid=304142&label=gen173nr-1FCAQoggJCDnNlYXJjaF9zdCBtYWxvSA1YBGhNiAEBmAENuAEKyAEF2AEB6AEB-AEDiAIBqAIDuALv_7XBBsACAdICJDk4MGUxNTQxLWY4ZDItNDJhMC04ZTc4LWMzMTE2ZWJlODFkY9gCBeACAQ&ucfs=1&arphpl=1&group_adults=2&req_adults=2&no_rooms=1&group_children=0&req_children=0&hpos=3&hapos=3&sr_order=popularity&srpvid=577f34377099045f&srepoch=1747812336&from_sustainable_property_sr=1&from=searchresults,48.6495690720354,-2.02686496197134,"Le Golden Tulip Saint Malo– Le Grand Bé est situé au sein des remparts de Saint-Malo, à 5 minutes à pied du port. ",4.0,8.6
723,1,St. Malo,10.46,0.58,1.43,8.45,Oceania Saint Malo,https://www.booking.com/hotel/fr/oceaniasaintmalo.fr.html?aid=304142&label=gen173nr-1FCAQoggJCDnNlYXJjaF9zdCBtYWxvSA1YBGhNiAEBmAENuAEKyAEF2AEB6AEB-AEDiAIBqAIDuALv_7XBBsACAdICJDk4MGUxNTQxLWY4ZDItNDJhMC04ZTc4LWMzMTE2ZWJlODFkY9gCBeACAQ&ucfs=1&arphpl=1&group_adults=2&req_adults=2&no_rooms=1&group_children=0&req_children=0&hpos=1&hapos=1&sr_order=popularity&srpvid=577f34377099045f&srepoch=1747812336&from=searchresults,48.65175688590083,-2.0184320211410522,"Donnant sur la mer, l'Oceania Saint Malo se situe sur la Chaussée du Sillon, en face de la plage du même nom et à 450 mètres du port de plaisance de Saint-Malo. ",4.0,8.8
724,1,St. Malo,10.46,0.58,1.43,8.45,Le Pilo,https://www.booking.com/hotel/fr/le-pilori.fr.html?aid=304142&label=gen173nr-1FCAQoggJCDnNlYXJjaF9zdCBtYWxvSA1YBGhNiAEBmAENuAEKyAEF2AEB6AEB-AEDiAIBqAIDuALv_7XBBsACAdICJDk4MGUxNTQxLWY4ZDItNDJhMC04ZTc4LWMzMTE2ZWJlODFkY9gCBeACAQ&ucfs=1&arphpl=1&group_adults=2&req_adults=2&no_rooms=1&group_children=0&req_children=0&hpos=2&hapos=2&sr_order=popularity&srpvid=577f34377099045f&srepoch=1747812336&from=searchresults,48.648992,-2.0256258,"Offrant une vue sur la ville et doté d’une connexion Wi-Fi gratuite, l’hébergement Le Pilo se situe au cœur de Saint-Malo, à respectivement 300 mètres et 400 mètres de ces lieux d’intérêt : Plage de...",,9.7
725,13,Dijon,14.51,6.82,1.13,6.56,Campanile Dijon Congrès Clemenceau,https://www.booking.com/hotel/fr/campanile-dijon-congra-s-cla-c-menceau.fr.html?aid=304142&label=gen173nr-1FCAQoggJCDHNlYXJjaF9kaWpvbkgNWARoTYgBAZgBDbgBCsgBBdgBAegBAfgBA4gCAagCA7gC8f-1wQbAAgHSAiQ5ZWI5ZTZmMS04MmU2LTRhNTUtOGQ3OC0wMzRkNWZhZmQzZWTYAgXgAgE&ucfs=1&arphpl=1&group_adults=2&req_adults=2&no_rooms=1&group_children=0&req_children=0&hpos=25&hapos=25&sr_order=popularity&srpvid=00c5343804d00668&srepoch=1747812338&from=searchresults,47.32874479296254,5.0593167543411255,"Situé à Dijon, le Campanile Dijon Congrès Clémenceau propose des chambres climatisées et une connexion Wi-Fi gratuite dans tous ses locaux. ",3.0,7.5
726,13,Dijon,14.51,6.82,1.13,6.56,Aloft Hotel Dijon By Marriott,https://www.booking.com/hotel/fr/aloft-dijon.fr.html?aid=304142&label=gen173nr-1FCAQoggJCDHNlYXJjaF9kaWpvbkgNWARoTYgBAZgBDbgBCsgBBdgBAegBAfgBA4gCAagCA7gC8f-1wQbAAgHSAiQ5ZWI5ZTZmMS04MmU2LTRhNTUtOGQ3OC0wMzRkNWZhZmQzZWTYAgXgAgE&ucfs=1&arphpl=1&group_adults=2&req_adults=2&no_rooms=1&group_children=0&req_children=0&hpos=24&hapos=24&sr_order=popularity&srpvid=00c5343804d00668&srepoch=1747812338&from=searchresults,47.32359832,5.037261159,"L’établissement Aloft Hotel Dijon By Marriott se trouve à Dijon, à 800 mètres de ce lieu d’intérêt : Gare de Dijon. ",4.0,8.5
727,13,Dijon,14.51,6.82,1.13,6.56,Sous le chêne bleu - Appartement Cosy au cœur de Dijon,https://www.booking.com/hotel/fr/sous-le-chene-bleu.fr.html?aid=304142&label=gen173nr-1FCAQoggJCDHNlYXJjaF9kaWpvbkgNWARoTYgBAZgBDbgBCsgBBdgBAegBAfgBA4gCAagCA7gC8f-1wQbAAgHSAiQ5ZWI5ZTZmMS04MmU2LTRhNTUtOGQ3OC0wMzRkNWZhZmQzZWTYAgXgAgE&ucfs=1&arphpl=1&group_adults=2&req_adults=2&no_rooms=1&group_children=0&req_children=0&hpos=23&hapos=23&sr_order=popularity&srpvid=00c5343804d00668&srepoch=1747812338&from=searchresults,47.3201066,5.0336764,Hébergement géré par un particulier,,9.1
728,13,Dijon,14.51,6.82,1.13,6.56,B&B HOTEL Dijon Centre,https://www.booking.com/hotel/fr/b-amp-b-dijon-centre.fr.html?aid=304142&label=gen173nr-1FCAQoggJCDHNlYXJjaF9kaWpvbkgNWARoTYgBAZgBDbgBCsgBBdgBAegBAfgBA4gCAagCA7gC8f-1wQbAAgHSAiQ5ZWI5ZTZmMS04MmU2LTRhNTUtOGQ3OC0wMzRkNWZhZmQzZWTYAgXgAgE&ucfs=1&arphpl=1&group_adults=2&req_adults=2&no_rooms=1&group_children=0&req_children=0&hpos=21&hapos=21&sr_order=popularity&srpvid=00c5343804d00668&srepoch=1747812338&from_sustainable_property_sr=1&from=searchresults,47.322817066024044,5.036885317790961,"Le B & B Hôtel Dijon Centre est situé à Dijon, à 2 km du parc des expositions Dijon Congrexpo et à 5 km du Zénith de la ville. ",2.0,8.0
729,13,Dijon,14.51,6.82,1.13,6.56,Le Condorcet hyper centre,https://www.booking.com/hotel/fr/le-condorcet-hyper-centre.fr.html?aid=304142&label=gen173nr-1FCAQoggJCDHNlYXJjaF9kaWpvbkgNWARoTYgBAZgBDbgBCsgBBdgBAegBAfgBA4gCAagCA7gC8f-1wQbAAgHSAiQ5ZWI5ZTZmMS04MmU2LTRhNTUtOGQ3OC0wMzRkNWZhZmQzZWTYAgXgAgE&ucfs=1&arphpl=1&group_adults=2&req_adults=2&no_rooms=1&group_children=0&req_children=0&hpos=22&hapos=22&sr_order=popularity&srpvid=00c5343804d00668&srepoch=1747812338&from=searchresults,47.3209439,5.0339755,Hébergement géré par un particulier,,8.4
730,13,Dijon,14.51,6.82,1.13,6.56,Le Rubis Dijon Centre Historique Logement Neuf,https://www.booking.com/hotel/fr/le-rubis-dijon.fr.html?aid=304142&label=gen173nr-1FCAQoggJCDHNlYXJjaF9kaWpvbkgNWARoTYgBAZgBDbgBCsgBBdgBAegBAfgBA4gCAagCA7gC8f-1wQbAAgHSAiQ5ZWI5ZTZmMS04MmU2LTRhNTUtOGQ3OC0wMzRkNWZhZmQzZWTYAgXgAgE&ucfs=1&arphpl=1&group_adults=2&req_adults=2&no_rooms=1&group_children=0&req_children=0&hpos=20&hapos=20&sr_order=popularity&srpvid=00c5343804d00668&srepoch=1747812338&from=searchresults,47.3187368,5.0368401,Hébergement géré par un particulier,,9.3
731,13,Dijon,14.51,6.82,1.13,6.56,L'Escapade Urbaine - Cosy et central,https://www.booking.com/hotel/fr/l-arlequin-t2-proche-grand-theatre.fr.html?aid=304142&label=gen173nr-1FCAQoggJCDHNlYXJjaF9kaWpvbkgNWARoTYgBAZgBDbgBCsgBBdgBAegBAfgBA4gCAagCA7gC8f-1wQbAAgHSAiQ5ZWI5ZTZmMS04MmU2LTRhNTUtOGQ3OC0wMzRkNWZhZmQzZWTYAgXgAgE&ucfs=1&arphpl=1&group_adults=2&req_adults=2&no_rooms=1&group_children=0&req_children=0&hpos=19&hapos=19&sr_order=popularity&srpvid=00c5343804d00668&srepoch=1747812338&from=searchresults,47.3216074,5.0435996,Hébergement géré par un particulier,,8.2
732,13,Dijon,14.51,6.82,1.13,6.56,Le St Nicolas au coeur du centre historique,https://www.booking.com/hotel/fr/le-st-nicolas-au-coeur-du-centre-historique-dijon.fr.html?aid=304142&label=gen173nr-1FCAQoggJCDHNlYXJjaF9kaWpvbkgNWARoTYgBAZgBDbgBCsgBBdgBAegBAfgBA4gCAagCA7gC8f-1wQbAAgHSAiQ5ZWI5ZTZmMS04MmU2LTRhNTUtOGQ3OC0wMzRkNWZhZmQzZWTYAgXgAgE&ucfs=1&arphpl=1&group_adults=2&req_adults=2&no_rooms=1&group_children=0&req_children=0&hpos=18&hapos=18&sr_order=popularity&srpvid=00c5343804d00668&srepoch=1747812338&from=searchresults,47.3236188,5.0452535,Hébergement géré par un particulier,,9.3
733,13,Dijon,14.51,6.82,1.13,6.56,Le boudoir - Wi-Fi - TV,https://www.booking.com/hotel/fr/le-boudoir-wi-fi-tv.fr.html?aid=304142&label=gen173nr-1FCAQoggJCDHNlYXJjaF9kaWpvbkgNWARoTYgBAZgBDbgBCsgBBdgBAegBAfgBA4gCAagCA7gC8f-1wQbAAgHSAiQ5ZWI5ZTZmMS04MmU2LTRhNTUtOGQ3OC0wMzRkNWZhZmQzZWTYAgXgAgE&ucfs=1&arphpl=1&group_adults=2&req_adults=2&no_rooms=1&group_children=0&req_children=0&hpos=17&hapos=17&sr_order=popularity&srpvid=00c5343804d00668&srepoch=1747812338&from=searchresults,47.3270584,5.039288,"L’hébergement Le boudoir - Wi-Fi - TV se trouve à Dijon, à respectivement 1,1 km, 1,3 km et 1 km de ces lieux d’intérêt : Gare de Dijon, Parc des expositions et des congrès de Dijon et Arrêt de...",,8.7
734,13,Dijon,14.51,6.82,1.13,6.56,Kyriad Dijon Est Mirande,https://www.booking.com/hotel/fr/kyriad-dijon-est-mirande.fr.html?aid=304142&label=gen173nr-1FCAQoggJCDHNlYXJjaF9kaWpvbkgNWARoTYgBAZgBDbgBCsgBBdgBAegBAfgBA4gCAagCA7gC8f-1wQbAAgHSAiQ5ZWI5ZTZmMS04MmU2LTRhNTUtOGQ3OC0wMzRkNWZhZmQzZWTYAgXgAgE&ucfs=1&arphpl=1&group_adults=2&req_adults=2&no_rooms=1&group_children=0&req_children=0&hpos=16&hapos=16&sr_order=popularity&srpvid=00c5343804d00668&srepoch=1747812338&from=searchresults,47.31154756939846,5.080313086509705,"Cet hôtel-restaurant est un établissement fonctionnel situé à l'est de Dijon, à 15 minutes de route de la gare, du parc des expositions et du centre-ville. ",3.0,7.4
735,13,Dijon,14.51,6.82,1.13,6.56,Le petit POTE' studio Dijon hyper centre,https://www.booking.com/hotel/fr/le-petit-pote-dijon-hyper-center-studio.fr.html?aid=304142&label=gen173nr-1FCAQoggJCDHNlYXJjaF9kaWpvbkgNWARoTYgBAZgBDbgBCsgBBdgBAegBAfgBA4gCAagCA7gC8f-1wQbAAgHSAiQ5ZWI5ZTZmMS04MmU2LTRhNTUtOGQ3OC0wMzRkNWZhZmQzZWTYAgXgAgE&ucfs=1&arphpl=1&group_adults=2&req_adults=2&no_rooms=1&group_children=0&req_children=0&hpos=15&hapos=15&sr_order=popularity&srpvid=00c5343804d00668&srepoch=1747812338&from=searchresults,47.3186524,5.0411201,Hébergement géré par un particulier,,9.7
736,13,Dijon,14.51,6.82,1.13,6.56,Best Western Dijon Centre Gare,https://www.booking.com/hotel/fr/kyriad-dijon-centre-dijon.fr.html?aid=304142&label=gen173nr-1FCAQoggJCDHNlYXJjaF9kaWpvbkgNWARoTYgBAZgBDbgBCsgBBdgBAegBAfgBA4gCAagCA7gC8f-1wQbAAgHSAiQ5ZWI5ZTZmMS04MmU2LTRhNTUtOGQ3OC0wMzRkNWZhZmQzZWTYAgXgAgE&ucfs=1&arphpl=1&group_adults=2&req_adults=2&no_rooms=1&group_children=0&req_children=0&hpos=14&hapos=14&sr_order=popularity&srpvid=00c5343804d00668&srepoch=1747812338&from=searchresults,47.3235,5.02976,"Located opposite the train station and in a pedestrianised area in Dijon city centre, Best Western Dijon Centre Gare has a 24-hour front desk and features air-conditioned rooms with private bathroom. ",4.0,8.0
737,13,Dijon,14.51,6.82,1.13,6.56,Aparthotel Adagio Access Dijon République,https://www.booking.com/hotel/fr/aparthotel-adagio-access-dijon-republique.fr.html?aid=304142&label=gen173nr-1FCAQoggJCDHNlYXJjaF9kaWpvbkgNWARoTYgBAZgBDbgBCsgBBdgBAegBAfgBA4gCAagCA7gC8f-1wQbAAgHSAiQ5ZWI5ZTZmMS04MmU2LTRhNTUtOGQ3OC0wMzRkNWZhZmQzZWTYAgXgAgE&ucfs=1&arphpl=1&group_adults=2&req_adults=2&no_rooms=1&group_children=0&req_children=0&hpos=12&hapos=12&sr_order=popularity&srpvid=00c5343804d00668&srepoch=1747812338&from=searchresults,47.325525999999996,5.049480399999993,"Situé dans le centre-ville de Dijon, à seulement 3 minutes à pied de la place de la République, l'Aparthotel Adagio Access Dijon République propose une réception ouverte 24h/24 et une connexion Wi-Fi...",3.0,8.5
738,13,Dijon,14.51,6.82,1.13,6.56,B&B HOTEL Dijon Valmy Toison d'or,https://www.booking.com/hotel/fr/b-amp-b-dijon-valmy-toison-d-39-or.fr.html?aid=304142&label=gen173nr-1FCAQoggJCDHNlYXJjaF9kaWpvbkgNWARoTYgBAZgBDbgBCsgBBdgBAegBAfgBA4gCAagCA7gC8f-1wQbAAgHSAiQ5ZWI5ZTZmMS04MmU2LTRhNTUtOGQ3OC0wMzRkNWZhZmQzZWTYAgXgAgE&ucfs=1&arphpl=1&group_adults=2&req_adults=2&no_rooms=1&group_children=0&req_children=0&hpos=13&hapos=13&sr_order=popularity&srpvid=00c5343804d00668&srepoch=1747812338&from_sustainable_property_sr=1&from=searchresults,47.361115,5.05172,"L’établissement B&B HOTEL Dijon Valmy Toison d'or se trouve à Dijon, à respectivement 4,9 km et 6,7 km de ces lieux d’intérêt : Parc des expositions et des congrès de Dijon et Gare de Dijon. ",3.0,8.3
739,13,Dijon,14.51,6.82,1.13,6.56,Hôtel des Ducs,https://www.booking.com/hotel/fr/des-ducs-dijon.fr.html?aid=304142&label=gen173nr-1FCAQoggJCDHNlYXJjaF9kaWpvbkgNWARoTYgBAZgBDbgBCsgBBdgBAegBAfgBA4gCAagCA7gC8f-1wQbAAgHSAiQ5ZWI5ZTZmMS04MmU2LTRhNTUtOGQ3OC0wMzRkNWZhZmQzZWTYAgXgAgE&ucfs=1&arphpl=1&group_adults=2&req_adults=2&no_rooms=1&group_children=0&req_children=0&hpos=11&hapos=11&sr_order=popularity&srpvid=00c5343804d00668&srepoch=1747812338&from=searchresults,47.32170511764295,5.0436533242464066,Hébergement géré par un particulier,3.0,8.6
740,13,Dijon,14.51,6.82,1.13,6.56,Nomad Hotel Dijon,https://www.booking.com/hotel/fr/nomad-dijon.fr.html?aid=304142&label=gen173nr-1FCAQoggJCDHNlYXJjaF9kaWpvbkgNWARoTYgBAZgBDbgBCsgBBdgBAegBAfgBA4gCAagCA7gC8f-1wQbAAgHSAiQ5ZWI5ZTZmMS04MmU2LTRhNTUtOGQ3OC0wMzRkNWZhZmQzZWTYAgXgAgE&ucfs=1&arphpl=1&group_adults=2&req_adults=2&no_rooms=1&group_children=0&req_children=0&hpos=10&hapos=10&sr_order=popularity&srpvid=00c5343804d00668&srepoch=1747812338&from=searchresults,47.3245398,5.0276148,"L’établissement Nomad Hotel Dijon se situe à Dijon, à 300 mètres de ce lieu d’intérêt : Gare de Dijon. Il possède un jardin, une terrasse, un bar et un parking privé. ",3.0,8.7
741,13,Dijon,14.51,6.82,1.13,6.56,Hotel Le Jacquemart,https://www.booking.com/hotel/fr/le-jacquemart.fr.html?aid=304142&label=gen173nr-1FCAQoggJCDHNlYXJjaF9kaWpvbkgNWARoTYgBAZgBDbgBCsgBBdgBAegBAfgBA4gCAagCA7gC8f-1wQbAAgHSAiQ5ZWI5ZTZmMS04MmU2LTRhNTUtOGQ3OC0wMzRkNWZhZmQzZWTYAgXgAgE&ucfs=1&arphpl=1&group_adults=2&req_adults=2&no_rooms=1&group_children=0&req_children=0&hpos=8&hapos=8&sr_order=popularity&srpvid=00c5343804d00668&srepoch=1747812338&from=searchresults,47.32345830632939,5.043451488018036,"Situé au cœur de Dijon, capitale de la Bourgogne, près du Palais des Ducs de Bourgogne, l'hôtel Le Jacquemart bénéficie d’une situation privilégiée dans le quartier des Antiquaires. ",3.0,8.5
742,13,Dijon,14.51,6.82,1.13,6.56,Holiday Inn Dijon Toison D'or by IHG,https://www.booking.com/hotel/fr/holiday-inn-dijon.fr.html?aid=304142&label=gen173nr-1FCAQoggJCDHNlYXJjaF9kaWpvbkgNWARoTYgBAZgBDbgBCsgBBdgBAegBAfgBA4gCAagCA7gC8f-1wQbAAgHSAiQ5ZWI5ZTZmMS04MmU2LTRhNTUtOGQ3OC0wMzRkNWZhZmQzZWTYAgXgAgE&ucfs=1&arphpl=1&group_adults=2&req_adults=2&no_rooms=1&group_children=0&req_children=0&hpos=9&hapos=9&sr_order=popularity&srpvid=00c5343804d00668&srepoch=1747812338&from=searchresults,47.3557,5.052,"Doté d'un spa avec un sauna, un hammam et une salle de sport, le Holiday Inn Dijon Toison D'or vous accueille en périphérie du centre-ville historique de Dijon, en plein cœur du parc technologique de...",4.0,8.1
743,13,Dijon,14.51,6.82,1.13,6.56,Kyriad Hotel Dijon Gare,https://www.booking.com/hotel/fr/kyriad-gare.fr.html?aid=304142&label=gen173nr-1FCAQoggJCDHNlYXJjaF9kaWpvbkgNWARoTYgBAZgBDbgBCsgBBdgBAegBAfgBA4gCAagCA7gC8f-1wQbAAgHSAiQ5ZWI5ZTZmMS04MmU2LTRhNTUtOGQ3OC0wMzRkNWZhZmQzZWTYAgXgAgE&ucfs=1&arphpl=1&group_adults=2&req_adults=2&no_rooms=1&group_children=0&req_children=0&hpos=7&hapos=7&sr_order=popularity&srpvid=00c5343804d00668&srepoch=1747812338&from=searchresults,47.32279603784554,5.029898285865784,"Situé à 120 mètres de la gare de Dijon, le Kyriad Hotel Dijon Gare propose des chambres insonorisées avec connexion Wi-Fi gratuite. ",3.0,7.1
744,13,Dijon,14.51,6.82,1.13,6.56,Appart'hôtel Odalys City - Dijon Centre,https://www.booking.com/hotel/fr/appart-39-odalys-les-cordeliers.fr.html?aid=304142&label=gen173nr-1FCAQoggJCDHNlYXJjaF9kaWpvbkgNWARoTYgBAZgBDbgBCsgBBdgBAegBAfgBA4gCAagCA7gC8f-1wQbAAgHSAiQ5ZWI5ZTZmMS04MmU2LTRhNTUtOGQ3OC0wMzRkNWZhZmQzZWTYAgXgAgE&ucfs=1&arphpl=1&group_adults=2&req_adults=2&no_rooms=1&group_children=0&req_children=0&hpos=6&hapos=6&sr_order=popularity&srpvid=00c5343804d00668&srepoch=1747812338&from=searchresults,47.318270014552496,5.040114623313457,L’Appart'hôtel Odalys City - Dijon Centre vous accueille dans le centre historique de Dijon. Cet appart'hôtel propose des chambres avec salle de bains privative et des hébergements indépendants. ,4.0,7.9
745,13,Dijon,14.51,6.82,1.13,6.56,B&B HOTEL Dijon Nord Zénith,https://www.booking.com/hotel/fr/b-amp-b-dijon-zenith.fr.html?aid=304142&label=gen173nr-1FCAQoggJCDHNlYXJjaF9kaWpvbkgNWARoTYgBAZgBDbgBCsgBBdgBAegBAfgBA4gCAagCA7gC8f-1wQbAAgHSAiQ5ZWI5ZTZmMS04MmU2LTRhNTUtOGQ3OC0wMzRkNWZhZmQzZWTYAgXgAgE&ucfs=1&arphpl=1&group_adults=2&req_adults=2&no_rooms=1&group_children=0&req_children=0&hpos=5&hapos=5&sr_order=popularity&srpvid=00c5343804d00668&srepoch=1747812338&from_sustainable_property_sr=1&from=searchresults,47.350663931507675,5.069212432540894,"Le B&B HOTEL Dijon Nord Zénith vous accueille dans un établissement adapté aux personnes à mobilité réduite à Dijon, à 1 km du centre de conventions Zénith. ",2.0,7.5
746,13,Dijon,14.51,6.82,1.13,6.56,Residhome Dijon Cité Des Vignes,https://www.booking.com/hotel/fr/residhome-dijon-cite-des-vignes.fr.html?aid=304142&label=gen173nr-1FCAQoggJCDHNlYXJjaF9kaWpvbkgNWARoTYgBAZgBDbgBCsgBBdgBAegBAfgBA4gCAagCA7gC8f-1wQbAAgHSAiQ5ZWI5ZTZmMS04MmU2LTRhNTUtOGQ3OC0wMzRkNWZhZmQzZWTYAgXgAgE&ucfs=1&arphpl=1&group_adults=2&req_adults=2&no_rooms=1&group_children=0&req_children=0&hpos=4&hapos=4&sr_order=popularity&srpvid=00c5343804d00668&srepoch=1747812338&from=searchresults,47.318251,5.028123,"L’établissement Residhome Dijon Cité Des Vignes vous accueille à Dijon, à respectivement 900 mètres et 900 mètres de ces lieux d’intérêt : Église Saint-Philibert et Gare de Dijon. ",,8.5
747,13,Dijon,14.51,6.82,1.13,6.56,Suite - Le Monge - Dijon Centre Historique,https://www.booking.com/hotel/fr/le-monge.fr.html?aid=304142&label=gen173nr-1FCAQoggJCDHNlYXJjaF9kaWpvbkgNWARoTYgBAZgBDbgBCsgBBdgBAegBAfgBA4gCAagCA7gC8f-1wQbAAgHSAiQ5ZWI5ZTZmMS04MmU2LTRhNTUtOGQ3OC0wMzRkNWZhZmQzZWTYAgXgAgE&ucfs=1&arphpl=1&group_adults=2&req_adults=2&no_rooms=1&group_children=0&req_children=0&hpos=3&hapos=3&sr_order=popularity&srpvid=00c5343804d00668&srepoch=1747812338&from=searchresults,47.31969830074962,5.035492616602322,Hébergement géré par un particulier,,9.2
748,13,Dijon,14.51,6.82,1.13,6.56,City Loft Apparthotel,https://www.booking.com/hotel/fr/city-loft.fr.html?aid=304142&label=gen173nr-1FCAQoggJCDHNlYXJjaF9kaWpvbkgNWARoTYgBAZgBDbgBCsgBBdgBAegBAfgBA4gCAagCA7gC8f-1wQbAAgHSAiQ5ZWI5ZTZmMS04MmU2LTRhNTUtOGQ3OC0wMzRkNWZhZmQzZWTYAgXgAgE&ucfs=1&arphpl=1&group_adults=2&req_adults=2&no_rooms=1&group_children=0&req_children=0&hpos=2&hapos=2&sr_order=popularity&srpvid=00c5343804d00668&srepoch=1747812338&from=searchresults,47.32268694683896,5.038175582885742,"Idéalement situé au cœur du quartier piétonnier, le City Loft Apparthotel se trouve près du palais des ducs. ",3.0,8.2
749,13,Dijon,14.51,6.82,1.13,6.56,ibis Styles Dijon Central,https://www.booking.com/hotel/fr/ibis-central.fr.html?aid=304142&label=gen173nr-1FCAQoggJCDHNlYXJjaF9kaWpvbkgNWARoTYgBAZgBDbgBCsgBBdgBAegBAfgBA4gCAagCA7gC8f-1wQbAAgHSAiQ5ZWI5ZTZmMS04MmU2LTRhNTUtOGQ3OC0wMzRkNWZhZmQzZWTYAgXgAgE&ucfs=1&arphpl=1&group_adults=2&req_adults=2&no_rooms=1&group_children=0&req_children=0&hpos=1&hapos=1&sr_order=popularity&srpvid=00c5343804d00668&srepoch=1747812338&from_sustainable_property_sr=1&from=searchresults,47.323121491343166,5.03729984164238,"Situé dans une zone piétonne, au cœur du quartier historique de Dijon, l'hôtel ibis Styles Dijon Central se trouve à seulement 1 km de la gare de Dijon. ",3.0,8.2
750,4,Rouen,12.08,4.66,0.98,6.44,Le 4B - Le Tiki,https://www.booking.com/hotel/fr/le-4b-mathilde.fr.html?aid=304142&label=gen173nr-1FCAQoggJCDHNlYXJjaF9yb3VlbkgNWARoTYgBAZgBDbgBCsgBBdgBAegBAfgBA4gCAagCA7gC7_-1wQbAAgHSAiRlMzA3ZDZmOS1lYzNiLTQ0MDQtOWE5Ny05ZDljYWM3NzdlMjDYAgXgAgE&ucfs=1&arphpl=1&group_adults=2&req_adults=2&no_rooms=1&group_children=0&req_children=0&hpos=13&hapos=13&sr_order=popularity&srpvid=d8213437f77e0a5e&srepoch=1747812336&from=searchresults,49.4465452,1.0929032,Hébergement géré par un particulier,,9.2
751,4,Rouen,12.08,4.66,0.98,6.44,Grand Studio de charme Rouen centre,https://www.booking.com/hotel/fr/grand-studio-de-charme-rouen-centre.fr.html?aid=304142&label=gen173nr-1FCAQoggJCDHNlYXJjaF9yb3VlbkgNWARoTYgBAZgBDbgBCsgBBdgBAegBAfgBA4gCAagCA7gC7_-1wQbAAgHSAiRlMzA3ZDZmOS1lYzNiLTQ0MDQtOWE5Ny05ZDljYWM3NzdlMjDYAgXgAgE&ucfs=1&arphpl=1&group_adults=2&req_adults=2&no_rooms=1&group_children=0&req_children=0&hpos=25&hapos=25&sr_order=popularity&srpvid=d8213437f77e0a5e&srepoch=1747812336&from=searchresults,49.4462748,1.0991111,Hébergement géré par un particulier,,8.7
752,4,Rouen,12.08,4.66,0.98,6.44,La Villa,https://www.booking.com/hotel/fr/ermitage-bouquet-rouen.fr.html?aid=304142&label=gen173nr-1FCAQoggJCDHNlYXJjaF9yb3VlbkgNWARoTYgBAZgBDbgBCsgBBdgBAegBAfgBA4gCAagCA7gC7_-1wQbAAgHSAiRlMzA3ZDZmOS1lYzNiLTQ0MDQtOWE5Ny05ZDljYWM3NzdlMjDYAgXgAgE&ucfs=1&arphpl=1&group_adults=2&req_adults=2&no_rooms=1&group_children=0&req_children=0&hpos=23&hapos=23&sr_order=popularity&srpvid=d8213437f77e0a5e&srepoch=1747812336&from=searchresults,49.4502853,1.0890898,Hébergement géré par un particulier,,8.5
753,4,Rouen,12.08,4.66,0.98,6.44,Hotel De Quebec,https://www.booking.com/hotel/fr/alive-hotel-de-quebec.fr.html?aid=304142&label=gen173nr-1FCAQoggJCDHNlYXJjaF9yb3VlbkgNWARoTYgBAZgBDbgBCsgBBdgBAegBAfgBA4gCAagCA7gC7_-1wQbAAgHSAiRlMzA3ZDZmOS1lYzNiLTQ0MDQtOWE5Ny05ZDljYWM3NzdlMjDYAgXgAgE&ucfs=1&arphpl=1&group_adults=2&req_adults=2&no_rooms=1&group_children=0&req_children=0&hpos=24&hapos=24&sr_order=popularity&srpvid=d8213437f77e0a5e&srepoch=1747812336&from=searchresults,49.43783418793873,1.0972528159618378,L'Alive Hôtel de Québec vous accueille dans un quartier paisible au cœur de Rouen. ,3.0,8.3
754,4,Rouen,12.08,4.66,0.98,6.44,DOMITYS Les Mosaïques,https://www.booking.com/hotel/fr/domitys-les-mosaiques.fr.html?aid=304142&label=gen173nr-1FCAQoggJCDHNlYXJjaF9yb3VlbkgNWARoTYgBAZgBDbgBCsgBBdgBAegBAfgBA4gCAagCA7gC7_-1wQbAAgHSAiRlMzA3ZDZmOS1lYzNiLTQ0MDQtOWE5Ny05ZDljYWM3NzdlMjDYAgXgAgE&ucfs=1&arphpl=1&group_adults=2&req_adults=2&no_rooms=1&group_children=0&req_children=0&hpos=20&hapos=20&sr_order=popularity&srpvid=d8213437f77e0a5e&srepoch=1747812336&from=searchresults,49.4290146,1.0832807,"L’établissement DOMITYS Les Mosaïques se situe à Rouen, à respectivement 1 km et 2 km de ces lieux d’intérêt : Voltaire Station, Rouen et Hotel de ville de Soteville Station, Rouen. ",,8.8
755,4,Rouen,12.08,4.66,0.98,6.44,Brit Hotel Confort Rouen Centre,https://www.booking.com/hotel/fr/le-relais-des-2-rivieres.fr.html?aid=304142&label=gen173nr-1FCAQoggJCDHNlYXJjaF9yb3VlbkgNWARoTYgBAZgBDbgBCsgBBdgBAegBAfgBA4gCAagCA7gC7_-1wQbAAgHSAiRlMzA3ZDZmOS1lYzNiLTQ0MDQtOWE5Ny05ZDljYWM3NzdlMjDYAgXgAgE&ucfs=1&arphpl=1&group_adults=2&req_adults=2&no_rooms=1&group_children=0&req_children=0&hpos=22&hapos=22&sr_order=popularity&srpvid=d8213437f77e0a5e&srepoch=1747812336&from=searchresults,49.4386953629876,1.1092033982276917,"Le Brit Hotel Confort Rouen Centre se situe dans le centre de Rouen, à proximité de la faculté de médecine et à 4 km de la salle omnisports Le Kindarena. ",2.0,7.3
756,4,Rouen,12.08,4.66,0.98,6.44,Le Vieux Carré,https://www.booking.com/hotel/fr/le-vieux-carre.fr.html?aid=304142&label=gen173nr-1FCAQoggJCDHNlYXJjaF9yb3VlbkgNWARoTYgBAZgBDbgBCsgBBdgBAegBAfgBA4gCAagCA7gC7_-1wQbAAgHSAiRlMzA3ZDZmOS1lYzNiLTQ0MDQtOWE5Ny05ZDljYWM3NzdlMjDYAgXgAgE&ucfs=1&arphpl=1&group_adults=2&req_adults=2&no_rooms=1&group_children=0&req_children=0&hpos=19&hapos=19&sr_order=popularity&srpvid=d8213437f77e0a5e&srepoch=1747812336&from=searchresults,49.4433271352408,1.0945739597082138,"L'hôtel Le Vieux Carré est situé dans le centre de Rouen, dans une zone piétonne, à seulement 850 mètres de la gare de Rouen-Rive-Droite. ",2.0,8.0
757,4,Rouen,12.08,4.66,0.98,6.44,Rouen Vue Cathédrale,https://www.booking.com/hotel/fr/lacroix-370.fr.html?aid=304142&label=gen173nr-1FCAQoggJCDHNlYXJjaF9yb3VlbkgNWARoTYgBAZgBDbgBCsgBBdgBAegBAfgBA4gCAagCA7gC7_-1wQbAAgHSAiRlMzA3ZDZmOS1lYzNiLTQ0MDQtOWE5Ny05ZDljYWM3NzdlMjDYAgXgAgE&ucfs=1&arphpl=1&group_adults=2&req_adults=2&no_rooms=1&group_children=0&req_children=0&hpos=21&hapos=21&sr_order=popularity&srpvid=d8213437f77e0a5e&srepoch=1747812336&from=searchresults,49.433659409425,1.098616421426,Hébergement géré par un particulier,,8.6
758,4,Rouen,12.08,4.66,0.98,6.44,l'Olympe - Babyfoot - Cinéma - Parking,https://www.booking.com/hotel/fr/olympe-babyfoot-cinema-parking.fr.html?aid=304142&label=gen173nr-1FCAQoggJCDHNlYXJjaF9yb3VlbkgNWARoTYgBAZgBDbgBCsgBBdgBAegBAfgBA4gCAagCA7gC7_-1wQbAAgHSAiRlMzA3ZDZmOS1lYzNiLTQ0MDQtOWE5Ny05ZDljYWM3NzdlMjDYAgXgAgE&ucfs=1&arphpl=1&group_adults=2&req_adults=2&no_rooms=1&group_children=0&req_children=0&hpos=18&hapos=18&sr_order=popularity&srpvid=d8213437f77e0a5e&srepoch=1747812336&from=searchresults,49.4416689,1.1013595999999999,Hébergement géré par un particulier,,9.2
759,4,Rouen,12.08,4.66,0.98,6.44,Grand Hôtel De La Seine,https://www.booking.com/hotel/fr/rouencentre.fr.html?aid=304142&label=gen173nr-1FCAQoggJCDHNlYXJjaF9yb3VlbkgNWARoTYgBAZgBDbgBCsgBBdgBAegBAfgBA4gCAagCA7gC7_-1wQbAAgHSAiRlMzA3ZDZmOS1lYzNiLTQ0MDQtOWE5Ny05ZDljYWM3NzdlMjDYAgXgAgE&ucfs=1&arphpl=1&group_adults=2&req_adults=2&no_rooms=1&group_children=0&req_children=0&hpos=17&hapos=17&sr_order=popularity&srpvid=d8213437f77e0a5e&srepoch=1747812336&from=searchresults,49.44158356828401,1.0814445465803146,"Situé à seulement 500 mètres de la gare de Rouen-Orléans, le Grand Hôtel De La Seine se trouve à 15 minutes à pied de la cathédrale de Rouen et à 2 km du palais des sports. ",4.0,8.5
760,4,Rouen,12.08,4.66,0.98,6.44,Aparthotel Adagio Access Rouen Centre Cathédrale,https://www.booking.com/hotel/fr/aparthotel-adagio-access-rouen-centre-cathedrale.fr.html?aid=304142&label=gen173nr-1FCAQoggJCDHNlYXJjaF9yb3VlbkgNWARoTYgBAZgBDbgBCsgBBdgBAegBAfgBA4gCAagCA7gC7_-1wQbAAgHSAiRlMzA3ZDZmOS1lYzNiLTQ0MDQtOWE5Ny05ZDljYWM3NzdlMjDYAgXgAgE&ucfs=1&arphpl=1&group_adults=2&req_adults=2&no_rooms=1&group_children=0&req_children=0&hpos=16&hapos=16&sr_order=popularity&srpvid=d8213437f77e0a5e&srepoch=1747812336&from=searchresults,49.439067,1.089627,L’établissement Aparthotel Adagio Access Rouen Centre Cathédrale est idéalement placé dans le centre de Rouen. ,3.0,8.5
761,4,Rouen,12.08,4.66,0.98,6.44,B&B HOTEL Rouen Centre Rive Droite,https://www.booking.com/hotel/fr/ibis-rouen-centre-rive-droite.fr.html?aid=304142&label=gen173nr-1FCAQoggJCDHNlYXJjaF9yb3VlbkgNWARoTYgBAZgBDbgBCsgBBdgBAegBAfgBA4gCAagCA7gC7_-1wQbAAgHSAiRlMzA3ZDZmOS1lYzNiLTQ0MDQtOWE5Ny05ZDljYWM3NzdlMjDYAgXgAgE&ucfs=1&arphpl=1&group_adults=2&req_adults=2&no_rooms=1&group_children=0&req_children=0&hpos=15&hapos=15&sr_order=popularity&srpvid=d8213437f77e0a5e&srepoch=1747812336&from_sustainable_property_sr=1&from=searchresults,49.44318543731502,1.079113706946373,"Situé à 20 minutes à pied du centre et de la cathédrale, l'hôtel B&B HOTEL Rouen Centre Rive Droite propose un restaurant français, un bar et des chambres climatisées dotées d'une télévision par câble...",3.0,8.1
762,4,Rouen,12.08,4.66,0.98,6.44,Novotel Rouen Centre Cathédrale,https://www.booking.com/hotel/fr/novotel-rouen-centre-cathedrale.fr.html?aid=304142&label=gen173nr-1FCAQoggJCDHNlYXJjaF9yb3VlbkgNWARoTYgBAZgBDbgBCsgBBdgBAegBAfgBA4gCAagCA7gC7_-1wQbAAgHSAiRlMzA3ZDZmOS1lYzNiLTQ0MDQtOWE5Ny05ZDljYWM3NzdlMjDYAgXgAgE&ucfs=1&arphpl=1&group_adults=2&req_adults=2&no_rooms=1&group_children=0&req_children=0&hpos=14&hapos=14&sr_order=popularity&srpvid=d8213437f77e0a5e&srepoch=1747812336&from=searchresults,49.4388505,1.0899553,"L’établissement Novotel Rouen Centre Cathédrale vous accueille à Rouen, à 600 mètres de ce lieu d’intérêt : Cathédrale Notre-Dame de Rouen. ",4.0,8.4
763,4,Rouen,12.08,4.66,0.98,6.44,Hotel Dandy Rouen centre,https://www.booking.com/hotel/fr/dandy.fr.html?aid=304142&label=gen173nr-1FCAQoggJCDHNlYXJjaF9yb3VlbkgNWARoTYgBAZgBDbgBCsgBBdgBAegBAfgBA4gCAagCA7gC7_-1wQbAAgHSAiRlMzA3ZDZmOS1lYzNiLTQ0MDQtOWE5Ny05ZDljYWM3NzdlMjDYAgXgAgE&ucfs=1&arphpl=1&group_adults=2&req_adults=2&no_rooms=1&group_children=0&req_children=0&hpos=12&hapos=12&sr_order=popularity&srpvid=d8213437f77e0a5e&srepoch=1747812336&from=searchresults,49.44527729309288,1.086762696504593,"Cet hôtel est situé dans le centre de Rouen, à 100 mètres de la place du Vieux-Marché et de l’église Sainte-Jeanne-d’Arc. ",3.0,8.1
764,4,Rouen,12.08,4.66,0.98,6.44,Sous les Etoiles - dans le plus haut gratte-ciel avec garage privé,https://www.booking.com/hotel/fr/sous-les-etoiles-rouen.fr.html?aid=304142&label=gen173nr-1FCAQoggJCDHNlYXJjaF9yb3VlbkgNWARoTYgBAZgBDbgBCsgBBdgBAegBAfgBA4gCAagCA7gC7_-1wQbAAgHSAiRlMzA3ZDZmOS1lYzNiLTQ0MDQtOWE5Ny05ZDljYWM3NzdlMjDYAgXgAgE&ucfs=1&arphpl=1&group_adults=2&req_adults=2&no_rooms=1&group_children=0&req_children=0&hpos=11&hapos=11&sr_order=popularity&srpvid=d8213437f77e0a5e&srepoch=1747812336&from=searchresults,49.4400384,1.0856876,Hébergement géré par un particulier,,9.1
765,4,Rouen,12.08,4.66,0.98,6.44,B&B HOTEL Rouen Centre,https://www.booking.com/hotel/fr/comforthotelrouencentre.fr.html?aid=304142&label=gen173nr-1FCAQoggJCDHNlYXJjaF9yb3VlbkgNWARoTYgBAZgBDbgBCsgBBdgBAegBAfgBA4gCAagCA7gC7_-1wQbAAgHSAiRlMzA3ZDZmOS1lYzNiLTQ0MDQtOWE5Ny05ZDljYWM3NzdlMjDYAgXgAgE&ucfs=1&arphpl=1&group_adults=2&req_adults=2&no_rooms=1&group_children=0&req_children=0&hpos=10&hapos=10&sr_order=popularity&srpvid=d8213437f77e0a5e&srepoch=1747812336&from_sustainable_property_sr=1&from=searchresults,49.4303262811811,1.0848328471183777,"Le B&B HOTEL Rouen Centre vous accueille au cœur de Rouen, à proximité du centre commercial Saint-Sever et à 4 km du stade Kindarena. ",3.0,6.9
766,4,Rouen,12.08,4.66,0.98,6.44,Hôtel De La Cathédrale,https://www.booking.com/hotel/fr/de-la-cathedrale.fr.html?aid=304142&label=gen173nr-1FCAQoggJCDHNlYXJjaF9yb3VlbkgNWARoTYgBAZgBDbgBCsgBBdgBAegBAfgBA4gCAagCA7gC7_-1wQbAAgHSAiRlMzA3ZDZmOS1lYzNiLTQ0MDQtOWE5Ny05ZDljYWM3NzdlMjDYAgXgAgE&ucfs=1&arphpl=1&group_adults=2&req_adults=2&no_rooms=1&group_children=0&req_children=0&hpos=8&hapos=8&sr_order=popularity&srpvid=d8213437f77e0a5e&srepoch=1747812336&from=searchresults,49.44011681378441,1.0969336330890656,"Arborant une façade à colombages datant du XVIIe siècle, l'Hôtel De La Cathédrale est situé à seulement 50 mètres de la cathédrale de Rouen, en plein cœur du centre historique de la ville. ",3.0,7.9
767,4,Rouen,12.08,4.66,0.98,6.44,"Radisson Blu Hotel, Rouen Centre",https://www.booking.com/hotel/fr/radisson-blu-rouen-centre.fr.html?aid=304142&label=gen173nr-1FCAQoggJCDHNlYXJjaF9yb3VlbkgNWARoTYgBAZgBDbgBCsgBBdgBAegBAfgBA4gCAagCA7gC7_-1wQbAAgHSAiRlMzA3ZDZmOS1lYzNiLTQ0MDQtOWE5Ny05ZDljYWM3NzdlMjDYAgXgAgE&ucfs=1&arphpl=1&group_adults=2&req_adults=2&no_rooms=1&group_children=0&req_children=0&hpos=9&hapos=9&sr_order=popularity&srpvid=d8213437f77e0a5e&srepoch=1747812336&from_sustainable_property_sr=1&from=searchresults,49.446441,1.09412,"L’établissement Radisson Blu Hotel, Rouen Centre est idéalement placé dans le centre de Rouen. ",4.0,8.9
768,4,Rouen,12.08,4.66,0.98,6.44,"Hôtel Littéraire Gustave Flaubert, BW Signature Collection",https://www.booking.com/hotel/fr/hotellitterairegustaveflaubert.fr.html?aid=304142&label=gen173nr-1FCAQoggJCDHNlYXJjaF9yb3VlbkgNWARoTYgBAZgBDbgBCsgBBdgBAegBAfgBA4gCAagCA7gC7_-1wQbAAgHSAiRlMzA3ZDZmOS1lYzNiLTQ0MDQtOWE5Ny05ZDljYWM3NzdlMjDYAgXgAgE&ucfs=1&arphpl=1&group_adults=2&req_adults=2&no_rooms=1&group_children=0&req_children=0&hpos=6&hapos=6&sr_order=popularity&srpvid=d8213437f77e0a5e&srepoch=1747812336&from_sustainable_property_sr=1&from=searchresults,49.44263508189676,1.0868579149246216,"Situé dans le centre historique de Rouen, l'Hôtel Littéraire Gustave Flaubert, BW Signature Collection propose des hébergements sur le thème de la littérature en l'honneur de l'écrivain Gustave...",4.0,8.6
769,4,Rouen,12.08,4.66,0.98,6.44,Mercure Rouen Centre Cathédrale,https://www.booking.com/hotel/fr/mercure-rouen-centre.fr.html?aid=304142&label=gen173nr-1FCAQoggJCDHNlYXJjaF9yb3VlbkgNWARoTYgBAZgBDbgBCsgBBdgBAegBAfgBA4gCAagCA7gC7_-1wQbAAgHSAiRlMzA3ZDZmOS1lYzNiLTQ0MDQtOWE5Ny05ZDljYWM3NzdlMjDYAgXgAgE&ucfs=1&arphpl=1&group_adults=2&req_adults=2&no_rooms=1&group_children=0&req_children=0&hpos=7&hapos=7&sr_order=popularity&srpvid=d8213437f77e0a5e&srepoch=1747812336&from=searchresults,49.44117284656542,1.0951754450798035,"Le Mercure Rouen Centre Cathédrale propose des chambres climatisées dotées d'une télévision par satellite, d'une connexion Wi-Fi gratuite et d'une salle de bains privative dans le centre de Rouen, à...",4.0,8.4
770,4,Rouen,12.08,4.66,0.98,6.44,Hyatt Place Rouen,https://www.booking.com/hotel/fr/hyatt-place-rouen.fr.html?aid=304142&label=gen173nr-1FCAQoggJCDHNlYXJjaF9yb3VlbkgNWARoTYgBAZgBDbgBCsgBBdgBAegBAfgBA4gCAagCA7gC7_-1wQbAAgHSAiRlMzA3ZDZmOS1lYzNiLTQ0MDQtOWE5Ny05ZDljYWM3NzdlMjDYAgXgAgE&ucfs=1&arphpl=1&group_adults=2&req_adults=2&no_rooms=1&group_children=0&req_children=0&hpos=4&hapos=4&sr_order=popularity&srpvid=d8213437f77e0a5e&srepoch=1747812336&from=searchresults,49.453285640641354,1.0982852973166501,"L’établissement Hyatt Place Rouen vous accueille à Rouen, à 900 mètres de ce lieu d’intérêt : Gare de Rouen-Rive-Droite. Il comprend un jardin, une terrasse, un restaurant et un parking privé. ",4.0,8.6
771,4,Rouen,12.08,4.66,0.98,6.44,Rouen ECO LODGES maison entière avec terrasse dans jardin potager piscine parking,https://www.booking.com/hotel/fr/plus-belle-la-vue-bois-guillaume.fr.html?aid=304142&label=gen173nr-1FCAQoggJCDHNlYXJjaF9yb3VlbkgNWARoTYgBAZgBDbgBCsgBBdgBAegBAfgBA4gCAagCA7gC7_-1wQbAAgHSAiRlMzA3ZDZmOS1lYzNiLTQ0MDQtOWE5Ny05ZDljYWM3NzdlMjDYAgXgAgE&ucfs=1&arphpl=1&group_adults=2&req_adults=2&no_rooms=1&group_children=0&req_children=0&hpos=3&hapos=3&sr_order=popularity&srpvid=d8213437f77e0a5e&srepoch=1747812336&from=searchresults,49.4575153834688,1.09975319451223,"Offrant une vue sur le jardin, l’établissement Rouen ECO LODGES maison entière avec terrasse dans jardin potager piscine parking possède une connexion Wi-Fi gratuite et un parking privé gratuit. ",,8.7
772,4,Rouen,12.08,4.66,0.98,6.44,"Jean Paul 2 Au cœur de Rouen , gare ""Ménage & Linge Inclus""",https://www.booking.com/hotel/fr/jean-paul-2.fr.html?aid=304142&label=gen173nr-1FCAQoggJCDHNlYXJjaF9yb3VlbkgNWARoTYgBAZgBDbgBCsgBBdgBAegBAfgBA4gCAagCA7gC7_-1wQbAAgHSAiRlMzA3ZDZmOS1lYzNiLTQ0MDQtOWE5Ny05ZDljYWM3NzdlMjDYAgXgAgE&ucfs=1&arphpl=1&group_adults=2&req_adults=2&no_rooms=1&group_children=0&req_children=0&hpos=5&hapos=5&sr_order=popularity&srpvid=d8213437f77e0a5e&srepoch=1747812336&from=searchresults,49.4497639,1.0958472,"L’hébergement Jean Paul 2 Au cœur de Rouen, gare ""Ménage & Linge Inclus"" se trouve à Rouen, à respectivement 300 mètres, 1,2 km et 4,4 km de ces lieux d’intérêt : Gare de Rouen-Rive-Droite, Cathédrale...",,8.0
773,4,Rouen,12.08,4.66,0.98,6.44,Appart Rouen Centre,https://www.booking.com/hotel/fr/appart-rouen-centre.fr.html?aid=304142&label=gen173nr-1FCAQoggJCDHNlYXJjaF9yb3VlbkgNWARoTYgBAZgBDbgBCsgBBdgBAegBAfgBA4gCAagCA7gC7_-1wQbAAgHSAiRlMzA3ZDZmOS1lYzNiLTQ0MDQtOWE5Ny05ZDljYWM3NzdlMjDYAgXgAgE&ucfs=1&arphpl=1&group_adults=2&req_adults=2&no_rooms=1&group_children=0&req_children=0&hpos=2&hapos=2&sr_order=popularity&srpvid=d8213437f77e0a5e&srepoch=1747812336&from=searchresults,49.444668,1.088917,Hébergement géré par un particulier,,8.2
774,4,Rouen,12.08,4.66,0.98,6.44,Hotel Morand,https://www.booking.com/hotel/fr/lemorand.fr.html?aid=304142&label=gen173nr-1FCAQoggJCDHNlYXJjaF9yb3VlbkgNWARoTYgBAZgBDbgBCsgBBdgBAegBAfgBA4gCAagCA7gC7_-1wQbAAgHSAiRlMzA3ZDZmOS1lYzNiLTQ0MDQtOWE5Ny05ZDljYWM3NzdlMjDYAgXgAgE&ucfs=1&arphpl=1&group_adults=2&req_adults=2&no_rooms=1&group_children=0&req_children=0&hpos=1&hapos=1&sr_order=popularity&srpvid=d8213437f77e0a5e&srepoch=1747812336&from=searchresults,49.44569975167499,1.0945229977369308,"L’Hotel Morand est un ancien relais de poste rénové du XVIIe siècle situé dans le centre historique de Rouen, à 400 mètres de la gare SNCF. ",2.0,8.0
775,5,Paris,11.5,4.64,0.98,5.88,Appartements Bergère,https://www.booking.com/hotel/fr/appartement-bergere.fr.html?aid=304142&label=gen173nr-1FCAQoggJCDHNlYXJjaF9wYXJpc0gNWARoTYgBAZgBDbgBCsgBBdgBAegBAfgBA4gCAagCA7gC7_-1wQbAAgHSAiRiZmM0MTE0Yi05ZmU1LTQ2MTYtOWYzOS0xODBmMjcwOGIzNjHYAgXgAgE&ucfs=1&arphpl=1&group_adults=2&req_adults=2&no_rooms=1&group_children=0&req_children=0&hpos=24&hapos=24&sr_order=popularity&srpvid=cd7f3437ed7901c2&srepoch=1747812336&from=searchresults,48.87258739145522,2.3442290008526925,"L’établissement Appartements Bergère se situe à Paris, à respectivement 1,1 km et 1,4 km de ces lieux d’intérêt : Opéra Garnier et Métro Pigalle. Il possède des hébergements avec un coin salon. ",,9.1
776,5,Paris,11.5,4.64,0.98,5.88,Alberte Hôtel,https://www.booking.com/hotel/fr/alberte-logis-parisien.fr.html?aid=304142&label=gen173nr-1FCAQoggJCDHNlYXJjaF9wYXJpc0gNWARoTYgBAZgBDbgBCsgBBdgBAegBAfgBA4gCAagCA7gC7_-1wQbAAgHSAiRiZmM0MTE0Yi05ZmU1LTQ2MTYtOWYzOS0xODBmMjcwOGIzNjHYAgXgAgE&ucfs=1&arphpl=1&group_adults=2&req_adults=2&no_rooms=1&group_children=0&req_children=0&hpos=25&hapos=25&sr_order=popularity&srpvid=cd7f3437ed7901c2&srepoch=1747812336&from_sustainable_property_sr=1&from=searchresults,48.85488,2.305048,"Proposant un bar, l’établissement Alberte Hôtel se situe dans le centre de Paris, à 1,1 km de ce lieu d’intérêt : Tour Eiffel. Cet hôtel 4 étoiles propose un service de concierge et une bagagerie. ",4.0,9.0
777,5,Paris,11.5,4.64,0.98,5.88,Les Rives Oceanik,https://www.booking.com/hotel/fr/les-rives-oceanik.fr.html?aid=304142&label=gen173nr-1FCAQoggJCDHNlYXJjaF9wYXJpc0gNWARoTYgBAZgBDbgBCsgBBdgBAegBAfgBA4gCAagCA7gC7_-1wQbAAgHSAiRiZmM0MTE0Yi05ZmU1LTQ2MTYtOWYzOS0xODBmMjcwOGIzNjHYAgXgAgE&ucfs=1&arphpl=1&group_adults=2&req_adults=2&no_rooms=1&group_children=0&req_children=0&hpos=23&hapos=23&sr_order=popularity&srpvid=cd7f3437ed7901c2&srepoch=1747812336&from=searchresults,48.8442558,2.3422627,L’établissement Les Rives Oceanik bénéficie d’un emplacement idéal dans le centre de Paris. Il sert un petit-déjeuner continental et propose une connexion Wi-Fi gratuite dans l’ensemble de ses locaux....,4.0,9.2
778,5,Paris,11.5,4.64,0.98,5.88,Leonardo Boutique Hotel Paris Opera,https://www.booking.com/hotel/fr/corona.fr.html?aid=304142&label=gen173nr-1FCAQoggJCDHNlYXJjaF9wYXJpc0gNWARoTYgBAZgBDbgBCsgBBdgBAegBAfgBA4gCAagCA7gC7_-1wQbAAgHSAiRiZmM0MTE0Yi05ZmU1LTQ2MTYtOWYzOS0xODBmMjcwOGIzNjHYAgXgAgE&ucfs=1&arphpl=1&group_adults=2&req_adults=2&no_rooms=1&group_children=0&req_children=0&hpos=22&hapos=22&sr_order=popularity&srpvid=cd7f3437ed7901c2&srepoch=1747812336&from_sustainable_property_sr=1&from=searchresults,48.87180916149807,2.344724088907242,"Situé dans le quartier chic du 9ème arrondissement de Paris, le Leonardo Boutique Hotel Paris Opera se trouve à 1 km de l'Opéra Garnier. ",4.0,8.6
779,5,Paris,11.5,4.64,0.98,5.88,Star Champs-Elysées,https://www.booking.com/hotel/fr/star-etoile-paris.fr.html?aid=304142&label=gen173nr-1FCAQoggJCDHNlYXJjaF9wYXJpc0gNWARoTYgBAZgBDbgBCsgBBdgBAegBAfgBA4gCAagCA7gC7_-1wQbAAgHSAiRiZmM0MTE0Yi05ZmU1LTQ2MTYtOWYzOS0xODBmMjcwOGIzNjHYAgXgAgE&ucfs=1&arphpl=1&group_adults=2&req_adults=2&no_rooms=1&group_children=0&req_children=0&hpos=21&hapos=21&sr_order=popularity&srpvid=cd7f3437ed7901c2&srepoch=1747812336&from=searchresults,48.87715091049038,2.293667569756508,"Le Star Champs-Elysées est un élégant hôtel climatisé situé dans l'ouest de Paris, à 400 mètres de l'Arc de Triomphe. Il propose des chambres modernes décorées dans des tons chauds. ",4.0,8.4
780,5,Paris,11.5,4.64,0.98,5.88,Maison Albar - Le Pont-Neuf,https://www.booking.com/hotel/fr/maison-albar-paris-celine.fr.html?aid=304142&label=gen173nr-1FCAQoggJCDHNlYXJjaF9wYXJpc0gNWARoTYgBAZgBDbgBCsgBBdgBAegBAfgBA4gCAagCA7gC7_-1wQbAAgHSAiRiZmM0MTE0Yi05ZmU1LTQ2MTYtOWYzOS0xODBmMjcwOGIzNjHYAgXgAgE&ucfs=1&arphpl=1&group_adults=2&req_adults=2&no_rooms=1&group_children=0&req_children=0&hpos=20&hapos=20&sr_order=popularity&srpvid=cd7f3437ed7901c2&srepoch=1747812336&from_sustainable_property_sr=1&from=searchresults,48.86060246117176,2.3442037233135125,"Située à Paris, à 700 mètres du musée du Louvre, la Maison Albar - Le Pont-Neuf propose un spa Cinq Mondes, accessible moyennant un supplément, et un restaurant. ",5.0,8.9
781,5,Paris,11.5,4.64,0.98,5.88,La Villa Haussmann,https://www.booking.com/hotel/fr/la-villa-haussmann.fr.html?aid=304142&label=gen173nr-1FCAQoggJCDHNlYXJjaF9wYXJpc0gNWARoTYgBAZgBDbgBCsgBBdgBAegBAfgBA4gCAagCA7gC7_-1wQbAAgHSAiRiZmM0MTE0Yi05ZmU1LTQ2MTYtOWYzOS0xODBmMjcwOGIzNjHYAgXgAgE&ucfs=1&arphpl=1&group_adults=2&req_adults=2&no_rooms=1&group_children=0&req_children=0&hpos=18&hapos=18&sr_order=popularity&srpvid=cd7f3437ed7901c2&srepoch=1747812336&from=searchresults,48.875377961860046,2.316635633729561,"Située à Paris, à 1,1 km de l'opéra Garnier, La Villa Haussmann bénéficie d'une piscine intérieure et d'une salle de sport. ",4.0,9.0
782,5,Paris,11.5,4.64,0.98,5.88,Hotel Astra Opera - Astotel,https://www.booking.com/hotel/fr/astraopera.fr.html?aid=304142&label=gen173nr-1FCAQoggJCDHNlYXJjaF9wYXJpc0gNWARoTYgBAZgBDbgBCsgBBdgBAegBAfgBA4gCAagCA7gC7_-1wQbAAgHSAiRiZmM0MTE0Yi05ZmU1LTQ2MTYtOWYzOS0xODBmMjcwOGIzNjHYAgXgAgE&ucfs=1&arphpl=1&group_adults=2&req_adults=2&no_rooms=1&group_children=0&req_children=0&hpos=19&hapos=19&sr_order=popularity&srpvid=cd7f3437ed7901c2&srepoch=1747812336&from=searchresults,48.871797694118165,2.3280876874923706,"L’Hotel Astra Opera - Astotel est un établissement sophistiqué qui vous accueille au cœur de Paris, entre l’opéra Garnier et la place de la Madeleine. ",4.0,9.3
783,5,Paris,11.5,4.64,0.98,5.88,Hotel Villa Saxe Eiffel,https://www.booking.com/hotel/fr/villa-saxe-eiffel.fr.html?aid=304142&label=gen173nr-1FCAQoggJCDHNlYXJjaF9wYXJpc0gNWARoTYgBAZgBDbgBCsgBBdgBAegBAfgBA4gCAagCA7gC7_-1wQbAAgHSAiRiZmM0MTE0Yi05ZmU1LTQ2MTYtOWYzOS0xODBmMjcwOGIzNjHYAgXgAgE&ucfs=1&arphpl=1&group_adults=2&req_adults=2&no_rooms=1&group_children=0&req_children=0&hpos=17&hapos=17&sr_order=popularity&srpvid=cd7f3437ed7901c2&srepoch=1747812336&from_sustainable_property_sr=1&from=searchresults,48.84972111591954,2.309748172738182,"Doté d'un sauna et d'une salle de sport, l'Hotel Villa Saxe Eiffel se trouve à 750 mètres du musée de l'Armée et à 20 minutes à pied de la tour Eiffel. ",4.0,8.6
784,5,Paris,11.5,4.64,0.98,5.88,Lyric Hotel Paris Opera,https://www.booking.com/hotel/fr/lyric-ha-tel-paris.fr.html?aid=304142&label=gen173nr-1FCAQoggJCDHNlYXJjaF9wYXJpc0gNWARoTYgBAZgBDbgBCsgBBdgBAegBAfgBA4gCAagCA7gC7_-1wQbAAgHSAiRiZmM0MTE0Yi05ZmU1LTQ2MTYtOWYzOS0xODBmMjcwOGIzNjHYAgXgAgE&ucfs=1&arphpl=1&group_adults=2&req_adults=2&no_rooms=1&group_children=0&req_children=0&hpos=16&hapos=16&sr_order=popularity&srpvid=cd7f3437ed7901c2&srepoch=1747812336&from=searchresults,48.86902339307075,2.3367995023727417,"Le Lyric Hotel Paris Opera est un hôtel design situé au cœur de Paris, à seulement 450 mètres de l'opéra Garnier. L’établissement possède une salle de sport. ",4.0,8.9
785,5,Paris,11.5,4.64,0.98,5.88,Le Mathurin Hotel & Spa,https://www.booking.com/hotel/fr/hotel-le-mathurin.fr.html?aid=304142&label=gen173nr-1FCAQoggJCDHNlYXJjaF9wYXJpc0gNWARoTYgBAZgBDbgBCsgBBdgBAegBAfgBA4gCAagCA7gC7_-1wQbAAgHSAiRiZmM0MTE0Yi05ZmU1LTQ2MTYtOWYzOS0xODBmMjcwOGIzNjHYAgXgAgE&ucfs=1&arphpl=1&group_adults=2&req_adults=2&no_rooms=1&group_children=0&req_children=0&hpos=15&hapos=15&sr_order=popularity&srpvid=cd7f3437ed7901c2&srepoch=1747812336&from=searchresults,48.87326461529425,2.3240315169095993,"Le Mathurin Hotel & Spa est un hôtel 4 étoiles situé dans le centre de Paris, à 8 minutes à pied de La Madeleine et de l'Opéra Garnier. ",4.0,8.6
786,5,Paris,11.5,4.64,0.98,5.88,Hôtel de L'Esperance,https://www.booking.com/hotel/fr/de-l-39-esperance.fr.html?aid=304142&label=gen173nr-1FCAQoggJCDHNlYXJjaF9wYXJpc0gNWARoTYgBAZgBDbgBCsgBBdgBAegBAfgBA4gCAagCA7gC7_-1wQbAAgHSAiRiZmM0MTE0Yi05ZmU1LTQ2MTYtOWYzOS0xODBmMjcwOGIzNjHYAgXgAgE&ucfs=1&arphpl=1&group_adults=2&req_adults=2&no_rooms=1&group_children=0&req_children=0&hpos=14&hapos=14&sr_order=popularity&srpvid=cd7f3437ed7901c2&srepoch=1747812336&from_sustainable_property_sr=1&from=searchresults,48.8381576,2.34961550000003,"Situé à 2 minutes à pied de la très animée rue Mouffetard à Paris, l'Hôtel de l'Espérance dispose d'une cour intérieure. ",4.0,8.4
787,5,Paris,11.5,4.64,0.98,5.88,Habitat Parisien - 2BR-2BA - Marais - Centre Pompidou,https://www.booking.com/hotel/fr/temple-paris12.fr.html?aid=304142&label=gen173nr-1FCAQoggJCDHNlYXJjaF9wYXJpc0gNWARoTYgBAZgBDbgBCsgBBdgBAegBAfgBA4gCAagCA7gC7_-1wQbAAgHSAiRiZmM0MTE0Yi05ZmU1LTQ2MTYtOWYzOS0xODBmMjcwOGIzNjHYAgXgAgE&ucfs=1&arphpl=1&group_adults=2&req_adults=2&no_rooms=1&group_children=0&req_children=0&hpos=13&hapos=13&sr_order=popularity&srpvid=cd7f3437ed7901c2&srepoch=1747812336&from=searchresults,48.8593781,2.3541669,"L’hébergement Habitat Parisien - 2BR-2BA - Marais - Centre Pompidou se situe dans le centre de Paris, à respectivement 900 mètres et 1 km de ces lieux d’intérêt : Cathédrale Notre-Dame de Paris et...",,7.8
788,5,Paris,11.5,4.64,0.98,5.88,Appartement Cosy à 9 min à Pied de la Cathédrale NOTRE DAME,https://www.booking.com/hotel/fr/quartier-notre-dame.fr.html?aid=304142&label=gen173nr-1FCAQoggJCDHNlYXJjaF9wYXJpc0gNWARoTYgBAZgBDbgBCsgBBdgBAegBAfgBA4gCAagCA7gC7_-1wQbAAgHSAiRiZmM0MTE0Yi05ZmU1LTQ2MTYtOWYzOS0xODBmMjcwOGIzNjHYAgXgAgE&ucfs=1&arphpl=1&group_adults=2&req_adults=2&no_rooms=1&group_children=0&req_children=0&hpos=12&hapos=12&sr_order=popularity&srpvid=cd7f3437ed7901c2&srepoch=1747812336&from=searchresults,48.853809873406895,2.342762432184145,"L'établissement Appartement Cosy à 9 min à Pied de la Cathédrale NOTRE DAME propose des hébergements avec connexion Wi-Fi gratuite à Paris, à 500 mètres de la cathédrale Notre-Dame et 800 mètres du...",,9.4
789,5,Paris,11.5,4.64,0.98,5.88,Solly Hôtel Paris,https://www.booking.com/hotel/fr/tulipinnlittlepalace.fr.html?aid=304142&label=gen173nr-1FCAQoggJCDHNlYXJjaF9wYXJpc0gNWARoTYgBAZgBDbgBCsgBBdgBAegBAfgBA4gCAagCA7gC7_-1wQbAAgHSAiRiZmM0MTE0Yi05ZmU1LTQ2MTYtOWYzOS0xODBmMjcwOGIzNjHYAgXgAgE&ucfs=1&arphpl=1&group_adults=2&req_adults=2&no_rooms=1&group_children=0&req_children=0&hpos=11&hapos=11&sr_order=popularity&srpvid=cd7f3437ed7901c2&srepoch=1747812336&from_sustainable_property_sr=1&from=searchresults,48.867536057374856,2.3538925498723984,"Entouré de verdure, le Solly Hôtel Paris est un hôtel de luxe 4 étoiles situé dans le quartier du Marais à Paris, à côté de la place des Arts et Métiers. ",4.0,8.9
790,5,Paris,11.5,4.64,0.98,5.88,Plaza Tour Eiffel,https://www.booking.com/hotel/fr/plazatoureiffel.fr.html?aid=304142&label=gen173nr-1FCAQoggJCDHNlYXJjaF9wYXJpc0gNWARoTYgBAZgBDbgBCsgBBdgBAegBAfgBA4gCAagCA7gC7_-1wQbAAgHSAiRiZmM0MTE0Yi05ZmU1LTQ2MTYtOWYzOS0xODBmMjcwOGIzNjHYAgXgAgE&ucfs=1&arphpl=1&group_adults=2&req_adults=2&no_rooms=1&group_children=0&req_children=0&hpos=8&hapos=8&sr_order=popularity&srpvid=cd7f3437ed7901c2&srepoch=1747812336&from_sustainable_property_sr=1&from=searchresults,48.86444259276404,2.2823768109083176,"Situé dans le 16e arrondissement de Paris, à proximité de la Tour Eiffel, le Plaza Tour Eiffel allie un décor contemporain à des équipements modernes. ",4.0,8.8
791,5,Paris,11.5,4.64,0.98,5.88,Hotel La Villa Saint Germain Des Prés,https://www.booking.com/hotel/fr/lavillasaintgermaindespres.fr.html?aid=304142&label=gen173nr-1FCAQoggJCDHNlYXJjaF9wYXJpc0gNWARoTYgBAZgBDbgBCsgBBdgBAegBAfgBA4gCAagCA7gC7_-1wQbAAgHSAiRiZmM0MTE0Yi05ZmU1LTQ2MTYtOWYzOS0xODBmMjcwOGIzNjHYAgXgAgE&ucfs=1&arphpl=1&group_adults=2&req_adults=2&no_rooms=1&group_children=0&req_children=0&hpos=9&hapos=9&sr_order=popularity&srpvid=cd7f3437ed7901c2&srepoch=1747812336&from=searchresults,48.85540194602825,2.3341186344623566,"Situé à Paris, à moins de 1 km du musée d'Orsay, l'Hotel La Villa Saint Germain Des Prés propose un service de concierge, des chambres non-fumeurs, un bar et une salle de sport. ",5.0,9.5
792,5,Paris,11.5,4.64,0.98,5.88,Hôtel Eugénie,https://www.booking.com/hotel/fr/eugenie.fr.html?aid=304142&label=gen173nr-1FCAQoggJCDHNlYXJjaF9wYXJpc0gNWARoTYgBAZgBDbgBCsgBBdgBAegBAfgBA4gCAagCA7gC7_-1wQbAAgHSAiRiZmM0MTE0Yi05ZmU1LTQ2MTYtOWYzOS0xODBmMjcwOGIzNjHYAgXgAgE&ucfs=1&arphpl=1&group_adults=2&req_adults=2&no_rooms=1&group_children=0&req_children=0&hpos=10&hapos=10&sr_order=popularity&srpvid=cd7f3437ed7901c2&srepoch=1747812336&from=searchresults,48.85328503500078,2.341989576816559,"L'Hôtel Eugénie est situé en plein centre du célèbre Quartier Latin de Paris, entre Saint Michel et Saint-Germain-des-Prés. Les chambres sont climatisées et équipées d'une connexion WiFi gratuite. ",3.0,8.0
793,5,Paris,11.5,4.64,0.98,5.88,Boutik Boheme L'Atelier Père Lachaise,https://www.booking.com/hotel/fr/boutik-boheme-l-atelier-pere-lachaise.fr.html?aid=304142&label=gen173nr-1FCAQoggJCDHNlYXJjaF9wYXJpc0gNWARoTYgBAZgBDbgBCsgBBdgBAegBAfgBA4gCAagCA7gC7_-1wQbAAgHSAiRiZmM0MTE0Yi05ZmU1LTQ2MTYtOWYzOS0xODBmMjcwOGIzNjHYAgXgAgE&ucfs=1&arphpl=1&group_adults=2&req_adults=2&no_rooms=1&group_children=0&req_children=0&hpos=7&hapos=7&sr_order=popularity&srpvid=cd7f3437ed7901c2&srepoch=1747812336&from=searchresults,48.8666892,2.3853923999999997,"L’hébergement Boutik Boheme L'Atelier Père Lachaise se situe à Paris, à respectivement 3,6 km et 3,6 km de ces lieux d’intérêt : Centre Pompidou et Opéra Bastille. ",3.0,8.3
794,5,Paris,11.5,4.64,0.98,5.88,Les Jardins Du Marais,https://www.booking.com/hotel/fr/les-jardins-du-marais.fr.html?aid=304142&label=gen173nr-1FCAQoggJCDHNlYXJjaF9wYXJpc0gNWARoTYgBAZgBDbgBCsgBBdgBAegBAfgBA4gCAagCA7gC7_-1wQbAAgHSAiRiZmM0MTE0Yi05ZmU1LTQ2MTYtOWYzOS0xODBmMjcwOGIzNjHYAgXgAgE&ucfs=1&arphpl=1&group_adults=2&req_adults=2&no_rooms=1&group_children=0&req_children=0&hpos=6&hapos=6&sr_order=popularity&srpvid=cd7f3437ed7901c2&srepoch=1747812336&from=searchresults,48.860490460954196,2.3679788410663605,"Situé à Paris, dans le quartier du Marais, l’hôtel 4 étoiles Les Jardins du Marais propose des chambres et des suites agencées autour d’une cour de 1 500 m². L’établissement dispose d’un bar. ",4.0,8.7
795,5,Paris,11.5,4.64,0.98,5.88,Habitat Parisien - 2BR-2BA - AC - Balcony - Opéra,https://www.booking.com/hotel/fr/quatre-septembre-paris.fr.html?aid=304142&label=gen173nr-1FCAQoggJCDHNlYXJjaF9wYXJpc0gNWARoTYgBAZgBDbgBCsgBBdgBAegBAfgBA4gCAagCA7gC7_-1wQbAAgHSAiRiZmM0MTE0Yi05ZmU1LTQ2MTYtOWYzOS0xODBmMjcwOGIzNjHYAgXgAgE&ucfs=1&arphpl=1&group_adults=2&req_adults=2&no_rooms=1&group_children=0&req_children=0&hpos=5&hapos=5&sr_order=popularity&srpvid=cd7f3437ed7901c2&srepoch=1747812336&from=searchresults,48.8701005,2.3345089,"Situé dans un quartier central de Paris, l’hébergement Habitat Parisien - 2BR-2BA - AC - Balcony - Opéra comprend un balcon offrant une vue sur la ville. ",,8.5
796,5,Paris,11.5,4.64,0.98,5.88,Hôtel Fabric,https://www.booking.com/hotel/fr/ha-tel-fabric.fr.html?aid=304142&label=gen173nr-1FCAQoggJCDHNlYXJjaF9wYXJpc0gNWARoTYgBAZgBDbgBCsgBBdgBAegBAfgBA4gCAagCA7gC7_-1wQbAAgHSAiRiZmM0MTE0Yi05ZmU1LTQ2MTYtOWYzOS0xODBmMjcwOGIzNjHYAgXgAgE&ucfs=1&arphpl=1&group_adults=2&req_adults=2&no_rooms=1&group_children=0&req_children=0&hpos=4&hapos=4&sr_order=popularity&srpvid=cd7f3437ed7901c2&srepoch=1747812336&from=searchresults,48.86310144203856,2.372831853355592,"Located in the 11th district of Paris, Hôtel Fabric is a former textile factory that now functions as a hotel. ",4.0,9.2
797,5,Paris,11.5,4.64,0.98,5.88,Hotel Trianon Rive Gauche,https://www.booking.com/hotel/fr/trianon-rive-gauche.fr.html?aid=304142&label=gen173nr-1FCAQoggJCDHNlYXJjaF9wYXJpc0gNWARoTYgBAZgBDbgBCsgBBdgBAegBAfgBA4gCAagCA7gC7_-1wQbAAgHSAiRiZmM0MTE0Yi05ZmU1LTQ2MTYtOWYzOS0xODBmMjcwOGIzNjHYAgXgAgE&ucfs=1&arphpl=1&group_adults=2&req_adults=2&no_rooms=1&group_children=0&req_children=0&hpos=3&hapos=3&sr_order=popularity&srpvid=cd7f3437ed7901c2&srepoch=1747812336&from_sustainable_property_sr=1&from=searchresults,48.848853262394854,2.3409099876880646,"Doté de chambres décorées avec goût, l’Hotel Trianon Rive Gauche est installé juste à côté du jardin du Luxembourg, à 1,5 km de la cathédrale Notre-Dame. ",4.0,8.2
798,5,Paris,11.5,4.64,0.98,5.88,Select Hotel,https://www.booking.com/hotel/fr/select-paris.fr.html?aid=304142&label=gen173nr-1FCAQoggJCDHNlYXJjaF9wYXJpc0gNWARoTYgBAZgBDbgBCsgBBdgBAegBAfgBA4gCAagCA7gC7_-1wQbAAgHSAiRiZmM0MTE0Yi05ZmU1LTQ2MTYtOWYzOS0xODBmMjcwOGIzNjHYAgXgAgE&ucfs=1&arphpl=1&group_adults=2&req_adults=2&no_rooms=1&group_children=0&req_children=0&hpos=2&hapos=2&sr_order=popularity&srpvid=cd7f3437ed7901c2&srepoch=1747812336&from=searchresults,48.84846716247429,2.3425568640232086,"Le Select Hotel vous accueille au cœur de l'animation du Quartier latin, dans le 5ème arrondissement de Paris. Vous serez à 900 mètres de la cathédrale Notre-Dame. ",4.0,9.0
799,5,Paris,11.5,4.64,0.98,5.88,Hotel La Lanterne & Spa By Timhotel,https://www.booking.com/hotel/fr/la-lanterne-paris.fr.html?aid=304142&label=gen173nr-1FCAQoggJCDHNlYXJjaF9wYXJpc0gNWARoTYgBAZgBDbgBCsgBBdgBAegBAfgBA4gCAagCA7gC7_-1wQbAAgHSAiRiZmM0MTE0Yi05ZmU1LTQ2MTYtOWYzOS0xODBmMjcwOGIzNjHYAgXgAgE&ucfs=1&arphpl=1&group_adults=2&req_adults=2&no_rooms=1&group_children=0&req_children=0&hpos=1&hapos=1&sr_order=popularity&srpvid=cd7f3437ed7901c2&srepoch=1747812336&from=searchresults,48.848956833623035,2.3485690355300903,"Situé dans le 5ème arrondissement de Paris, à 500 mètres de la cathédrale Notre-Dame, l'Hotel La Lanterne & Spa By Timhotel dispose d’une piscine intérieure. ",4.0,8.8
800,0,Mont-Saint-Michel,7.56,0.83,0.98,5.75,"Le Petit Moulin Rouge, B&B, SDB en-suite, parking privé gratuit",https://www.booking.com/hotel/fr/chambre-cosy-king-size-ou-jumeaux-sdb-en-suite-tout-pres-du-mont-saint-beauvoir.fr.html?aid=304142&label=gen173nr-1FCAQoggJCGHNlYXJjaF9tb250IHNhaW50IG1pY2hlbEgNWARoTYgBAZgBDbgBCsgBBdgBAegBAfgBA4gCAagCA7gC7_-1wQbAAgHSAiQxYmQ5NjY0Mi0yMTVjLTQ2MGUtODY4Yy1hMzlhMTdiMjc1MDHYAgXgAgE&ucfs=1&arphpl=1&group_adults=2&req_adults=2&no_rooms=1&group_children=0&req_children=0&hpos=25&hapos=25&sr_order=popularity&srpvid=4e6f3437b77818d8&srepoch=1747812336&from=searchresults,48.5963383,-1.5055117,"Situé à Beauvoir, l’établissement Le Petit Moulin Rouge, B&B, SDB en-suite, parking privé gratuit possède une connexion Wi-Fi gratuite, un jardin, un salon commun et une terrasse. ",,9.5
801,0,Mont-Saint-Michel,7.56,0.83,0.98,5.75,Maison au pied du Mont Saint Michel 2,https://www.booking.com/hotel/fr/maison-au-pied-du-mont-saint-michel-2.fr.html?aid=304142&label=gen173nr-1FCAQoggJCGHNlYXJjaF9tb250IHNhaW50IG1pY2hlbEgNWARoTYgBAZgBDbgBCsgBBdgBAegBAfgBA4gCAagCA7gC7_-1wQbAAgHSAiQxYmQ5NjY0Mi0yMTVjLTQ2MGUtODY4Yy1hMzlhMTdiMjc1MDHYAgXgAgE&ucfs=1&arphpl=1&group_adults=2&req_adults=2&no_rooms=1&group_children=0&req_children=0&hpos=24&hapos=24&sr_order=popularity&srpvid=4e6f3437b77818d8&srepoch=1747812336&from=searchresults,48.6156117,-1.4885121,"Offrant une vue sur le jardin, l’hébergement Maison au pied du Mont Saint Michel 2 possède un jardin, une terrasse et un barbecue, à environ 8,3 km de ce lieu d’intérêt : Abbaye du Mont Saint Michel. ",,9.3
802,0,Mont-Saint-Michel,7.56,0.83,0.98,5.75,Roulotte au pied du Mont Saint Michel,https://www.booking.com/hotel/fr/roulotte-au-pied-du-mont-saint-michel.fr.html?aid=304142&label=gen173nr-1FCAQoggJCGHNlYXJjaF9tb250IHNhaW50IG1pY2hlbEgNWARoTYgBAZgBDbgBCsgBBdgBAegBAfgBA4gCAagCA7gC7_-1wQbAAgHSAiQxYmQ5NjY0Mi0yMTVjLTQ2MGUtODY4Yy1hMzlhMTdiMjc1MDHYAgXgAgE&ucfs=1&arphpl=1&group_adults=2&req_adults=2&no_rooms=1&group_children=0&req_children=0&hpos=23&hapos=23&sr_order=popularity&srpvid=4e6f3437b77818d8&srepoch=1747812336&from=searchresults,48.613969646033,-1.486292458336,"L’hébergement Roulotte au pied du Mont Saint Michel vous accueille à Pontorson, à respectivement 8,6 km et 21 km de ces lieux d’intérêt : Mont Saint-Michel et Scriptorial d'Avranches. ",,9.5
803,0,Mont-Saint-Michel,7.56,0.83,0.98,5.75,Auberge de la Baie,https://www.booking.com/hotel/fr/auberge-de-la-baie.fr.html?aid=304142&label=gen173nr-1FCAQoggJCGHNlYXJjaF9tb250IHNhaW50IG1pY2hlbEgNWARoTYgBAZgBDbgBCsgBBdgBAegBAfgBA4gCAagCA7gC7_-1wQbAAgHSAiQxYmQ5NjY0Mi0yMTVjLTQ2MGUtODY4Yy1hMzlhMTdiMjc1MDHYAgXgAgE&ucfs=1&arphpl=1&group_adults=2&req_adults=2&no_rooms=1&group_children=0&req_children=0&hpos=22&hapos=22&sr_order=popularity&srpvid=4e6f3437b77818d8&srepoch=1747812336&from=searchresults,48.61599317655586,-1.4882531762123108,"Situé dans la campagne normande, cet hôtel dispose d’une connexion Wi-Fi gratuite. ",2.0,8.3
804,0,Mont-Saint-Michel,7.56,0.83,0.98,5.75,Les Pres-Salés,https://www.booking.com/hotel/fr/les-pra-s-sala-s.fr.html?aid=304142&label=gen173nr-1FCAQoggJCGHNlYXJjaF9tb250IHNhaW50IG1pY2hlbEgNWARoTYgBAZgBDbgBCsgBBdgBAegBAfgBA4gCAagCA7gC7_-1wQbAAgHSAiQxYmQ5NjY0Mi0yMTVjLTQ2MGUtODY4Yy1hMzlhMTdiMjc1MDHYAgXgAgE&ucfs=1&arphpl=1&group_adults=2&req_adults=2&no_rooms=1&group_children=0&req_children=0&hpos=21&hapos=21&sr_order=popularity&srpvid=4e6f3437b77818d8&srepoch=1747812336&from=searchresults,48.62422199651231,-1.4457803964614868,"L’établissement Les Pres-Salés vous accueille à Courtils (Basse-Normandie), à 12 km de ce lieu d’intérêt : Abbaye du Mont Saint Michel. ",,8.9
805,0,Mont-Saint-Michel,7.56,0.83,0.98,5.75,Mon Saint Michel,https://www.booking.com/hotel/fr/mon-saint-michel.fr.html?aid=304142&label=gen173nr-1FCAQoggJCGHNlYXJjaF9tb250IHNhaW50IG1pY2hlbEgNWARoTYgBAZgBDbgBCsgBBdgBAegBAfgBA4gCAagCA7gC7_-1wQbAAgHSAiQxYmQ5NjY0Mi0yMTVjLTQ2MGUtODY4Yy1hMzlhMTdiMjc1MDHYAgXgAgE&ucfs=1&arphpl=1&group_adults=2&req_adults=2&no_rooms=1&group_children=0&req_children=0&hpos=19&hapos=19&sr_order=popularity&srpvid=4e6f3437b77818d8&srepoch=1747812336&from=searchresults,48.613627,-1.485791,"Offrant une vue sur le jardin, l’établissement Mon Saint Michel possède une connexion Wi-Fi gratuite et un parking privé gratuit. ",,8.8
806,0,Mont-Saint-Michel,7.56,0.83,0.98,5.75,A l ombre du Mont Saint Michel,https://www.booking.com/hotel/fr/a-l-ombre-du-mont-saint-michel.fr.html?aid=304142&label=gen173nr-1FCAQoggJCGHNlYXJjaF9tb250IHNhaW50IG1pY2hlbEgNWARoTYgBAZgBDbgBCsgBBdgBAegBAfgBA4gCAagCA7gC7_-1wQbAAgHSAiQxYmQ5NjY0Mi0yMTVjLTQ2MGUtODY4Yy1hMzlhMTdiMjc1MDHYAgXgAgE&ucfs=1&arphpl=1&group_adults=2&req_adults=2&no_rooms=1&group_children=0&req_children=0&hpos=16&hapos=16&sr_order=popularity&srpvid=4e6f3437b77818d8&srepoch=1747812336&from=searchresults,48.6156258,-1.4651207,"Situé à Huisnes-sur-Mer, l’établissement A l ombre du Mont Saint Michel possède une connexion Wi-Fi gratuite, un jardin, un salon commun et une terrasse. ",,9.5
807,0,Mont-Saint-Michel,7.56,0.83,0.98,5.75,La Jacotière,https://www.booking.com/hotel/fr/la-jacotia-re.fr.html?aid=304142&label=gen173nr-1FCAQoggJCGHNlYXJjaF9tb250IHNhaW50IG1pY2hlbEgNWARoTYgBAZgBDbgBCsgBBdgBAegBAfgBA4gCAagCA7gC7_-1wQbAAgHSAiQxYmQ5NjY0Mi0yMTVjLTQ2MGUtODY4Yy1hMzlhMTdiMjc1MDHYAgXgAgE&ucfs=1&arphpl=1&group_adults=2&req_adults=2&no_rooms=1&group_children=0&req_children=0&hpos=18&hapos=18&sr_order=popularity&srpvid=4e6f3437b77818d8&srepoch=1747812336&from=searchresults,48.61411436123917,-1.5043142437934875,"Implantée à Ardevon, la maison d'hôtes La Jacotière occupe une ancienne ferme rénovée pourvue d'un jardin et d'une terrasse meublée donnant sur le Mont-Saint-Michel, situé à seulement 3 km. ",,9.2
808,0,Mont-Saint-Michel,7.56,0.83,0.98,5.75,Gîte La Mouette de 4 personnes,https://www.booking.com/hotel/fr/gite-la-mouette-de-4-personnes.fr.html?aid=304142&label=gen173nr-1FCAQoggJCGHNlYXJjaF9tb250IHNhaW50IG1pY2hlbEgNWARoTYgBAZgBDbgBCsgBBdgBAegBAfgBA4gCAagCA7gC7_-1wQbAAgHSAiQxYmQ5NjY0Mi0yMTVjLTQ2MGUtODY4Yy1hMzlhMTdiMjc1MDHYAgXgAgE&ucfs=1&arphpl=1&group_adults=2&req_adults=2&no_rooms=1&group_children=0&req_children=0&hpos=20&hapos=20&sr_order=popularity&srpvid=4e6f3437b77818d8&srepoch=1747812336&from=searchresults,48.615795851658,-1.488698244809,Hébergement géré par un particulier,,9.3
809,0,Mont-Saint-Michel,7.56,0.83,0.98,5.75,Vent des Grèves,https://www.booking.com/hotel/fr/vent-des-greves-pontorson.fr.html?aid=304142&label=gen173nr-1FCAQoggJCGHNlYXJjaF9tb250IHNhaW50IG1pY2hlbEgNWARoTYgBAZgBDbgBCsgBBdgBAegBAfgBA4gCAagCA7gC7_-1wQbAAgHSAiQxYmQ5NjY0Mi0yMTVjLTQ2MGUtODY4Yy1hMzlhMTdiMjc1MDHYAgXgAgE&ucfs=1&arphpl=1&group_adults=2&req_adults=2&no_rooms=1&group_children=0&req_children=0&hpos=15&hapos=15&sr_order=popularity&srpvid=4e6f3437b77818d8&srepoch=1747812336&from=searchresults,48.615403,-1.49144,"Offrant une vue sur le jardin, l’établissement Vent des Grèves comprend une connexion Wi-Fi gratuite et un parking privé gratuit. ",,9.1
810,0,Mont-Saint-Michel,7.56,0.83,0.98,5.75,Etoile des Grèves,https://www.booking.com/hotel/fr/etoile-des-greves.fr.html?aid=304142&label=gen173nr-1FCAQoggJCGHNlYXJjaF9tb250IHNhaW50IG1pY2hlbEgNWARoTYgBAZgBDbgBCsgBBdgBAegBAfgBA4gCAagCA7gC7_-1wQbAAgHSAiQxYmQ5NjY0Mi0yMTVjLTQ2MGUtODY4Yy1hMzlhMTdiMjc1MDHYAgXgAgE&ucfs=1&arphpl=1&group_adults=2&req_adults=2&no_rooms=1&group_children=0&req_children=0&hpos=14&hapos=14&sr_order=popularity&srpvid=4e6f3437b77818d8&srepoch=1747812336&from=searchresults,48.615509,-1.491524,"L’établissement Etoile des Grèves vous accueille à 8,2 km de ce lieu d’intérêt : Abbaye du Mont Saint Michel. Il comprend une connexion Wi-Fi gratuite et un parking privé gratuit. ",,9.4
811,0,Mont-Saint-Michel,7.56,0.83,0.98,5.75,Le Marquis De La Guintre,https://www.booking.com/hotel/fr/le-marquis-de-la-guintre.fr.html?aid=304142&label=gen173nr-1FCAQoggJCGHNlYXJjaF9tb250IHNhaW50IG1pY2hlbEgNWARoTYgBAZgBDbgBCsgBBdgBAegBAfgBA4gCAagCA7gC7_-1wQbAAgHSAiQxYmQ5NjY0Mi0yMTVjLTQ2MGUtODY4Yy1hMzlhMTdiMjc1MDHYAgXgAgE&ucfs=1&arphpl=1&group_adults=2&req_adults=2&no_rooms=1&group_children=0&req_children=0&hpos=17&hapos=17&sr_order=popularity&srpvid=4e6f3437b77818d8&srepoch=1747812336&from=searchresults,48.6248647057706,-1.44534185528755,"Situé à Courtils, l’établissement Le Marquis De La Guintre propose une connexion Wi-Fi gratuite, une terrasse, un restaurant et un bar. Un petit-déjeuner continental est servi sur place. ",,8.8
812,0,Mont-Saint-Michel,7.56,0.83,0.98,5.75,Hôtel la Croix Blanche,https://www.booking.com/hotel/fr/ha-el-la-croix-blanche.fr.html?aid=304142&label=gen173nr-1FCAQoggJCGHNlYXJjaF9tb250IHNhaW50IG1pY2hlbEgNWARoTYgBAZgBDbgBCsgBBdgBAegBAfgBA4gCAagCA7gC7_-1wQbAAgHSAiQxYmQ5NjY0Mi0yMTVjLTQ2MGUtODY4Yy1hMzlhMTdiMjc1MDHYAgXgAgE&ucfs=1&arphpl=1&group_adults=2&req_adults=2&no_rooms=1&group_children=0&req_children=0&hpos=13&hapos=13&sr_order=popularity&srpvid=4e6f3437b77818d8&srepoch=1747812336&from=searchresults,48.635734064271254,-1.5098610520362854,"Situé au cœur du village médiéval du Mont-Saint-Michel, l'Hôtel La Croix Blanche se fera un plaisir de vous accueillir. ",3.0,7.9
813,0,Mont-Saint-Michel,7.56,0.83,0.98,5.75,Hotel Gabriel,https://www.booking.com/hotel/fr/hotel-gabriel.fr.html?aid=304142&label=gen173nr-1FCAQoggJCGHNlYXJjaF9tb250IHNhaW50IG1pY2hlbEgNWARoTYgBAZgBDbgBCsgBBdgBAegBAfgBA4gCAagCA7gC7_-1wQbAAgHSAiQxYmQ5NjY0Mi0yMTVjLTQ2MGUtODY4Yy1hMzlhMTdiMjc1MDHYAgXgAgE&ucfs=1&arphpl=1&group_adults=2&req_adults=2&no_rooms=1&group_children=0&req_children=0&hpos=12&hapos=12&sr_order=popularity&srpvid=4e6f3437b77818d8&srepoch=1747812336&from=searchresults,48.61538141368341,-1.510709971189499,Hotel Gabriel is located 1.6 Km from Mont Saint-Michel. It offers free Wi-Fi access and en suite rooms just a 25-minute walk from the walls of the old city. ,3.0,8.3
814,0,Mont-Saint-Michel,7.56,0.83,0.98,5.75,Chez Adèle,https://www.booking.com/hotel/fr/chez-adele-le-mont-saint-michel.fr.html?aid=304142&label=gen173nr-1FCAQoggJCGHNlYXJjaF9tb250IHNhaW50IG1pY2hlbEgNWARoTYgBAZgBDbgBCsgBBdgBAegBAfgBA4gCAagCA7gC7_-1wQbAAgHSAiQxYmQ5NjY0Mi0yMTVjLTQ2MGUtODY4Yy1hMzlhMTdiMjc1MDHYAgXgAgE&ucfs=1&arphpl=1&group_adults=2&req_adults=2&no_rooms=1&group_children=0&req_children=0&hpos=11&hapos=11&sr_order=popularity&srpvid=4e6f3437b77818d8&srepoch=1747812336&from=searchresults,48.636165894011,-1.5104757792319998,"L’hébergement Chez Adèle se trouve au Mont-Saint-Michel, à respectivement quelques pas, 200 mètres et 29 km de ces lieux d’intérêt : Abbaye du Mont Saint Michel, Mont Saint-Michel et Scriptorial...",,7.6
815,0,Mont-Saint-Michel,7.56,0.83,0.98,5.75,Le Saint Aubert,https://www.booking.com/hotel/fr/hotel-saint-aubert.fr.html?aid=304142&label=gen173nr-1FCAQoggJCGHNlYXJjaF9tb250IHNhaW50IG1pY2hlbEgNWARoTYgBAZgBDbgBCsgBBdgBAegBAfgBA4gCAagCA7gC7_-1wQbAAgHSAiQxYmQ5NjY0Mi0yMTVjLTQ2MGUtODY4Yy1hMzlhMTdiMjc1MDHYAgXgAgE&ucfs=1&arphpl=1&group_adults=2&req_adults=2&no_rooms=1&group_children=0&req_children=0&hpos=8&hapos=8&sr_order=popularity&srpvid=4e6f3437b77818d8&srepoch=1747812336&from=searchresults,48.612937834706464,-1.5101051330566406,"Niché dans un écrin de verdure, à seulement 2 km du Mont-Saint-Michel, Le Saint Aubert vous accueille dans un cadre chaleureux et convivial. ",3.0,7.7
816,0,Mont-Saint-Michel,7.56,0.83,0.98,5.75,Le Relais Du Roy,https://www.booking.com/hotel/fr/le-relais-du-roy.fr.html?aid=304142&label=gen173nr-1FCAQoggJCGHNlYXJjaF9tb250IHNhaW50IG1pY2hlbEgNWARoTYgBAZgBDbgBCsgBBdgBAegBAfgBA4gCAagCA7gC7_-1wQbAAgHSAiQxYmQ5NjY0Mi0yMTVjLTQ2MGUtODY4Yy1hMzlhMTdiMjc1MDHYAgXgAgE&ucfs=1&arphpl=1&group_adults=2&req_adults=2&no_rooms=1&group_children=0&req_children=0&hpos=6&hapos=6&sr_order=popularity&srpvid=4e6f3437b77818d8&srepoch=1747812336&from=searchresults,48.61626270451236,-1.510905772447586,"Le Relais Du Roy est un hôtel 3 étoiles situé au bord du Couesnon, à seulement 1,5 km du Mont Saint-Michel et à 50 mètres de la navette gratuite. ",3.0,8.3
817,0,Mont-Saint-Michel,7.56,0.83,0.98,5.75,Le Mouton Blanc,https://www.booking.com/hotel/fr/le-mouton-blanc-le-mont-saint-michel.fr.html?aid=304142&label=gen173nr-1FCAQoggJCGHNlYXJjaF9tb250IHNhaW50IG1pY2hlbEgNWARoTYgBAZgBDbgBCsgBBdgBAegBAfgBA4gCAagCA7gC7_-1wQbAAgHSAiQxYmQ5NjY0Mi0yMTVjLTQ2MGUtODY4Yy1hMzlhMTdiMjc1MDHYAgXgAgE&ucfs=1&arphpl=1&group_adults=2&req_adults=2&no_rooms=1&group_children=0&req_children=0&hpos=10&hapos=10&sr_order=popularity&srpvid=4e6f3437b77818d8&srepoch=1747812336&from=searchresults,48.636022984447116,-1.509895920753479,"Situé au pied de l’abbaye, l’hôtel Le Mouton Blanc vous accueille dans son bâtiment historique datant du XIVe siècle. Il propose des chambres confortables à la décoration simple et chaleureuse. ",3.0,7.2
818,0,Mont-Saint-Michel,7.56,0.83,0.98,5.75,Les Terrasses Poulard,https://www.booking.com/hotel/fr/les-terrasses-poulard.fr.html?aid=304142&label=gen173nr-1FCAQoggJCGHNlYXJjaF9tb250IHNhaW50IG1pY2hlbEgNWARoTYgBAZgBDbgBCsgBBdgBAegBAfgBA4gCAagCA7gC7_-1wQbAAgHSAiQxYmQ5NjY0Mi0yMTVjLTQ2MGUtODY4Yy1hMzlhMTdiMjc1MDHYAgXgAgE&ucfs=1&arphpl=1&group_adults=2&req_adults=2&no_rooms=1&group_children=0&req_children=0&hpos=9&hapos=9&sr_order=popularity&srpvid=4e6f3437b77818d8&srepoch=1747812336&from=searchresults,48.63534942564122,-1.5103787183761597,"Occupant 2 bâtiments différents au cœur du Mont-Saint-Michel, l’établissement historique Les Terrasses Poulard propose des hébergements avec une vue sur la baie, le village et la rue. ",3.0,7.3
819,0,Mont-Saint-Michel,7.56,0.83,0.98,5.75,La Vieille Auberge,https://www.booking.com/hotel/fr/la-vieille-auberge-le-mont-saint-michel.fr.html?aid=304142&label=gen173nr-1FCAQoggJCGHNlYXJjaF9tb250IHNhaW50IG1pY2hlbEgNWARoTYgBAZgBDbgBCsgBBdgBAegBAfgBA4gCAagCA7gC7_-1wQbAAgHSAiQxYmQ5NjY0Mi0yMTVjLTQ2MGUtODY4Yy1hMzlhMTdiMjc1MDHYAgXgAgE&ucfs=1&arphpl=1&group_adults=2&req_adults=2&no_rooms=1&group_children=0&req_children=0&hpos=4&hapos=4&sr_order=popularity&srpvid=4e6f3437b77818d8&srepoch=1747812336&from=searchresults,48.636063,-1.511457,"La Vieille Auberge vous accueille dans le village médiéval du Mont-Saint-Michel, à quelques pas de la célèbre abbaye. ",2.0,7.5
820,0,Mont-Saint-Michel,7.56,0.83,0.98,5.75,La Mère Poulard,https://www.booking.com/hotel/fr/la-mere-poulard.fr.html?aid=304142&label=gen173nr-1FCAQoggJCGHNlYXJjaF9tb250IHNhaW50IG1pY2hlbEgNWARoTYgBAZgBDbgBCsgBBdgBAegBAfgBA4gCAagCA7gC7_-1wQbAAgHSAiQxYmQ5NjY0Mi0yMTVjLTQ2MGUtODY4Yy1hMzlhMTdiMjc1MDHYAgXgAgE&ucfs=1&arphpl=1&group_adults=2&req_adults=2&no_rooms=1&group_children=0&req_children=0&hpos=5&hapos=5&sr_order=popularity&srpvid=4e6f3437b77818d8&srepoch=1747812336&from=searchresults,48.63508531723403,-1.5105396509170532,"Séjournez dans un hôtel historique au cœur du Mont Saint-Michel. L'Hôtel La Mère Poulard, situé au cœur du Mont Saint-Michel, a conservé le charme authentique des auberges traditionnelles d'autrefois....",3.0,7.6
821,0,Mont-Saint-Michel,7.56,0.83,0.98,5.75,Auberge Saint Pierre,https://www.booking.com/hotel/fr/auberge-saint-pierre.fr.html?aid=304142&label=gen173nr-1FCAQoggJCGHNlYXJjaF9tb250IHNhaW50IG1pY2hlbEgNWARoTYgBAZgBDbgBCsgBBdgBAegBAfgBA4gCAagCA7gC7_-1wQbAAgHSAiQxYmQ5NjY0Mi0yMTVjLTQ2MGUtODY4Yy1hMzlhMTdiMjc1MDHYAgXgAgE&ucfs=1&arphpl=1&group_adults=2&req_adults=2&no_rooms=1&group_children=0&req_children=0&hpos=7&hapos=7&sr_order=popularity&srpvid=4e6f3437b77818d8&srepoch=1747812336&from=searchresults,48.63568797869143,-1.5098825097084045,"Située sur le Mont-Saint-Michel, l'Auberge Saint Pierre est composée de petits bâtiments à colombages datant du XIVe siècle. ",3.0,8.3
822,0,Mont-Saint-Michel,7.56,0.83,0.98,5.75,Mercure Mont Saint Michel,https://www.booking.com/hotel/fr/mont-saint-michel.fr.html?aid=304142&label=gen173nr-1FCAQoggJCGHNlYXJjaF9tb250IHNhaW50IG1pY2hlbEgNWARoTYgBAZgBDbgBCsgBBdgBAegBAfgBA4gCAagCA7gC7_-1wQbAAgHSAiQxYmQ5NjY0Mi0yMTVjLTQ2MGUtODY4Yy1hMzlhMTdiMjc1MDHYAgXgAgE&ucfs=1&arphpl=1&group_adults=2&req_adults=2&no_rooms=1&group_children=0&req_children=0&hpos=3&hapos=3&sr_order=popularity&srpvid=4e6f3437b77818d8&srepoch=1747812336&from=searchresults,48.61424652959294,-1.510545015335083,"Installé dans des espaces verts à seulement 2 km de l'abbaye du Mont-Saint-Michel, le Mercure Mont Saint Michel propose des chambres spacieuses avec salle de bains privative, un bar-restaurant et de...",4.0,8.3
823,0,Mont-Saint-Michel,7.56,0.83,0.98,5.75,Le Relais Saint Michel,https://www.booking.com/hotel/fr/le-relais-saint-michel.fr.html?aid=304142&label=gen173nr-1FCAQoggJCGHNlYXJjaF9tb250IHNhaW50IG1pY2hlbEgNWARoTYgBAZgBDbgBCsgBBdgBAegBAfgBA4gCAagCA7gC7_-1wQbAAgHSAiQxYmQ5NjY0Mi0yMTVjLTQ2MGUtODY4Yy1hMzlhMTdiMjc1MDHYAgXgAgE&ucfs=1&arphpl=1&group_adults=2&req_adults=2&no_rooms=1&group_children=0&req_children=0&hpos=2&hapos=2&sr_order=popularity&srpvid=4e6f3437b77818d8&srepoch=1747812336&from=searchresults,48.6175872716489,-1.51039615273476,Le Relais Saint Michel vous accueille face à la baie du Mont-Saint-Michel. ,4.0,8.3
824,0,Mont-Saint-Michel,7.56,0.83,0.98,5.75,Hôtel Vert,https://www.booking.com/hotel/fr/vert.fr.html?aid=304142&label=gen173nr-1FCAQoggJCGHNlYXJjaF9tb250IHNhaW50IG1pY2hlbEgNWARoTYgBAZgBDbgBCsgBBdgBAegBAfgBA4gCAagCA7gC7_-1wQbAAgHSAiQxYmQ5NjY0Mi0yMTVjLTQ2MGUtODY4Yy1hMzlhMTdiMjc1MDHYAgXgAgE&ucfs=1&arphpl=1&group_adults=2&req_adults=2&no_rooms=1&group_children=0&req_children=0&hpos=1&hapos=1&sr_order=popularity&srpvid=4e6f3437b77818d8&srepoch=1747812336&from=searchresults,48.61470048629041,-1.5096169710159302,"L’Hotel Vert vous propose des chambres décorées dans des tons pastel, dotées d’une salle de bains privative, d’une télévision ainsi que d’une connexion Wi-Fi gratuite. ",2.0,8.1
825,3,Le Havre,11.3,4.73,0.98,5.59,Rue Dauphine - Appartement 3 pièces,https://www.booking.com/hotel/fr/rue-dauphine-appartement-3-pieces.fr.html?aid=304142&label=gen173nr-1FCAQoggJCD3NlYXJjaF9sZSBoYXZyZUgNWARoTYgBAZgBDbgBCsgBBdgBAegBAfgBA4gCAagCA7gC7_-1wQbAAgHSAiRkNTk3MGFjNS03MGRhLTQzMjgtODM2OC1mNzhhN2E3N2RiZGTYAgXgAgE&ucfs=1&arphpl=1&group_adults=2&req_adults=2&no_rooms=1&group_children=0&req_children=0&hpos=25&hapos=25&sr_order=popularity&srpvid=67c434374b0402a3&srepoch=1747812336&from=searchresults,49.4882315,0.11376689999999999,"L’hébergement Rue Dauphine - Appartement 3 pièces vous accueille au Havre, à respectivement 1,9 km et 600 mètres de ces lieux d’intérêt : Plage du Havre et Le Volcan. Il possède un balcon. ",,5.0
826,3,Le Havre,11.3,4.73,0.98,5.59,Nomad Hotel le Havre Centre Gare,https://www.booking.com/hotel/fr/nomad-le-havre.fr.html?aid=304142&label=gen173nr-1FCAQoggJCD3NlYXJjaF9sZSBoYXZyZUgNWARoTYgBAZgBDbgBCsgBBdgBAegBAfgBA4gCAagCA7gC7_-1wQbAAgHSAiRkNTk3MGFjNS03MGRhLTQzMjgtODM2OC1mNzhhN2E3N2RiZGTYAgXgAgE&ucfs=1&arphpl=1&group_adults=2&req_adults=2&no_rooms=1&group_children=0&req_children=0&hpos=23&hapos=23&sr_order=popularity&srpvid=67c434374b0402a3&srepoch=1747812336&from=searchresults,49.49331760456112,0.12530688339768403,"Le Nomad Hotel le Havre Centre Gare propose des chambres climatisées, dotées d'une connexion Wi-Fi gratuite et décorées dans un style moderne. ",3.0,8.5
827,3,Le Havre,11.3,4.73,0.98,5.59,L'Escale Appartements et Suites en bord de Mer,https://www.booking.com/hotel/fr/meuble-tourisme-le-havre.fr.html?aid=304142&label=gen173nr-1FCAQoggJCD3NlYXJjaF9sZSBoYXZyZUgNWARoTYgBAZgBDbgBCsgBBdgBAegBAfgBA4gCAagCA7gC7_-1wQbAAgHSAiRkNTk3MGFjNS03MGRhLTQzMjgtODM2OC1mNzhhN2E3N2RiZGTYAgXgAgE&ucfs=1&arphpl=1&group_adults=2&req_adults=2&no_rooms=1&group_children=0&req_children=0&hpos=24&hapos=24&sr_order=popularity&srpvid=67c434374b0402a3&srepoch=1747812336&from=searchresults,49.490069,0.105589,"L’établissement L'Escale Appartements et Suites en bord de Mer se trouve au Havre, à respectivement 1,1 km et quelques pas de ces lieux d’intérêt : Plage du Havre et Le Volcan. ",,8.3
828,3,Le Havre,11.3,4.73,0.98,5.59,Hôtel Spa Vent d'Ouest,https://www.booking.com/hotel/fr/vent-d-ouest-le-havre.fr.html?aid=304142&label=gen173nr-1FCAQoggJCD3NlYXJjaF9sZSBoYXZyZUgNWARoTYgBAZgBDbgBCsgBBdgBAegBAfgBA4gCAagCA7gC7_-1wQbAAgHSAiRkNTk3MGFjNS03MGRhLTQzMjgtODM2OC1mNzhhN2E3N2RiZGTYAgXgAgE&ucfs=1&arphpl=1&group_adults=2&req_adults=2&no_rooms=1&group_children=0&req_children=0&hpos=22&hapos=22&sr_order=popularity&srpvid=67c434374b0402a3&srepoch=1747812336&from=searchresults,49.49141927977486,0.10070756077766418,"L’Hôtel Spa Vent d’Ouest se situe au Havre, à seulement 550 mètres de la plage et à 5 minutes de route du terminal ferry. ",4.0,8.5
829,3,Le Havre,11.3,4.73,0.98,5.59,Appartement 3 chambres Coty,https://www.booking.com/hotel/fr/appartement-3-chambres-coty.fr.html?aid=304142&label=gen173nr-1FCAQoggJCD3NlYXJjaF9sZSBoYXZyZUgNWARoTYgBAZgBDbgBCsgBBdgBAegBAfgBA4gCAagCA7gC7_-1wQbAAgHSAiRkNTk3MGFjNS03MGRhLTQzMjgtODM2OC1mNzhhN2E3N2RiZGTYAgXgAgE&ucfs=1&arphpl=1&group_adults=2&req_adults=2&no_rooms=1&group_children=0&req_children=0&hpos=19&hapos=19&sr_order=popularity&srpvid=67c434374b0402a3&srepoch=1747812336&from=searchresults,49.4977321,0.1086118,"L’hébergement Appartement 3 chambres Coty se trouve au Havre, à respectivement 1,5 km, 200 mètres et 800 mètres de ces lieux d’intérêt : Plage du Havre, Église Saint-Michel et Appartement témoin...",,7.7
830,3,Le Havre,11.3,4.73,0.98,5.59,Les 4 Saisons - Magnifique Vue - Volcan Niemeyer et Bassin,https://www.booking.com/hotel/fr/the-four-seasons-panoramic-view.fr.html?aid=304142&label=gen173nr-1FCAQoggJCD3NlYXJjaF9sZSBoYXZyZUgNWARoTYgBAZgBDbgBCsgBBdgBAegBAfgBA4gCAagCA7gC7_-1wQbAAgHSAiRkNTk3MGFjNS03MGRhLTQzMjgtODM2OC1mNzhhN2E3N2RiZGTYAgXgAgE&ucfs=1&arphpl=1&group_adults=2&req_adults=2&no_rooms=1&group_children=0&req_children=0&hpos=21&hapos=21&sr_order=popularity&srpvid=67c434374b0402a3&srepoch=1747812336&from=searchresults,49.4896865,0.1081326,Hébergement géré par un particulier,,8.6
831,3,Le Havre,11.3,4.73,0.98,5.59,Ibis Budget Le Havre Les Docks,https://www.booking.com/hotel/fr/ibis-budget-le-havre-centre.fr.html?aid=304142&label=gen173nr-1FCAQoggJCD3NlYXJjaF9sZSBoYXZyZUgNWARoTYgBAZgBDbgBCsgBBdgBAegBAfgBA4gCAagCA7gC7_-1wQbAAgHSAiRkNTk3MGFjNS03MGRhLTQzMjgtODM2OC1mNzhhN2E3N2RiZGTYAgXgAgE&ucfs=1&arphpl=1&group_adults=2&req_adults=2&no_rooms=1&group_children=0&req_children=0&hpos=20&hapos=20&sr_order=popularity&srpvid=67c434374b0402a3&srepoch=1747812336&from=searchresults,49.49424468286882,0.14285242609787474,"L'Ibis Budget Le Havre Les Docks est situé au Havre, à 4,4 km de la salle de spectacles Le Volcan. ",2.0,8.4
832,3,Le Havre,11.3,4.73,0.98,5.59,Villa Raphaëlle #2 Centre ville avec parking,https://www.booking.com/hotel/fr/villa-raphaelle-le-havre1.fr.html?aid=304142&label=gen173nr-1FCAQoggJCD3NlYXJjaF9sZSBoYXZyZUgNWARoTYgBAZgBDbgBCsgBBdgBAegBAfgBA4gCAagCA7gC7_-1wQbAAgHSAiRkNTk3MGFjNS03MGRhLTQzMjgtODM2OC1mNzhhN2E3N2RiZGTYAgXgAgE&ucfs=1&arphpl=1&group_adults=2&req_adults=2&no_rooms=1&group_children=0&req_children=0&hpos=17&hapos=17&sr_order=popularity&srpvid=67c434374b0402a3&srepoch=1747812336&from=searchresults,49.4972771,0.1230355,"L’établissement Villa Raphaëlle #2 Centre ville avec parking se trouve à 2,5 km de ce lieu d’intérêt : Plage du Havre. ",,9.1
833,3,Le Havre,11.3,4.73,0.98,5.59,Au coin du Volcan - Hypercentre,https://www.booking.com/hotel/fr/au-coin-du-volcan-hypercentre.fr.html?aid=304142&label=gen173nr-1FCAQoggJCD3NlYXJjaF9sZSBoYXZyZUgNWARoTYgBAZgBDbgBCsgBBdgBAegBAfgBA4gCAagCA7gC7_-1wQbAAgHSAiRkNTk3MGFjNS03MGRhLTQzMjgtODM2OC1mNzhhN2E3N2RiZGTYAgXgAgE&ucfs=1&arphpl=1&group_adults=2&req_adults=2&no_rooms=1&group_children=0&req_children=0&hpos=18&hapos=18&sr_order=popularity&srpvid=67c434374b0402a3&srepoch=1747812336&from=searchresults,49.4893559,0.10670879999999999,Hébergement géré par un particulier,,8.1
834,3,Le Havre,11.3,4.73,0.98,5.59,Hôtel Carmin,https://www.booking.com/hotel/fr/carmin.fr.html?aid=304142&label=gen173nr-1FCAQoggJCD3NlYXJjaF9sZSBoYXZyZUgNWARoTYgBAZgBDbgBCsgBBdgBAegBAfgBA4gCAagCA7gC7_-1wQbAAgHSAiRkNTk3MGFjNS03MGRhLTQzMjgtODM2OC1mNzhhN2E3N2RiZGTYAgXgAgE&ucfs=1&arphpl=1&group_adults=2&req_adults=2&no_rooms=1&group_children=0&req_children=0&hpos=14&hapos=14&sr_order=popularity&srpvid=67c434374b0402a3&srepoch=1747812336&from=searchresults,49.49493852015591,0.10553956031799316,"L'Hôtel Carmin est situé dans le centre-ville du Havre, à 700 mètres de la plage HAVRE. Il propose des chambres avec salle de bains privative et connexion Wi-Fi gratuite. ",3.0,8.2
835,3,Le Havre,11.3,4.73,0.98,5.59,The People Le Havre,https://www.booking.com/hotel/fr/residence-la-fregate.fr.html?aid=304142&label=gen173nr-1FCAQoggJCD3NlYXJjaF9sZSBoYXZyZUgNWARoTYgBAZgBDbgBCsgBBdgBAegBAfgBA4gCAagCA7gC7_-1wQbAAgHSAiRkNTk3MGFjNS03MGRhLTQzMjgtODM2OC1mNzhhN2E3N2RiZGTYAgXgAgE&ucfs=1&arphpl=1&group_adults=2&req_adults=2&no_rooms=1&group_children=0&req_children=0&hpos=16&hapos=16&sr_order=popularity&srpvid=67c434374b0402a3&srepoch=1747812336&from_sustainable_property_sr=1&from=searchresults,49.4934219676408,0.13021990656852722,"Bienvenue à l’établissement The People Le Havre ! Vous pourrez vous y retrouver, dormir, prendre un verre et même travailler au cœur de la ville la plus artistique de Normandie. ",,8.6
836,3,Le Havre,11.3,4.73,0.98,5.59,Mercure Le Havre Centre Bassin Du Commerce,https://www.booking.com/hotel/fr/mercure-bassin-du-commerce.fr.html?aid=304142&label=gen173nr-1FCAQoggJCD3NlYXJjaF9sZSBoYXZyZUgNWARoTYgBAZgBDbgBCsgBBdgBAegBAfgBA4gCAagCA7gC7_-1wQbAAgHSAiRkNTk3MGFjNS03MGRhLTQzMjgtODM2OC1mNzhhN2E3N2RiZGTYAgXgAgE&ucfs=1&arphpl=1&group_adults=2&req_adults=2&no_rooms=1&group_children=0&req_children=0&hpos=15&hapos=15&sr_order=popularity&srpvid=67c434374b0402a3&srepoch=1747812336&from_sustainable_property_sr=1&from=searchresults,49.49033645268655,0.11681288480758668,"Le Mercure Le Havre Centre Bassin Du Commerce se trouve dans le centre-ville du Havre, en face du Bassin du Commerce et à proximité du port ferry. ",4.0,8.1
837,3,Le Havre,11.3,4.73,0.98,5.59,Résidence GABRIELLE,https://www.booking.com/hotel/fr/residence-gabrielle-le-havre.fr.html?aid=304142&label=gen173nr-1FCAQoggJCD3NlYXJjaF9sZSBoYXZyZUgNWARoTYgBAZgBDbgBCsgBBdgBAegBAfgBA4gCAagCA7gC7_-1wQbAAgHSAiRkNTk3MGFjNS03MGRhLTQzMjgtODM2OC1mNzhhN2E3N2RiZGTYAgXgAgE&ucfs=1&arphpl=1&group_adults=2&req_adults=2&no_rooms=1&group_children=0&req_children=0&hpos=13&hapos=13&sr_order=popularity&srpvid=67c434374b0402a3&srepoch=1747812336&from=searchresults,49.486017,0.1084245,"L’établissement Résidence GABRIELLE se situe au Havre, à respectivement 2 km et 700 mètres de ces lieux d’intérêt : Plage du Havre et Le Volcan. ",,8.8
838,3,Le Havre,11.3,4.73,0.98,5.59,Birgit Hôtel Le Havre Centre,https://www.booking.com/hotel/fr/kyriadlehavrecentre.fr.html?aid=304142&label=gen173nr-1FCAQoggJCD3NlYXJjaF9sZSBoYXZyZUgNWARoTYgBAZgBDbgBCsgBBdgBAegBAfgBA4gCAagCA7gC7_-1wQbAAgHSAiRkNTk3MGFjNS03MGRhLTQzMjgtODM2OC1mNzhhN2E3N2RiZGTYAgXgAgE&ucfs=1&arphpl=1&group_adults=2&req_adults=2&no_rooms=1&group_children=0&req_children=0&hpos=11&hapos=11&sr_order=popularity&srpvid=67c434374b0402a3&srepoch=1747812336&from=searchresults,49.49308920830414,0.13096153736114502,"Bienvenue à Birgit ! Pour visiter Le Havre, rien de mieux que de séjourner dans cet hôtel de 86 chambres entièrement rénové en 2022. ",3.0,8.3
839,3,Le Havre,11.3,4.73,0.98,5.59,Hotel Spa Le Pasino,https://www.booking.com/hotel/fr/pasino.fr.html?aid=304142&label=gen173nr-1FCAQoggJCD3NlYXJjaF9sZSBoYXZyZUgNWARoTYgBAZgBDbgBCsgBBdgBAegBAfgBA4gCAagCA7gC7_-1wQbAAgHSAiRkNTk3MGFjNS03MGRhLTQzMjgtODM2OC1mNzhhN2E3N2RiZGTYAgXgAgE&ucfs=1&arphpl=1&group_adults=2&req_adults=2&no_rooms=1&group_children=0&req_children=0&hpos=12&hapos=12&sr_order=popularity&srpvid=67c434374b0402a3&srepoch=1747812336&from=searchresults,49.49117449151481,0.11193662881851196,"Situé au cœur du Havre, l'Hotel Spa le Pasino dispose d'une piscine intérieure, d'un spa avec un sauna et d'un casino sur place. ",4.0,8.3
840,3,Le Havre,11.3,4.73,0.98,5.59,"The Originals Boutique, Hôtel d'Angleterre, Le Havre, centre, plage",https://www.booking.com/hotel/fr/comfort-d-angleterre.fr.html?aid=304142&label=gen173nr-1FCAQoggJCD3NlYXJjaF9sZSBoYXZyZUgNWARoTYgBAZgBDbgBCsgBBdgBAegBAfgBA4gCAagCA7gC7_-1wQbAAgHSAiRkNTk3MGFjNS03MGRhLTQzMjgtODM2OC1mNzhhN2E3N2RiZGTYAgXgAgE&ucfs=1&arphpl=1&group_adults=2&req_adults=2&no_rooms=1&group_children=0&req_children=0&hpos=10&hapos=10&sr_order=popularity&srpvid=67c434374b0402a3&srepoch=1747812336&from=searchresults,49.4940491518633,0.0993664562702179,"Le Boutique Hotel d’Angleterre Le Havre se trouve dans le centre-ville du Havre, à seulement 100 mètres de la mer, à côté du musée Malraux. ",3.0,7.7
841,3,Le Havre,11.3,4.73,0.98,5.59,Aparthotel Adagio Access Le Havre Les Docks,https://www.booking.com/hotel/fr/adagio-access-le-havre-les-docks.fr.html?aid=304142&label=gen173nr-1FCAQoggJCD3NlYXJjaF9sZSBoYXZyZUgNWARoTYgBAZgBDbgBCsgBBdgBAegBAfgBA4gCAagCA7gC7_-1wQbAAgHSAiRkNTk3MGFjNS03MGRhLTQzMjgtODM2OC1mNzhhN2E3N2RiZGTYAgXgAgE&ucfs=1&arphpl=1&group_adults=2&req_adults=2&no_rooms=1&group_children=0&req_children=0&hpos=8&hapos=8&sr_order=popularity&srpvid=67c434374b0402a3&srepoch=1747812336&from=searchresults,49.48741929210898,0.1315112120937556,"L'Aparthotel Adagio Access Le Havre Les Docks vous accueille au Havre, à 100 mètres du centre commercial Docks Vauban et à 3 km du centre-ville. ",3.0,8.7
842,3,Le Havre,11.3,4.73,0.98,5.59,Hilton Garden Inn Le Havre Centre,https://www.booking.com/hotel/fr/hilton-garden-inn-le-havre-centre.fr.html?aid=304142&label=gen173nr-1FCAQoggJCD3NlYXJjaF9sZSBoYXZyZUgNWARoTYgBAZgBDbgBCsgBBdgBAegBAfgBA4gCAagCA7gC7_-1wQbAAgHSAiRkNTk3MGFjNS03MGRhLTQzMjgtODM2OC1mNzhhN2E3N2RiZGTYAgXgAgE&ucfs=1&arphpl=1&group_adults=2&req_adults=2&no_rooms=1&group_children=0&req_children=0&hpos=9&hapos=9&sr_order=popularity&srpvid=67c434374b0402a3&srepoch=1747812336&from_sustainable_property_sr=1&from=searchresults,49.49008699,0.097746957,"Situé en bord de mer, l’établissement Hilton Garden Inn Le Havre Centre propose des hébergements 4 étoiles au Havre. Il comprend une salle de sport, une terrasse et un restaurant. ",4.0,8.6
843,3,Le Havre,11.3,4.73,0.98,5.59,Premiere Classe Le Havre Centre-LES DOCKS,https://www.booking.com/hotel/fr/premiere-classe-le-havre-centre.fr.html?aid=304142&label=gen173nr-1FCAQoggJCD3NlYXJjaF9sZSBoYXZyZUgNWARoTYgBAZgBDbgBCsgBBdgBAegBAfgBA4gCAagCA7gC7_-1wQbAAgHSAiRkNTk3MGFjNS03MGRhLTQzMjgtODM2OC1mNzhhN2E3N2RiZGTYAgXgAgE&ucfs=1&arphpl=1&group_adults=2&req_adults=2&no_rooms=1&group_children=0&req_children=0&hpos=7&hapos=7&sr_order=popularity&srpvid=67c434374b0402a3&srepoch=1747812336&from=searchresults,49.49641693487313,0.15151233802873776,L’hôtel Premiere Classe Le Havre Centre-LES DOCKS bénéficie d’un emplacement idéal à proximité du stade Océane et des quais. ,2.0,8.1
844,3,Le Havre,11.3,4.73,0.98,5.59,"The Originals Boutique, Hôtel Le Marignan,Le Havre Centre Gare",https://www.booking.com/hotel/fr/la-baraka.fr.html?aid=304142&label=gen173nr-1FCAQoggJCD3NlYXJjaF9sZSBoYXZyZUgNWARoTYgBAZgBDbgBCsgBBdgBAegBAfgBA4gCAagCA7gC7_-1wQbAAgHSAiRkNTk3MGFjNS03MGRhLTQzMjgtODM2OC1mNzhhN2E3N2RiZGTYAgXgAgE&ucfs=1&arphpl=1&group_adults=2&req_adults=2&no_rooms=1&group_children=0&req_children=0&hpos=6&hapos=6&sr_order=popularity&srpvid=67c434374b0402a3&srepoch=1747812336&from=searchresults,49.4922790779481,0.12310802936554,"L’établissement The Originals Boutique, Hôtel Le Marignan, Le Havre Centre Gare se situe au Havre, à 2,3 km de ce lieu d’intérêt : Plage du Havre. ",3.0,8.0
845,3,Le Havre,11.3,4.73,0.98,5.59,"Hôtel Richelieu, Le Havre Centre-Ville, Perret",https://www.booking.com/hotel/fr/le-richelieu-le-havre.fr.html?aid=304142&label=gen173nr-1FCAQoggJCD3NlYXJjaF9sZSBoYXZyZUgNWARoTYgBAZgBDbgBCsgBBdgBAegBAfgBA4gCAagCA7gC7_-1wQbAAgHSAiRkNTk3MGFjNS03MGRhLTQzMjgtODM2OC1mNzhhN2E3N2RiZGTYAgXgAgE&ucfs=1&arphpl=1&group_adults=2&req_adults=2&no_rooms=1&group_children=0&req_children=0&hpos=4&hapos=4&sr_order=popularity&srpvid=67c434374b0402a3&srepoch=1747812336&from=searchresults,49.48881104581307,0.10760217905044556,"Located between the town hall and the cathedral, Hôtel Richelieu, Le Havre Centre-Ville, Perret is located in the heart of Le Havre, just a 10-minute walk from the beach and 24 km from Honfleur. ",2.0,8.8
846,3,Le Havre,11.3,4.73,0.98,5.59,Appart Hotel Odalys City Le Havre Centre,https://www.booking.com/hotel/fr/odalys-city-le-havre-centre-gare.fr.html?aid=304142&label=gen173nr-1FCAQoggJCD3NlYXJjaF9sZSBoYXZyZUgNWARoTYgBAZgBDbgBCsgBBdgBAegBAfgBA4gCAagCA7gC7_-1wQbAAgHSAiRkNTk3MGFjNS03MGRhLTQzMjgtODM2OC1mNzhhN2E3N2RiZGTYAgXgAgE&ucfs=1&arphpl=1&group_adults=2&req_adults=2&no_rooms=1&group_children=0&req_children=0&hpos=5&hapos=5&sr_order=popularity&srpvid=67c434374b0402a3&srepoch=1747812336&from=searchresults,49.491908082817,0.123161788885,"L’établissement Appart Hotel Odalys City Le Havre Centre vous accueille au Havre, à proximité de ces lieux d’intérêt : Le Volcan, Église Saint-Michel et Église Saint-Joseph du Havre. ",4.0,8.5
847,3,Le Havre,11.3,4.73,0.98,5.59,ibis Le Havre Centre,https://www.booking.com/hotel/fr/hotelibislehavre.fr.html?aid=304142&label=gen173nr-1FCAQoggJCD3NlYXJjaF9sZSBoYXZyZUgNWARoTYgBAZgBDbgBCsgBBdgBAegBAfgBA4gCAagCA7gC7_-1wQbAAgHSAiRkNTk3MGFjNS03MGRhLTQzMjgtODM2OC1mNzhhN2E3N2RiZGTYAgXgAgE&ucfs=1&arphpl=1&group_adults=2&req_adults=2&no_rooms=1&group_children=0&req_children=0&hpos=3&hapos=3&sr_order=popularity&srpvid=67c434374b0402a3&srepoch=1747812336&from_sustainable_property_sr=1&from=searchresults,49.4916414175279,0.11876016855239868,"L'ibis Le Havre Centre est situé dans le centre-ville du Havre, à proximité de la gare SNCF, du port ferry et du centre du commerce international. Une connexion Wi-Fi gratuite est disponible. ",3.0,8.1
848,3,Le Havre,11.3,4.73,0.98,5.59,All Suites Appart Hotel Le Havre,https://www.booking.com/hotel/fr/all-suites-appart-le-havre.fr.html?aid=304142&label=gen173nr-1FCAQoggJCD3NlYXJjaF9sZSBoYXZyZUgNWARoTYgBAZgBDbgBCsgBBdgBAegBAfgBA4gCAagCA7gC7_-1wQbAAgHSAiRkNTk3MGFjNS03MGRhLTQzMjgtODM2OC1mNzhhN2E3N2RiZGTYAgXgAgE&ucfs=1&arphpl=1&group_adults=2&req_adults=2&no_rooms=1&group_children=0&req_children=0&hpos=2&hapos=2&sr_order=popularity&srpvid=67c434374b0402a3&srepoch=1747812336&from_sustainable_property_sr=1&from=searchresults,49.488691,0.12592899999999999,"Situé au Havre, l’établissement All Suites Appart Hotel Le Havre possède une connexion Wi-Fi gratuite, un salon commun, une terrasse et un bar. ",3.0,8.5
849,3,Le Havre,11.3,4.73,0.98,5.59,Appart Hotel Odalys City Le Havre Les Docks,https://www.booking.com/hotel/fr/odalys-city-le-havre-centre-les-docks.fr.html?aid=304142&label=gen173nr-1FCAQoggJCD3NlYXJjaF9sZSBoYXZyZUgNWARoTYgBAZgBDbgBCsgBBdgBAegBAfgBA4gCAagCA7gC7_-1wQbAAgHSAiRkNTk3MGFjNS03MGRhLTQzMjgtODM2OC1mNzhhN2E3N2RiZGTYAgXgAgE&ucfs=1&arphpl=1&group_adults=2&req_adults=2&no_rooms=1&group_children=0&req_children=0&hpos=1&hapos=1&sr_order=popularity&srpvid=67c434374b0402a3&srepoch=1747812336&from=searchresults,49.4925039,0.129779,"L’établissement Appart Hotel Odalys City Le Havre Les Docks se trouve au Havre, à respectivement 2,9 km et 2,4 km de ces lieux d’intérêt : Plage du Havre et Église Saint-Joseph du Havre. ",3.0,8.6
850,2,Bayeux,10.83,5.82,0.98,4.03,le nid cosy,https://www.booking.com/hotel/fr/le-nid-cosy-bayeux.fr.html?aid=304142&label=gen173nr-1FCAQoggJCDXNlYXJjaF9iYXlldXhIDVgEaE2IAQGYAQ24AQrIAQXYAQHoAQH4AQOIAgGoAgO4Au__tcEGwAIB0gIkNDg3Mjk4ODAtMzY2ZS00NTU3LTgyYjMtMDZkZDYyM2EyYTlj2AIF4AIB&ucfs=1&arphpl=1&group_adults=2&req_adults=2&no_rooms=1&group_children=0&req_children=0&hpos=23&hapos=23&sr_order=popularity&srpvid=96f33437cad40866&srepoch=1747812336&from=searchresults,49.2763673,-0.7029259,Hébergement géré par un particulier,,9.0
851,2,Bayeux,10.83,5.82,0.98,4.03,Domitys Les Falaises Blanches,https://www.booking.com/hotel/fr/domitys-les-falaises-blanches.fr.html?aid=304142&label=gen173nr-1FCAQoggJCDXNlYXJjaF9iYXlldXhIDVgEaE2IAQGYAQ24AQrIAQXYAQHoAQH4AQOIAgGoAgO4Au__tcEGwAIB0gIkNDg3Mjk4ODAtMzY2ZS00NTU3LTgyYjMtMDZkZDYyM2EyYTlj2AIF4AIB&ucfs=1&arphpl=1&group_adults=2&req_adults=2&no_rooms=1&group_children=0&req_children=0&hpos=25&hapos=25&sr_order=popularity&srpvid=96f33437cad40866&srepoch=1747812336&from=searchresults,49.2791367116969,-0.7204249351343606,Le Domitys Les Falaises Blanches vous accueille à 2 km du centre-ville de Bayeux et à 9 km de la plage. ,,8.6
852,2,Bayeux,10.83,5.82,0.98,4.03,"Apt duplex ou plain pied tout confort plein centre ville Bayeux proche commerces, restaurants, avec terrasse privative ou jardin commun aménagé clos, parking gratuit à proximité, proche plages du débarquement",https://www.booking.com/hotel/fr/immolidays.fr.html?aid=304142&label=gen173nr-1FCAQoggJCDXNlYXJjaF9iYXlldXhIDVgEaE2IAQGYAQ24AQrIAQXYAQHoAQH4AQOIAgGoAgO4Au__tcEGwAIB0gIkNDg3Mjk4ODAtMzY2ZS00NTU3LTgyYjMtMDZkZDYyM2EyYTlj2AIF4AIB&ucfs=1&arphpl=1&group_adults=2&req_adults=2&no_rooms=1&group_children=0&req_children=0&hpos=22&hapos=22&sr_order=popularity&srpvid=96f33437cad40866&srepoch=1747812336&from=searchresults,49.279055345717914,-0.7085620611360355,Hébergement géré par un particulier,,8.0
853,2,Bayeux,10.83,5.82,0.98,4.03,City Break by Melrose,https://www.booking.com/hotel/fr/city-break-by-melrose.fr.html?aid=304142&label=gen173nr-1FCAQoggJCDXNlYXJjaF9iYXlldXhIDVgEaE2IAQGYAQ24AQrIAQXYAQHoAQH4AQOIAgGoAgO4Au__tcEGwAIB0gIkNDg3Mjk4ODAtMzY2ZS00NTU3LTgyYjMtMDZkZDYyM2EyYTlj2AIF4AIB&ucfs=1&arphpl=1&group_adults=2&req_adults=2&no_rooms=1&group_children=0&req_children=0&hpos=21&hapos=21&sr_order=popularity&srpvid=96f33437cad40866&srepoch=1747812336&from=searchresults,49.2771217,-0.7026007999999999,"L’hébergement City Break by Melrose vous accueille à Bayeux, à respectivement 200 mètres, 500 mètres et 300 mètres de ces lieux d’intérêt : Musée d'art et d'histoire Baron Gérard, Musée de la...",,8.7
854,2,Bayeux,10.83,5.82,0.98,4.03,L'AURE BLEUE,https://www.booking.com/hotel/fr/l-39-aure-bleue.fr.html?aid=304142&label=gen173nr-1FCAQoggJCDXNlYXJjaF9iYXlldXhIDVgEaE2IAQGYAQ24AQrIAQXYAQHoAQH4AQOIAgGoAgO4Au__tcEGwAIB0gIkNDg3Mjk4ODAtMzY2ZS00NTU3LTgyYjMtMDZkZDYyM2EyYTlj2AIF4AIB&ucfs=1&arphpl=1&group_adults=2&req_adults=2&no_rooms=1&group_children=0&req_children=0&hpos=24&hapos=24&sr_order=popularity&srpvid=96f33437cad40866&srepoch=1747812336&from=searchresults,49.2772596,-0.699284000000034,Hébergement géré par un particulier,4.0,9.0
855,2,Bayeux,10.83,5.82,0.98,4.03,Le Grand Arbre,https://www.booking.com/hotel/fr/le-grand-arbre.fr.html?aid=304142&label=gen173nr-1FCAQoggJCDXNlYXJjaF9iYXlldXhIDVgEaE2IAQGYAQ24AQrIAQXYAQHoAQH4AQOIAgGoAgO4Au__tcEGwAIB0gIkNDg3Mjk4ODAtMzY2ZS00NTU3LTgyYjMtMDZkZDYyM2EyYTlj2AIF4AIB&ucfs=1&arphpl=1&group_adults=2&req_adults=2&no_rooms=1&group_children=0&req_children=0&hpos=20&hapos=20&sr_order=popularity&srpvid=96f33437cad40866&srepoch=1747812336&from=searchresults,49.273359,-0.690543299999945,Hébergement géré par un particulier,,9.6
856,2,Bayeux,10.83,5.82,0.98,4.03,Le Petit Matin,https://www.booking.com/hotel/fr/le-petit-matin.fr.html?aid=304142&label=gen173nr-1FCAQoggJCDXNlYXJjaF9iYXlldXhIDVgEaE2IAQGYAQ24AQrIAQXYAQHoAQH4AQOIAgGoAgO4Au__tcEGwAIB0gIkNDg3Mjk4ODAtMzY2ZS00NTU3LTgyYjMtMDZkZDYyM2EyYTlj2AIF4AIB&ucfs=1&arphpl=1&group_adults=2&req_adults=2&no_rooms=1&group_children=0&req_children=0&hpos=19&hapos=19&sr_order=popularity&srpvid=96f33437cad40866&srepoch=1747812336&from=searchresults,49.27606133430732,-0.7090553641319275,Cette maison d'hôtes occupe un bâtiment du XVIIIème siècle dans le quartier historique de Bayeux. ,,9.5
857,2,Bayeux,10.83,5.82,0.98,4.03,Le Manoir des Doyens,https://www.booking.com/hotel/fr/le-manoir-des-doyens.fr.html?aid=304142&label=gen173nr-1FCAQoggJCDXNlYXJjaF9iYXlldXhIDVgEaE2IAQGYAQ24AQrIAQXYAQHoAQH4AQOIAgGoAgO4Au__tcEGwAIB0gIkNDg3Mjk4ODAtMzY2ZS00NTU3LTgyYjMtMDZkZDYyM2EyYTlj2AIF4AIB&ucfs=1&arphpl=1&group_adults=2&req_adults=2&no_rooms=1&group_children=0&req_children=0&hpos=18&hapos=18&sr_order=popularity&srpvid=96f33437cad40866&srepoch=1747812336&from=searchresults,49.2661686294152,-0.71424275636673,"Situé à Saint-Loup-Hors, à 20 minutes à pied du centre de Bayeaux, l'établissement Le Manoir des Doyens occupe un bâtiment historique qui appartenait autrefois à la cathédrale du Doyen de Bayeux. ",,9.1
858,2,Bayeux,10.83,5.82,0.98,4.03,Le Petit Malo,https://www.booking.com/hotel/fr/le-petit-malo.fr.html?aid=304142&label=gen173nr-1FCAQoggJCDXNlYXJjaF9iYXlldXhIDVgEaE2IAQGYAQ24AQrIAQXYAQHoAQH4AQOIAgGoAgO4Au__tcEGwAIB0gIkNDg3Mjk4ODAtMzY2ZS00NTU3LTgyYjMtMDZkZDYyM2EyYTlj2AIF4AIB&ucfs=1&arphpl=1&group_adults=2&req_adults=2&no_rooms=1&group_children=0&req_children=0&hpos=17&hapos=17&sr_order=popularity&srpvid=96f33437cad40866&srepoch=1747812336&from=searchresults,49.2777066,-0.7041198,Hébergement géré par un particulier,4.0,9.6
859,2,Bayeux,10.83,5.82,0.98,4.03,Le Castel Guesthouse,https://www.booking.com/hotel/fr/le-castel-noble-guesthouse.fr.html?aid=304142&label=gen173nr-1FCAQoggJCDXNlYXJjaF9iYXlldXhIDVgEaE2IAQGYAQ24AQrIAQXYAQHoAQH4AQOIAgGoAgO4Au__tcEGwAIB0gIkNDg3Mjk4ODAtMzY2ZS00NTU3LTgyYjMtMDZkZDYyM2EyYTlj2AIF4AIB&ucfs=1&arphpl=1&group_adults=2&req_adults=2&no_rooms=1&group_children=0&req_children=0&hpos=16&hapos=16&sr_order=popularity&srpvid=96f33437cad40866&srepoch=1747812336&from=searchresults,49.27368314430212,-0.7032269239425659,"La maison d'hôtes Le Castel Guesthouse est située au cœur de la ville médiévale de Bayeux, à mi-chemin entre la gare, la cathédrale et le musée de la Tapisserie. ",,8.6
860,2,Bayeux,10.83,5.82,0.98,4.03,Chambre d'hôtes Logis de Saint Jean,https://www.booking.com/hotel/fr/logis-de-saint-jean.fr.html?aid=304142&label=gen173nr-1FCAQoggJCDXNlYXJjaF9iYXlldXhIDVgEaE2IAQGYAQ24AQrIAQXYAQHoAQH4AQOIAgGoAgO4Au__tcEGwAIB0gIkNDg3Mjk4ODAtMzY2ZS00NTU3LTgyYjMtMDZkZDYyM2EyYTlj2AIF4AIB&ucfs=1&arphpl=1&group_adults=2&req_adults=2&no_rooms=1&group_children=0&req_children=0&hpos=15&hapos=15&sr_order=popularity&srpvid=96f33437cad40866&srepoch=1747812336&from=searchresults,49.27600708695382,-0.6982836127281189,L’établissement Chambre d'hôtes Logis de Saint Jean se situe à 300 mètres de ce lieu d’intérêt : Musée de la Tapisserie de Bayeux. ,,8.9
861,2,Bayeux,10.83,5.82,0.98,4.03,Le P'tit Croissant,https://www.booking.com/hotel/fr/le-p-tit-croissant.fr.html?aid=304142&label=gen173nr-1FCAQoggJCDXNlYXJjaF9iYXlldXhIDVgEaE2IAQGYAQ24AQrIAQXYAQHoAQH4AQOIAgGoAgO4Au__tcEGwAIB0gIkNDg3Mjk4ODAtMzY2ZS00NTU3LTgyYjMtMDZkZDYyM2EyYTlj2AIF4AIB&ucfs=1&arphpl=1&group_adults=2&req_adults=2&no_rooms=1&group_children=0&req_children=0&hpos=14&hapos=14&sr_order=popularity&srpvid=96f33437cad40866&srepoch=1747812336&from=searchresults,49.276309904443,-0.699251303705,Hébergement géré par un particulier,,9.3
862,2,Bayeux,10.83,5.82,0.98,4.03,Le Clos de la Chapelle Bayeux,https://www.booking.com/hotel/fr/le-clos-de-la-chapelle-bayeux-bayeux.fr.html?aid=304142&label=gen173nr-1FCAQoggJCDXNlYXJjaF9iYXlldXhIDVgEaE2IAQGYAQ24AQrIAQXYAQHoAQH4AQOIAgGoAgO4Au__tcEGwAIB0gIkNDg3Mjk4ODAtMzY2ZS00NTU3LTgyYjMtMDZkZDYyM2EyYTlj2AIF4AIB&ucfs=1&arphpl=1&group_adults=2&req_adults=2&no_rooms=1&group_children=0&req_children=0&hpos=12&hapos=12&sr_order=popularity&srpvid=96f33437cad40866&srepoch=1747812336&from=searchresults,49.2763363,-0.6998627,"L’établissement Le Clos de la Chapelle Bayeux se trouve à Bayeux, à respectivement 300 mètres et 400 mètres de ces lieux d’intérêt : Musée de la Tapisserie de Bayeux et Musée d'art et d'histoire Baron...",,9.5
863,2,Bayeux,10.83,5.82,0.98,4.03,Hôtel De Brunville & Spa,https://www.booking.com/hotel/fr/hoteldebrunville.fr.html?aid=304142&label=gen173nr-1FCAQoggJCDXNlYXJjaF9iYXlldXhIDVgEaE2IAQGYAQ24AQrIAQXYAQHoAQH4AQOIAgGoAgO4Au__tcEGwAIB0gIkNDg3Mjk4ODAtMzY2ZS00NTU3LTgyYjMtMDZkZDYyM2EyYTlj2AIF4AIB&ucfs=1&arphpl=1&group_adults=2&req_adults=2&no_rooms=1&group_children=0&req_children=0&hpos=13&hapos=13&sr_order=popularity&srpvid=96f33437cad40866&srepoch=1747812336&from=searchresults,49.27815768633019,-0.7035139203071594,"Situé à seulement 400 mètres de la cathédrale de Bayeux, l’Hôtel De Brunville & Spa propose une piscine extérieure chauffée et un jacuzzi accessibles toute l'année. ",3.0,8.1
864,2,Bayeux,10.83,5.82,0.98,4.03,Le Declic,https://www.booking.com/hotel/fr/le-mogador-bayeux.fr.html?aid=304142&label=gen173nr-1FCAQoggJCDXNlYXJjaF9iYXlldXhIDVgEaE2IAQGYAQ24AQrIAQXYAQHoAQH4AQOIAgGoAgO4Au__tcEGwAIB0gIkNDg3Mjk4ODAtMzY2ZS00NTU3LTgyYjMtMDZkZDYyM2EyYTlj2AIF4AIB&ucfs=1&arphpl=1&group_adults=2&req_adults=2&no_rooms=1&group_children=0&req_children=0&hpos=11&hapos=11&sr_order=popularity&srpvid=96f33437cad40866&srepoch=1747812336&from=searchresults,49.27933593079586,-0.7070561004303499,"L'établissement Le Declic est situé à Bayeux, à 100 mètres de la cathédrale Notre-Dame de Bayeux et à 15 km de la plage d'Omaha. ",2.0,8.4
865,2,Bayeux,10.83,5.82,0.98,4.03,Manoir Sainte Victoire,https://www.booking.com/hotel/fr/manoir-sainte-victoire.fr.html?aid=304142&label=gen173nr-1FCAQoggJCDXNlYXJjaF9iYXlldXhIDVgEaE2IAQGYAQ24AQrIAQXYAQHoAQH4AQOIAgGoAgO4Au__tcEGwAIB0gIkNDg3Mjk4ODAtMzY2ZS00NTU3LTgyYjMtMDZkZDYyM2EyYTlj2AIF4AIB&ucfs=1&arphpl=1&group_adults=2&req_adults=2&no_rooms=1&group_children=0&req_children=0&hpos=9&hapos=9&sr_order=popularity&srpvid=96f33437cad40866&srepoch=1747812336&from=searchresults,49.2764917090797,-0.705759599804878,"L’établissement Manoir Sainte Victoire se situe à Bayeux, à respectivement 200 mètres et 200 mètres de ces lieux d’intérêt : Musée d'art et d'histoire Baron Gérard et Cathédrale Notre-Dame de Bayeux. ",,9.6
866,2,Bayeux,10.83,5.82,0.98,4.03,Villa Des Ursulines,https://www.booking.com/hotel/fr/appartement-des-ursulines.fr.html?aid=304142&label=gen173nr-1FCAQoggJCDXNlYXJjaF9iYXlldXhIDVgEaE2IAQGYAQ24AQrIAQXYAQHoAQH4AQOIAgGoAgO4Au__tcEGwAIB0gIkNDg3Mjk4ODAtMzY2ZS00NTU3LTgyYjMtMDZkZDYyM2EyYTlj2AIF4AIB&ucfs=1&arphpl=1&group_adults=2&req_adults=2&no_rooms=1&group_children=0&req_children=0&hpos=10&hapos=10&sr_order=popularity&srpvid=96f33437cad40866&srepoch=1747812336&from=searchresults,49.27646774792992,-0.7055658153442437,Hébergement géré par un particulier,,8.3
867,2,Bayeux,10.83,5.82,0.98,4.03,Campanile Bayeux,https://www.booking.com/hotel/fr/campanile-bayeux.fr.html?aid=304142&label=gen173nr-1FCAQoggJCDXNlYXJjaF9iYXlldXhIDVgEaE2IAQGYAQ24AQrIAQXYAQHoAQH4AQOIAgGoAgO4Au__tcEGwAIB0gIkNDg3Mjk4ODAtMzY2ZS00NTU3LTgyYjMtMDZkZDYyM2EyYTlj2AIF4AIB&ucfs=1&arphpl=1&group_adults=2&req_adults=2&no_rooms=1&group_children=0&req_children=0&hpos=8&hapos=8&sr_order=popularity&srpvid=96f33437cad40866&srepoch=1747812336&from=searchresults,49.2699992608787,-0.7069498300552368,"Situé dans un quartier paisible à l'extérieur du centre de Bayeux, le charmant Campanile Bayeux propose des chambres avec salle de bains privative et connexion Wi-Fi gratuite. ",3.0,7.8
868,2,Bayeux,10.83,5.82,0.98,4.03,Hotel Reine Mathilde,https://www.booking.com/hotel/fr/reine-mathilde-bayeux.fr.html?aid=304142&label=gen173nr-1FCAQoggJCDXNlYXJjaF9iYXlldXhIDVgEaE2IAQGYAQ24AQrIAQXYAQHoAQH4AQOIAgGoAgO4Au__tcEGwAIB0gIkNDg3Mjk4ODAtMzY2ZS00NTU3LTgyYjMtMDZkZDYyM2EyYTlj2AIF4AIB&ucfs=1&arphpl=1&group_adults=2&req_adults=2&no_rooms=1&group_children=0&req_children=0&hpos=7&hapos=7&sr_order=popularity&srpvid=96f33437cad40866&srepoch=1747812336&from=searchresults,49.276031585766006,-0.7017248868942261,"L'hôtel Reine Mathilde se situe dans le quartier médiéval de Bayeux, à seulement 300 mètres du musée de la Tapisserie. ",2.0,8.6
869,2,Bayeux,10.83,5.82,0.98,4.03,Tiny house au cœur de Bayeux,https://www.booking.com/hotel/fr/tiny-house-au-coeur-de-bayeux.fr.html?aid=304142&label=gen173nr-1FCAQoggJCDXNlYXJjaF9iYXlldXhIDVgEaE2IAQGYAQ24AQrIAQXYAQHoAQH4AQOIAgGoAgO4Au__tcEGwAIB0gIkNDg3Mjk4ODAtMzY2ZS00NTU3LTgyYjMtMDZkZDYyM2EyYTlj2AIF4AIB&ucfs=1&arphpl=1&group_adults=2&req_adults=2&no_rooms=1&group_children=0&req_children=0&hpos=6&hapos=6&sr_order=popularity&srpvid=96f33437cad40866&srepoch=1747812336&from=searchresults,49.2755584,-0.6992038,Hébergement géré par un particulier,,9.7
870,2,Bayeux,10.83,5.82,0.98,4.03,Domaine de Bayeux,https://www.booking.com/hotel/fr/domaine-de-bayeux.fr.html?aid=304142&label=gen173nr-1FCAQoggJCDXNlYXJjaF9iYXlldXhIDVgEaE2IAQGYAQ24AQrIAQXYAQHoAQH4AQOIAgGoAgO4Au__tcEGwAIB0gIkNDg3Mjk4ODAtMzY2ZS00NTU3LTgyYjMtMDZkZDYyM2EyYTlj2AIF4AIB&ucfs=1&arphpl=1&group_adults=2&req_adults=2&no_rooms=1&group_children=0&req_children=0&hpos=5&hapos=5&sr_order=popularity&srpvid=96f33437cad40866&srepoch=1747812336&from=searchresults,49.27232559999999,-0.6985101000000213,Le Domaine de Bayeux occupe une maison du XVIIIe siècle avec un parc arboré dans le centre de Bayeux. ,3.0,9.2
871,2,Bayeux,10.83,5.82,0.98,4.03,Premiere Classe Bayeux,https://www.booking.com/hotel/fr/premiere-classe-bayeux.fr.html?aid=304142&label=gen173nr-1FCAQoggJCDXNlYXJjaF9iYXlldXhIDVgEaE2IAQGYAQ24AQrIAQXYAQHoAQH4AQOIAgGoAgO4Au__tcEGwAIB0gIkNDg3Mjk4ODAtMzY2ZS00NTU3LTgyYjMtMDZkZDYyM2EyYTlj2AIF4AIB&ucfs=1&arphpl=1&group_adults=2&req_adults=2&no_rooms=1&group_children=0&req_children=0&hpos=4&hapos=4&sr_order=popularity&srpvid=96f33437cad40866&srepoch=1747812336&from=searchresults,49.269428715614055,-0.7066869735717773,"Cet hôtel Première Classe se trouve à seulement 5 minutes en voiture de la route N13, en périphérie de Bayeux. Les chambres disposent de la climatisation et d’une connexion Wi-Fi gratuite. ",2.0,7.5
872,2,Bayeux,10.83,5.82,0.98,4.03,Gites les Pourquoi Pas - Résidence de Tourisme DSV Bayeux,https://www.booking.com/hotel/fr/gites-les-pourquoi-pas-residence-de-tourisme-dsv-bayeux.fr.html?aid=304142&label=gen173nr-1FCAQoggJCDXNlYXJjaF9iYXlldXhIDVgEaE2IAQGYAQ24AQrIAQXYAQHoAQH4AQOIAgGoAgO4Au__tcEGwAIB0gIkNDg3Mjk4ODAtMzY2ZS00NTU3LTgyYjMtMDZkZDYyM2EyYTlj2AIF4AIB&ucfs=1&arphpl=1&group_adults=2&req_adults=2&no_rooms=1&group_children=0&req_children=0&hpos=3&hapos=3&sr_order=popularity&srpvid=96f33437cad40866&srepoch=1747812336&from=searchresults,49.2815226,-0.7081344,"Proposant une connexion Wi-Fi gratuite et des hébergements avec vue sur la ville, l’établissement Gites les Pourquoi Pas - Résidence de Tourisme DSV Bayeux bénéficie d’un emplacement idéal à Bayeux, à...",,9.1
873,2,Bayeux,10.83,5.82,0.98,4.03,B&B Nathalie,https://www.booking.com/hotel/fr/imagine-bayeux.fr.html?aid=304142&label=gen173nr-1FCAQoggJCDXNlYXJjaF9iYXlldXhIDVgEaE2IAQGYAQ24AQrIAQXYAQHoAQH4AQOIAgGoAgO4Au__tcEGwAIB0gIkNDg3Mjk4ODAtMzY2ZS00NTU3LTgyYjMtMDZkZDYyM2EyYTlj2AIF4AIB&ucfs=1&arphpl=1&group_adults=2&req_adults=2&no_rooms=1&group_children=0&req_children=0&hpos=2&hapos=2&sr_order=popularity&srpvid=96f33437cad40866&srepoch=1747812336&from=searchresults,49.276465,-0.706367,"Situé à Bayeux et offrant une vue sur la ville, l’établissement B&B Nathalie propose un salon commun et une terrasse. Une connexion Wi-Fi gratuite est disponible. ",,9.5
874,2,Bayeux,10.83,5.82,0.98,4.03,"Les chats pitres Maison au calme rénovée avec jardin, abri à vélo, parking gratuit, 5 mn à pied du centre Bayeux proche des plages du débarquement",https://www.booking.com/hotel/fr/house-with-garden-5-mins-walk-to-bayeux-center.fr.html?aid=304142&label=gen173nr-1FCAQoggJCDXNlYXJjaF9iYXlldXhIDVgEaE2IAQGYAQ24AQrIAQXYAQHoAQH4AQOIAgGoAgO4Au__tcEGwAIB0gIkNDg3Mjk4ODAtMzY2ZS00NTU3LTgyYjMtMDZkZDYyM2EyYTlj2AIF4AIB&ucfs=1&arphpl=1&group_adults=2&req_adults=2&no_rooms=1&group_children=0&req_children=0&hpos=1&hapos=1&sr_order=popularity&srpvid=96f33437cad40866&srepoch=1747812336&from=searchresults,49.2746733,-0.6940543,Hébergement géré par un particulier,,9.1
